uid	username	year	nodes	nodes_created	cur nodes	blankcount	count	v1count
1025819	06Ivonne	2012-11-01	19	19	18	0	19	19
2538500	21Dirham	2014-12-01	5664	3550	5130	0	5664	3550
2538500	21Dirham	2015-01-01	1118	694	1024	0	1118	694
913483	51face	2012-09-01	0	1	0	0	1	1
686074	@aurizasalim	2013-07-01	1480	1333	1266	0	1480	1333
2222790	AMYunus	2014-07-01	9	9	8	0	9	9
2050916	AOOSP	2014-04-01	30	30	29	0	30	30
459638	APS2201	2011-05-01	2	2	2	0	3	2
459638	APS2201	2011-07-01	19	12	10	0	20	12
2340285	Aan Agustin	2014-09-01	8	8	7	0	8	8
2519331	Abhirama17	2014-12-01	21	21	20	0	21	21
1830404	Ac Anwar	2013-12-01	5	5	4	0	5	5
617246	Adhitya Dido	2012-03-01	179	179	156	0	179	179
617230	Adi Maulana	2012-03-01	428	395	422	0	428	395
617230	Adi Maulana	2014-09-01	4	4	3	0	4	4
617230	Adi Maulana	2014-11-01	2389	1861	2164	0	2389	1861
617230	Adi Maulana	2014-12-01	2893	2268	2750	0	2893	2268
775733	Adi Prasetya	2012-08-01	0	0	0	0	1	0
2343231	Aditya Kresna	2014-09-01	4	4	3	0	4	4
455164	Adityo	2011-05-01	21	20	5	0	21	20
455164	Adityo	2012-07-01	797	780	477	0	797	780
455164	Adityo	2012-09-01	641	631	629	0	642	631
455164	Adityo	2012-11-01	14	11	10	0	14	11
455164	Adityo	2013-03-01	124	65	114	0	124	65
455164	Adityo	2013-04-01	1188	405	1156	0	1188	405
455164	Adityo	2013-09-01	207	84	186	0	207	84
455164	Adityo	2013-10-01	574	434	546	0	574	434
455164	Adityo	2013-11-01	7	0	4	0	8	0
455164	Adityo	2014-02-01	4	4	3	0	4	4
455164	Adityo	2014-04-01	4	4	2	0	4	4
455164	Adityo	2014-05-01	1818	1793	1813	0	1818	1793
455164	Adityo	2014-08-01	175	171	105	0	176	171
455164	Adityo	2014-09-01	2421	621	2385	0	2421	621
455164	Adityo	2014-10-01	42	0	29	0	42	0
455164	Adityo	2014-11-01	3	3	1	0	3	3
455164	Adityo	2015-01-01	10	10	9	0	10	10
1223440	Ady M	2013-02-01	2	1	1	0	2	1
1830419	Agung Wibowo	2013-12-01	26	15	19	0	26	15
1738397	Akbar Gumbira	2013-09-01	8	8	8	0	9	8
1959998	Akbarecht	2014-03-01	16	16	15	0	16	16
1794697	AlBanna	2013-11-01	123	103	121	0	123	103
1794697	AlBanna	2014-10-01	2	0	1	0	2	0
3095	Alan	2014-04-01	4	4	3	0	4	4
85218	Aleks-Berlin	2014-10-01	0	0	0	0	1	0
497977	Alex Graves	2011-07-01	9	9	7	0	9	9
538459	Alex Rollin	2012-03-01	3	0	0	0	0	0
538459	Alex Rollin	2012-04-01	171	162	110	1	176	162
538459	Alex Rollin	2012-05-01	175	110	135	3	176	110
538459	Alex Rollin	2012-06-01	5067	4795	4498	60	5068	4795
538459	Alex Rollin	2012-10-01	1697	1625	1653	0	1697	1625
538459	Alex Rollin	2012-11-01	331	224	329	0	331	224
538459	Alex Rollin	2013-01-01	5971	5665	5864	0	5972	5665
538459	Alex Rollin	2013-02-01	3146	2875	3022	0	3146	2875
538459	Alex Rollin	2013-04-01	185	146	184	0	185	146
538459	Alex Rollin	2013-07-01	270	5	269	0	270	5
538459	Alex Rollin	2013-09-01	2269	2249	2230	5	2269	2249
538459	Alex Rollin	2013-12-01	166	127	134	0	166	127
538459	Alex Rollin	2014-01-01	1570	1476	1564	1	1570	1476
538459	Alex Rollin	2014-08-01	1	1	0	0	1	1
149097	AlexanderF	2010-02-01	0	0	0	0	1	0
303146	Aliem	2010-06-01	2	2	1	0	2	2
1518277	Alir Air	2013-06-01	6707	5453	6362	0	6707	5453
1518277	Alir Air	2013-07-01	1057	540	950	0	1057	540
1518277	Alir Air	2013-08-01	5	2	3	0	5	2
1518277	Alir Air	2013-09-01	106	92	103	0	106	92
1061933	Aman_28	2012-11-01	308	206	293	0	308	206
1893850	Aminos Place	2014-01-01	1	0	0	0	1	0
1620247	Anang Supraba	2013-07-01	1	1	0	0	1	1
1297845	Andi Wangsadijaya	2013-03-01	13	10	11	0	13	10
31231	Andre68	2013-03-01	29	4	26	0	29	4
402883	Andreas G	2012-11-01	4	4	2	0	4	4
214969	AndrewBuck	2012-10-01	29	12	29	0	0	0
214969	AndrewBuck	2012-11-01	0	0	0	0	30	12
1807906	AngkotWebId	2013-11-01	308	291	306	0	309	291
2471316	AnibalRei	2014-11-01	4	4	3	0	4	4
1243736	AnnieMellan	2013-03-01	2490	2375	1656	0	2491	2375
2107864	Annisa Amelia	2014-10-01	1968	1942	1963	0	1968	1942
504412	Anom	2012-03-01	3550	3399	3020	0	3550	3399
504412	Anom	2012-04-01	2024	1786	1846	0	2024	1786
1819535	Anton Nurdin	2013-11-01	4	3	3	0	4	3
777030	Arby Ligia	2012-08-01	523	517	491	1	523	517
577511	Archipelagean	2011-12-01	189	185	159	2	189	185
617242	Arga Rifki	2012-03-01	825	585	749	0	825	585
1208055	Argana28	2013-01-01	71	65	61	0	71	65
1208055	Argana28	2013-05-01	16	16	15	0	16	16
2439001	Ari Matiur	2014-11-01	5	5	4	0	5	5
617245	Arie Feryanto	2012-03-01	424	422	256	0	425	422
1193936	Arif Diamanta	2013-01-01	24	9	17	0	25	9
1084210	Aritonang	2012-11-01	8	5	4	0	9	5
38066	ArjanO	2011-01-01	269	202	167	0	270	202
38066	ArjanO	2011-02-01	78	78	77	0	78	78
38066	ArjanO	2011-08-01	353	352	208	0	354	352
38066	ArjanO	2011-09-01	14	10	9	0	14	10
38066	ArjanO	2011-10-01	52	52	40	0	53	52
38066	ArjanO	2012-03-01	28	26	20	0	28	26
38066	ArjanO	2012-04-01	307	279	262	0	307	279
38066	ArjanO	2012-05-01	32	25	31	0	32	25
38066	ArjanO	2012-06-01	355	348	333	12	356	348
38066	ArjanO	2012-07-01	216	211	64	2	217	211
38066	ArjanO	2012-09-01	30	28	29	0	30	28
38066	ArjanO	2012-10-01	90	36	88	0	90	36
38066	ArjanO	2012-11-01	44	40	43	0	44	40
38066	ArjanO	2013-01-01	108	106	98	0	108	106
38066	ArjanO	2013-02-01	641	572	583	3	641	572
38066	ArjanO	2013-03-01	870	750	836	0	871	750
38066	ArjanO	2013-05-01	183	178	174	0	183	178
38066	ArjanO	2013-06-01	91	81	83	0	91	81
38066	ArjanO	2013-07-01	1	1	0	0	1	1
38066	ArjanO	2013-09-01	60	58	41	0	60	58
38066	ArjanO	2013-10-01	4	4	3	0	4	4
38066	ArjanO	2013-11-01	1	0	0	0	1	0
2131200	Arkka Dhiratara	2014-07-01	68	66	67	0	68	66
652760	Arleno	2012-04-01	1	1	1	0	2	1
2406843	Arumee	2014-10-01	22	22	21	0	22	22
167016	Ary Gunawan	2009-09-01	8	8	7	0	8	8
617250	Arya Sadewa	2012-03-01	857	829	635	2	858	829
617250	Arya Sadewa	2012-07-01	205	205	201	0	205	205
393277	Arz!!!	2011-01-01	47	36	33	2	47	36
1827536	Asri Permata	2013-12-01	7	8	4	0	8	8
1385805	Asrul Sani	2013-12-01	63	63	62	0	63	63
1385805	Asrul Sani	2014-01-01	234	196	202	0	235	196
1385805	Asrul Sani	2014-02-01	690	690	687	0	690	690
1385805	Asrul Sani	2014-12-01	14	14	13	0	14	14
1827425	AtikWidyastuti	2013-12-01	13	13	12	0	13	13
2071727	Aulia Latif	2014-05-01	21	21	20	0	21	21
90063	Ayah Fathimah	2009-12-01	146	76	65	2	147	76
90063	Ayah Fathimah	2010-01-01	836	727	741	2	837	727
90063	Ayah Fathimah	2010-05-01	133	109	113	0	133	109
90063	Ayah Fathimah	2010-06-01	46	46	45	0	46	46
464929	Bagoes	2011-06-01	0	1	0	0	1	1
1595428	Balancoire	2013-07-01	21	13	15	0	22	13
2139888	Ballacksave	2014-06-01	2	2	1	0	2	2
37109	Baruch	2009-06-01	0	0	0	0	1	0
1705820	Bayu Adi Styawan	2013-12-01	0	0	0	0	1	0
1705820	Bayu Adi Styawan	2014-01-01	7	4	2	0	7	4
1705820	Bayu Adi Styawan	2014-02-01	0	0	0	0	1	0
1705820	Bayu Adi Styawan	2014-04-01	1	0	0	0	1	0
1705820	Bayu Adi Styawan	2014-08-01	1	0	0	0	1	0
1705820	Bayu Adi Styawan	2014-10-01	356	255	348	0	356	255
1565495	Bayu Prasetyo	2013-06-01	58	39	55	0	58	39
1565495	Bayu Prasetyo	2013-07-01	827	100	781	0	827	100
1051584	Bedex	2014-08-01	30	17	28	0	30	17
80299	Bee	2008-11-01	366	0	22	0	367	0
80299	Bee	2009-01-01	267	0	29	0	268	0
2486203	Bela Buscent	2014-11-01	41	34	37	0	41	34
352655	BenjiDad	2014-02-01	84	71	79	0	84	71
352655	BenjiDad	2014-03-01	43	37	35	0	44	37
352655	BenjiDad	2014-09-01	125	105	123	0	125	105
326704	Bernhard Hiller	2012-02-01	3	3	2	1	3	3
3516	BiIbo	2010-08-01	11	0	10	0	11	0
1995977	Biondi	2014-03-01	17	17	16	0	17	17
1897217	Bitcoin Indonesia	2014-04-01	4	2	3	0	4	2
2131683	Biyan	2014-06-01	2	0	1	0	2	0
151670	BlueArrow	2010-12-01	1	1	0	1	1	1
2544680	Boy Haig R	2014-12-01	10	6	6	0	11	6
652909	Brama	2014-12-01	17	16	16	0	17	16
71195	BudiRustandi	2008-10-01	7275	1150	653	0	7276	1150
71195	BudiRustandi	2008-11-01	13403	2058	1569	8	13404	2058
71195	BudiRustandi	2008-12-01	361	108	69	2	362	108
166129	BugBuster	2009-09-01	4	0	3	0	4	0
483039	CITRA OCTAVIA	2011-07-01	33	33	28	0	33	33
2564413	CandraCEM	2015-01-01	4	4	3	0	4	4
633611	Cawang Jakarta Timur	2012-03-01	138	138	30	0	139	138
1765792	Cecep	2013-10-01	167	126	158	0	167	126
691966	Ceddy	2012-05-01	14	4	4	0	14	4
761241	Chairitha Rahmasani	2012-07-01	9	8	3	0	10	8
1717869	Che Bizarro	2014-02-01	37	7	36	0	37	7
1717869	Che Bizarro	2014-03-01	43	37	41	0	43	37
1717869	Che Bizarro	2014-05-01	2	1	1	0	2	1
1717869	Che Bizarro	2014-06-01	1	1	0	0	1	1
700783	ChristinaGriffin	2012-06-01	4	4	3	0	4	4
642220	Ciganjur	2012-03-01	170	170	169	0	170	170
1960054	Ciliwung Institute	2014-03-01	4	2	1	0	4	2
633620	Cipinang Cempedak	2012-03-01	371	370	370	0	371	370
1934295	Cipto	2014-02-01	16	10	15	0	16	10
18069	Claudius Henrichs	2010-10-01	13	0	5	0	13	0
18069	Claudius Henrichs	2010-11-01	0	0	0	0	1	0
18069	Claudius Henrichs	2014-01-01	4	0	3	0	4	0
2136130	CompilationSuccess	2014-06-01	27	14	24	0	27	14
2016523	D' Mad	2014-04-01	4	4	3	0	4	4
618864	Damkar	2012-03-01	35	35	35	0	36	35
1081599	DanceSignal	2012-11-01	3	1	1	0	4	1
77523	Danu	2008-11-01	3	3	2	2	3	3
77523	Danu	2009-05-01	29	26	24	0	29	26
77523	Danu	2009-07-01	66	65	48	0	66	65
77523	Danu	2012-10-01	30	14	24	0	30	14
77523	Danu	2013-04-01	97	81	90	0	97	81
723138	Dany Laksono	2013-04-01	12	0	11	0	12	0
2303045	DarkRider910	2014-09-01	5187	4229	4605	1	5187	4229
1533352	DaudHW	2013-06-01	503	422	475	0	503	422
1533352	DaudHW	2013-07-01	766	723	710	1	766	723
1533352	DaudHW	2013-08-01	253	246	252	0	253	246
1533352	DaudHW	2013-09-01	24	24	23	0	24	24
1533352	DaudHW	2014-02-01	30	30	29	0	30	30
1382466	DeNurie	2013-04-01	1255	1248	1236	0	1256	1248
629302	Dedy Kurniawan	2012-03-01	693	475	583	0	693	475
1240334	Deni Lukmanul Hakim	2013-02-01	3	2	2	0	3	2
617260	Denis Gangsar Nuari	2012-03-01	974	974	954	0	974	974
617260	Denis Gangsar Nuari	2012-08-01	536	530	401	0	536	530
531484	Desis	2011-10-01	81	72	19	0	81	72
615320	Dewi Sulistioningrum	2012-03-01	21863	21848	21286	1	21863	21848
615320	Dewi Sulistioningrum	2012-04-01	16597	16276	15173	0	16597	16276
615320	Dewi Sulistioningrum	2012-05-01	1959	1808	1852	0	1960	1808
615320	Dewi Sulistioningrum	2012-07-01	20	4	17	0	21	4
615320	Dewi Sulistioningrum	2012-09-01	164	157	151	0	165	157
615320	Dewi Sulistioningrum	2012-10-01	157	11	123	0	157	11
615320	Dewi Sulistioningrum	2012-11-01	742	740	729	0	742	740
615320	Dewi Sulistioningrum	2012-12-01	1120	883	1066	0	1120	883
615320	Dewi Sulistioningrum	2013-01-01	241	221	240	0	241	221
615320	Dewi Sulistioningrum	2013-02-01	275	163	148	0	275	163
615320	Dewi Sulistioningrum	2013-03-01	15	15	14	0	15	15
615320	Dewi Sulistioningrum	2013-04-01	961	954	956	0	961	954
615320	Dewi Sulistioningrum	2013-05-01	12	4	11	0	12	4
615320	Dewi Sulistioningrum	2013-10-01	506	237	466	0	506	237
615320	Dewi Sulistioningrum	2013-12-01	18	2	16	0	18	2
615320	Dewi Sulistioningrum	2014-04-01	79	7	70	0	79	7
615320	Dewi Sulistioningrum	2014-05-01	5378	5061	5339	0	5378	5061
615320	Dewi Sulistioningrum	2014-06-01	2	0	1	0	3	0
615320	Dewi Sulistioningrum	2014-07-01	13850	984	12832	0	13850	984
615320	Dewi Sulistioningrum	2014-08-01	872	129	856	0	872	129
615320	Dewi Sulistioningrum	2014-09-01	1191	52	1145	0	1191	52
615320	Dewi Sulistioningrum	2014-11-01	0	0	0	0	1	0
615320	Dewi Sulistioningrum	2014-12-01	2	0	0	0	2	0
615320	Dewi Sulistioningrum	2015-01-01	57	26	56	0	58	26
1960038	Dhurandhara	2014-03-01	4	4	3	0	4	4
2398966	Dias Widyosuwasto	2014-10-01	62	46	57	0	62	46
288461	DickSilent	2010-05-01	1	0	0	0	1	0
1976794	Didi NFI Mokoginta	2014-03-01	1	1	0	0	1	1
1700	Diego Guidotti	2012-05-01	914	902	912	0	914	902
2438992	Dimas Rizqi Dwiaji	2014-11-01	20	18	19	0	20	18
1734024	DimasIgnatius	2013-09-01	4	0	3	0	4	0
2214093	DimeDeviL	2014-07-01	7	7	6	0	7	7
63375	Divjo	2012-04-01	782	780	771	1	782	780
2254981	Djati Satria	2014-08-01	73	66	72	0	73	66
229861	Dody Suria Wijaya	2014-10-01	137	110	125	0	137	110
229861	Dody Suria Wijaya	2014-11-01	2826	2521	2798	0	2826	2521
2167559	Dolfi Oktavianus	2014-07-01	13586	13581	13438	0	13587	13581
2292326	Dosandriani	2014-08-01	3321	3271	3269	0	3321	3271
2292326	Dosandriani	2014-09-01	7412	7389	7411	0	7412	7389
2292326	Dosandriani	2014-10-01	70961	70569	70097	0	70961	70569
1198074	DoubleA	2013-11-01	1	0	0	0	1	0
1198074	DoubleA	2013-12-01	11	0	10	0	11	0
1198074	DoubleA	2014-01-01	125	102	100	0	125	102
1025829	Doviana	2012-11-01	5	5	4	0	5	5
362391	DrSeuthberg	2012-08-01	0	0	0	0	1	0
2025744	Dudy Siregar	2014-07-01	69	69	68	0	69	69
675980	Dyota	2012-05-01	380	338	334	0	380	338
675980	Dyota	2012-08-01	65	60	61	0	66	60
2187243	Enggar S	2014-07-01	3	3	2	0	3	3
3158	Eric Fischer	2013-07-01	351	350	350	2	351	350
1002121	Eric-Chambly	2013-11-01	262	261	254	0	262	261
609955	Erik Nugroho	2012-02-01	0	1	0	0	1	1
609955	Erik Nugroho	2012-03-01	1	0	1	0	2	0
1802879	Erwan Hermansyah	2013-11-01	1	0	0	0	1	0
1915626	Evgar Web	2014-02-01	2	1	1	0	2	1
1389999	Evoluon	2013-05-01	166	161	161	0	166	161
1801604	Ezagren	2014-10-01	16	1	15	0	16	1
1801604	Ezagren	2014-11-01	130	72	117	0	130	72
642233	FIRMAN	2012-03-01	294	139	143	0	295	139
1830413	Fadlia Hana	2013-12-01	24	23	20	0	24	23
1767747	Faiz-DJ	2013-10-01	2	2	1	0	2	2
1902489	Fajar_Wisnu_Hardono	2014-01-01	3156	2695	2998	3	3156	2695
1902489	Fajar_Wisnu_Hardono	2014-02-01	192	132	186	0	192	132
1902489	Fajar_Wisnu_Hardono	2014-04-01	561	542	550	0	561	542
1902489	Fajar_Wisnu_Hardono	2014-08-01	38	30	37	0	38	30
2016477	Fareiska722	2014-04-01	1	1	0	0	1	1
680091	Fariz Ramadhan	2012-07-01	3	1	1	0	4	1
680091	Fariz Ramadhan	2012-08-01	72	48	50	0	73	48
680091	Fariz Ramadhan	2012-09-01	85	69	67	0	86	69
136807	Farras	2014-08-01	33	19	32	0	33	19
136807	Farras	2014-09-01	56	4	55	0	56	4
136807	Farras	2014-10-01	1808	1595	1783	1	1808	1595
136807	Farras	2014-11-01	520	441	519	0	520	441
136807	Farras	2015-01-01	219	217	218	0	219	217
617262	Febrina Dewi	2012-03-01	8967	8767	8552	0	8967	8767
626704	Ferry Cornelius	2012-03-01	626	601	444	0	626	601
475560	Fidelis Awig Atmoko	2011-06-01	86	70	32	0	87	70
475560	Fidelis Awig Atmoko	2011-07-01	385	341	282	0	386	341
475560	Fidelis Awig Atmoko	2012-03-01	47	47	46	0	47	47
76518	Firman Hadi	2008-10-01	1133	139	20	0	0	0
76518	Firman Hadi	2008-11-01	108025	6274	5919	20	108870	6396
76518	Firman Hadi	2008-12-01	90975	14318	13692	138	91266	14335
76518	Firman Hadi	2009-01-01	28734	14937	13421	58	28734	14937
76518	Firman Hadi	2009-02-01	14365	11188	10191	23	14365	11188
76518	Firman Hadi	2009-03-01	17839	10867	8754	87	17840	10867
76518	Firman Hadi	2009-04-01	4378	3774	3756	8	4378	3774
76518	Firman Hadi	2009-05-01	13302	11997	11478	18	13303	11997
76518	Firman Hadi	2009-06-01	2097	1707	1632	14	2097	1707
76518	Firman Hadi	2009-07-01	125	113	99	4	125	113
76518	Firman Hadi	2009-08-01	206	190	158	0	206	190
76518	Firman Hadi	2009-09-01	1718	1266	1167	4	1719	1266
76518	Firman Hadi	2009-10-01	117	108	85	0	118	108
76518	Firman Hadi	2009-11-01	94	56	76	0	94	56
76518	Firman Hadi	2009-12-01	5	0	1	0	5	0
76518	Firman Hadi	2010-05-01	15	12	8	0	15	12
76518	Firman Hadi	2010-07-01	355	343	289	0	355	343
76518	Firman Hadi	2010-08-01	19	19	11	0	19	19
76518	Firman Hadi	2010-09-01	12	10	8	0	12	10
76518	Firman Hadi	2011-02-01	5945	4904	4997	2	5945	4904
76518	Firman Hadi	2011-03-01	88	87	87	0	88	87
76518	Firman Hadi	2011-04-01	69	22	13	0	70	22
76518	Firman Hadi	2011-05-01	129	29	128	0	129	29
76518	Firman Hadi	2011-06-01	4931	4273	4316	1	4931	4273
76518	Firman Hadi	2011-07-01	4606	4259	4247	0	4607	4259
76518	Firman Hadi	2011-08-01	1702	1271	1416	0	1702	1271
76518	Firman Hadi	2011-09-01	630	527	558	0	630	527
76518	Firman Hadi	2011-10-01	2171	1831	1881	0	2171	1831
76518	Firman Hadi	2011-12-01	90	77	86	0	90	77
76518	Firman Hadi	2012-01-01	19	17	18	0	19	17
76518	Firman Hadi	2012-04-01	203	57	97	0	204	57
76518	Firman Hadi	2012-08-01	1035	438	819	0	1035	438
76518	Firman Hadi	2012-09-01	6	6	5	0	6	6
76518	Firman Hadi	2012-11-01	45	33	43	0	45	33
76518	Firman Hadi	2013-01-01	250	213	230	0	250	213
76518	Firman Hadi	2013-04-01	247	94	190	0	248	94
76518	Firman Hadi	2013-05-01	13	0	0	0	14	0
76518	Firman Hadi	2013-06-01	1287	632	1117	0	1287	632
76518	Firman Hadi	2013-07-01	3927	1765	3490	0	3927	1765
76518	Firman Hadi	2013-08-01	1413	954	1289	0	1413	954
76518	Firman Hadi	2013-09-01	8	1	7	0	8	1
76518	Firman Hadi	2013-10-01	110	58	104	0	110	58
76518	Firman Hadi	2013-11-01	1	1	0	0	1	1
76518	Firman Hadi	2013-12-01	482	307	405	0	483	307
76518	Firman Hadi	2014-01-01	9	6	8	0	9	6
76518	Firman Hadi	2014-02-01	16	6	15	0	16	6
76518	Firman Hadi	2014-07-01	2	2	1	0	2	2
76518	Firman Hadi	2014-08-01	53	46	52	0	53	46
1827373	Fitria Wahid	2013-12-01	4	4	3	0	4	4
6494	FranBoon	2008-05-01	8	6	2	0	9	6
549977	Frans Thamura	2011-11-01	6	7	0	0	7	7
549977	Frans Thamura	2011-12-01	0	0	0	0	1	0
2250012	Frenchie1234	2014-08-01	10	8	6	0	10	8
659288	G A Mantiri	2012-04-01	50	34	30	0	50	34
659288	G A Mantiri	2012-05-01	10	10	10	0	11	10
903190	Gadelaza	2012-09-01	118	112	110	0	119	112
1399	Gagravarr	2007-03-01	0	1	0	1	1	1
1968981	Gallanta Arga	2014-03-01	11	10	10	0	11	10
2552936	Gallery Kemang 58	2015-01-01	1	1	1	0	2	1
1857318	Ganjar Nugroho	2013-12-01	2	2	1	0	2	2
51045	Geogast	2010-06-01	1	0	0	0	1	0
630567	Gerald Logor	2012-03-01	5	5	4	0	5	5
587586	Giv	2012-01-01	6	6	4	2	6	6
2447287	Gugun Muhammad	2014-11-01	19	16	15	0	20	16
1729572	Guntur_PIX	2013-09-01	37	35	33	0	37	35
1435275	Handoyo Taher	2013-05-01	1	1	0	0	1	1
22776	HannesHH	2008-11-01	333	298	2	18	334	298
71490	Hari Danarbroto	2008-10-01	620	399	212	7	621	399
617240	Hasan Nur Aminudin	2012-03-01	196	196	89	0	196	196
478510	Hasin	2011-06-01	5	3	2	1	5	3
1831748	Hefaistos Dev	2013-12-01	8	8	7	0	8	8
1540445	Heri Mardiyanto	2013-06-01	1	1	0	0	1	1
1960037	HeruLS	2014-03-01	5	5	4	0	5	5
148604	Herwin Adriansyah	2013-02-01	35	35	32	0	35	35
984660	Herwin Lesmana	2012-10-01	146	120	107	0	146	120
984660	Herwin Lesmana	2013-05-01	5	1	4	0	5	1
984660	Herwin Lesmana	2013-09-01	2	1	2	0	3	1
984660	Herwin Lesmana	2014-05-01	9	8	7	0	9	8
2034085	HexaKreasi	2014-04-01	1604	1604	1603	0	1604	1604
2011788	Hutasoit	2014-04-01	8	0	7	0	8	0
1077063	IZMANR	2013-04-01	1053	970	998	0	1053	970
1077063	IZMANR	2013-05-01	244	244	243	0	244	244
575039	Ian Granger	2011-12-01	5	3	0	0	6	3
575039	Ian Granger	2012-04-01	615	412	448	0	615	412
575039	Ian Granger	2012-05-01	275	169	148	0	276	169
575039	Ian Granger	2012-08-01	67	66	23	0	67	66
575039	Ian Granger	2012-09-01	210	178	156	0	210	178
575039	Ian Granger	2013-01-01	85	67	49	0	85	67
575039	Ian Granger	2013-02-01	3	2	3	0	4	2
575039	Ian Granger	2013-09-01	166	126	127	0	166	126
575039	Ian Granger	2014-11-01	36	17	33	0	36	17
477529	Ibni	2011-06-01	52	53	12	0	53	53
1532982	Iftakhul Anwar	2013-06-01	42	5	33	0	42	5
1532982	Iftakhul Anwar	2013-07-01	118	31	108	0	118	31
30587	IknowJoseph	2012-06-01	308	139	251	0	308	139
30587	IknowJoseph	2012-09-01	5	5	4	0	5	5
30587	IknowJoseph	2012-10-01	161	142	160	0	161	142
30587	IknowJoseph	2014-09-01	1	0	0	0	1	0
30587	IknowJoseph	2014-10-01	8	8	7	0	8	8
1565492	Ilham Suaib	2013-06-01	80	24	77	0	80	24
1565492	Ilham Suaib	2013-07-01	686	112	656	0	686	112
34520	Immanuel Manurung	2010-06-01	22	0	19	0	22	0
1382475	Ina HN	2013-04-01	420	348	376	0	421	348
745274	IndoFio	2012-07-01	72	64	70	0	72	64
2032685	Irandi Pratomo	2014-04-01	4	4	3	0	4	4
646006	Irfan Muhammad	2014-01-01	433	283	424	0	433	283
646006	Irfan Muhammad	2014-02-01	96	68	95	0	96	68
646006	Irfan Muhammad	2014-04-01	21	21	20	0	21	21
1546707	Irfan Zidan	2013-06-01	700	4	657	0	701	4
1963959	IronicDashie	2014-03-01	13	11	12	0	13	11
458567	Irving Hutagalung	2011-05-01	215	188	160	1	216	188
1960057	Irwan Luru	2014-03-01	68	68	67	0	68	68
864494	Irwan Risnandar	2012-09-01	1	1	0	0	1	1
98878	Islander The Great	2014-06-01	85	82	77	0	85	82
346552	Ivo setyadi	2010-09-01	1	1	0	0	1	1
1719798	Iwan Has	2013-08-01	94	79	43	0	94	79
627315	Iyan	2013-07-01	29	29	20	0	29	29
627315	Iyan	2013-10-01	4	4	3	0	4	4
627315	Iyan	2013-11-01	28	28	15	0	28	28
627315	Iyan	2014-01-01	29	28	28	0	29	28
627315	Iyan	2014-03-01	59	53	54	0	59	53
627315	Iyan	2014-04-01	410	336	399	0	410	336
627315	Iyan	2014-07-01	230	168	229	0	230	168
627315	Iyan	2014-09-01	19	4	18	0	19	4
627315	Iyan	2014-10-01	39	39	38	0	39	39
627315	Iyan	2014-11-01	66	61	65	0	66	61
627315	Iyan	2014-12-01	391	105	383	0	392	105
627315	Iyan	2015-01-01	30	12	29	0	30	12
1456315	Izoel	2013-05-01	23	13	17	0	23	13
1456315	Izoel	2014-05-01	4	4	3	0	4	4
1673915	JANU EKA SETIAWAN	2013-07-01	6	2	4	0	6	2
638956	JOKO SUPARNO	2012-03-01	145	81	134	0	145	81
700720	Jack Hazem	2013-06-01	101	101	84	0	102	101
1758931	Jack Pham	2013-10-01	2	2	1	0	2	2
652638	Jakarta Toastmasters Club	2012-05-01	1	1	0	0	1	1
1832883	Jake Strine	2014-05-01	0	0	0	0	1	0
42191	Jano John Akim Franke	2013-10-01	1	0	0	0	1	0
1817808	Jase Indo	2013-11-01	1	1	0	0	1	1
2520860	Jayuda	2014-12-01	1	1	0	0	1	1
483015	Jeply Murdiaman Guci	2011-07-01	35	35	34	0	35	35
371058	Joe Iska	2010-11-01	1	2	0	0	2	2
1207484	JoeJakarta	2013-01-01	1	1	0	0	2	1
464239	John Vandenberg	2012-11-01	4	4	3	0	4	4
74617	JohnSmith	2010-06-01	49	0	47	0	49	0
2567167	Johnny Arifin	2015-01-01	2	1	1	0	2	1
38985	Johnny Carlsen	2013-04-01	327	312	288	0	327	312
186592	Johnwhelan	2014-10-01	25	25	24	0	25	25
367802	Jonathan Tobing	2010-11-01	0	0	0	0	1	0
117890	Jonathan Trott	2009-10-01	3	0	1	0	3	0
372678	Jooee	2010-11-01	45	5	28	0	45	5
213831	Josef73	2013-11-01	5	0	4	0	5	0
213831	Josef73	2013-12-01	1	0	0	0	1	0
213831	Josef73	2014-01-01	1	0	0	0	1	0
213831	Josef73	2014-03-01	2	0	1	0	2	0
1766469	Julian Reza	2013-10-01	87	64	80	0	88	64
179778	JulienBalas	2010-08-01	2	0	1	0	2	0
626712	KELAPA GADING TIMUR	2012-03-01	279	276	249	0	280	276
629252	KELURAHAN CEMPAKA PUTIH TIMUR	2012-03-01	118	106	98	0	118	106
1607171	Kahardityo	2013-07-01	130	107	104	0	130	107
1607171	Kahardityo	2013-08-01	91	49	73	0	92	49
1243887	Kamya	2013-03-01	4368	4316	3748	0	4368	4316
638957	Kapuk	2012-03-01	33	33	28	0	34	33
625578	Kapuk Muara	2012-03-01	629	625	579	0	629	625
642227	Karet Semanggi	2012-03-01	255	255	217	0	255	255
2417564	Karya Beringin Jaya	2014-10-01	3	3	2	0	3	3
638921	Kebon Jeruk	2012-03-01	204	204	186	0	204	204
638963	Kedoya Selatan	2012-03-01	130	126	95	0	130	126
629267	Kel Kebon Kelapa	2012-03-01	219	214	143	0	220	214
633640	Kel Kelapa Dua Wetan	2012-03-01	736	693	670	0	737	693
642321	Kel Pasar Manggis	2012-03-01	149	122	135	0	149	122
633621	Kel Rawa Bunga	2012-03-01	49	49	42	0	49	49
1557564	Kelana Buana	2013-06-01	549	500	463	0	550	500
244143	Kelinci Botak	2013-06-01	104	100	96	0	104	100
626727	Kelurahan Ancol	2012-03-01	99	97	51	0	99	97
639005	Kelurahan Angke	2012-03-01	570	570	518	0	570	570
639005	Kelurahan Angke	2012-07-01	129	129	118	0	129	129
633642	Kelurahan Batu Ampar	2012-03-01	607	606	590	0	607	606
629284	Kelurahan Benhil	2012-03-01	322	271	265	0	322	271
642260	Kelurahan Bintaro 2	2012-03-01	323	323	296	0	323	323
633598	Kelurahan Cakung Barat	2012-03-01	369	369	335	0	369	369
633612	Kelurahan Ceger	2012-03-01	482	463	450	1	482	463
639000	Kelurahan Cengkareng Barat	2012-03-01	48	48	27	0	48	48
629395	Kelurahan Cikini	2012-03-01	150	150	143	0	150	150
642236	Kelurahan Cikoko	2012-03-01	247	220	225	0	247	220
642236	Kelurahan Cikoko	2012-04-01	11	9	6	0	11	9
633584	Kelurahan Cipayung	2012-03-01	456	456	446	0	456	456
642246	Kelurahan Cipulir	2012-03-01	154	154	132	0	154	154
638942	Kelurahan Duri Kosambi	2012-03-01	84	84	65	0	84	84
629343	Kelurahan Galur	2012-03-01	240	239	231	0	240	239
629256	Kelurahan Gambir	2012-03-01	770	769	703	0	771	769
642238	Kelurahan Grogol Utara	2012-03-01	196	195	155	0	196	195
633610	Kelurahan Halim PK	2012-03-01	1000	977	739	0	1000	977
639001	Kelurahan Joglo	2012-03-01	352	348	345	0	352	348
639001	Kelurahan Joglo	2013-02-01	1	0	1	0	2	0
629275	Kelurahan Karang Anyar	2012-03-01	130	126	109	0	131	126
633602	Kelurahan Kayu Putih	2012-03-01	904	899	880	0	904	899
642219	Kelurahan Kebayoran Lama Selatan	2012-03-01	1356	1357	1330	0	1357	1357
633614	Kelurahan Kebon Pala	2012-03-01	1206	1194	1067	0	1206	1194
629254	Kelurahan Kebon Sirih	2012-03-01	206	207	83	0	207	207
640840	Kelurahan Kedoya Utara 3	2012-03-01	230	224	180	0	231	224
629281	Kelurahan Kembang Melati	2012-03-01	377	369	320	0	377	369
633623	Kelurahan Kramat Jati	2012-03-01	208	176	193	0	208	176
638968	Kelurahan Krendang	2012-03-01	90	89	84	0	90	89
642214	Kelurahan Lebak Bulus	2012-03-01	300	282	279	0	300	282
638981	Kelurahan Maphar	2012-03-01	308	164	217	0	308	164
642241	Kelurahan Menteng Dalam	2012-03-01	800	715	728	0	800	715
638976	Kelurahan Meruya Selatan	2012-03-01	145	132	129	0	145	132
633625	Kelurahan Pal Meriam	2012-03-01	227	217	218	0	227	217
629258	Kelurahan Paseban	2012-03-01	201	116	156	0	201	116
629270	Kelurahan Petamburan	2012-03-01	225	194	155	0	225	194
629270	Kelurahan Petamburan	2012-12-01	7	8	4	0	8	8
642225	Kelurahan Petukangan Selatan	2012-03-01	696	689	694	0	696	689
638985	Kelurahan Pinangsia	2012-03-01	264	241	204	0	264	241
633591	Kelurahan Pisangan Timur	2012-03-01	1392	1303	1311	0	1392	1303
642249	Kelurahan Pulo	2012-03-01	43	41	42	0	43	41
638948	Kelurahan Rawa Buaya	2012-03-01	340	331	329	0	340	331
642254	Kelurahan Selong	2012-03-01	171	166	140	0	171	166
626709	Kelurahan Sukapura	2012-03-01	293	284	282	0	294	284
626694	Kelurahan Sunter Jaya	2012-03-01	402	400	395	0	402	400
633648	Kelurahan Susukan	2012-03-01	597	579	586	1	597	579
638972	Kelurahan Tangki	2012-03-01	562	272	452	0	562	272
638980	Kelurahan Tanjung Duren Selatan	2012-03-01	292	293	197	0	293	293
626725	Kelurahan Tanjung Priok	2012-03-01	25	25	17	0	25	25
626949	Kelurahan rawabadak Selatan	2012-03-01	13	13	12	0	13	13
633590	KelurahanCipinang	2012-03-01	263	263	262	0	263	263
638965	Kembangan Selatan	2012-03-01	76	50	73	0	76	50
2057358	Kenaliwa Coffee	2014-05-01	1	1	1	0	2	1
2422855	Kerfy	2014-10-01	55	55	54	0	55	55
504392	Koepz Loekmann	2011-08-01	329	262	148	0	330	262
2224	Kolossos	2012-10-01	0	0	0	0	1	0
1382448	Kon'x	2013-04-01	478	477	477	0	478	477
491763	Krishdy	2011-07-01	1	0	0	0	1	0
703512	Kristo Putranda	2012-06-01	3	3	2	0	3	3
250891	Kristy	2011-03-01	2	2	1	0	3	2
250891	Kristy	2011-06-01	6	3	2	0	6	3
250891	Kristy	2012-02-01	1	1	0	0	1	1
250891	Kristy	2012-03-01	16	1	15	0	16	1
250891	Kristy	2012-04-01	32	8	29	0	32	8
250891	Kristy	2012-06-01	11	4	4	0	12	4
642261	Kuningan Timur	2012-03-01	87	83	35	0	87	83
2124856	Kuntoro Andri	2014-06-01	20	3	12	0	20	3
626750	Kusmana	2012-03-01	90	90	83	0	90	90
77114	LLAQWA	2014-06-01	201	201	3	1	201	201
1960034	Laksmi Soedarsono	2014-03-01	29	29	28	0	29	29
1176128	LaluAFHakim	2014-07-01	55	45	54	0	55	45
2318	Latze	2011-10-01	2255	2252	2158	0	2255	2252
2318	Latze	2011-11-01	1320	1320	1319	0	1320	1320
2318	Latze	2013-02-01	3468	3465	3467	0	3468	3465
2334965	Lia Indriati	2014-09-01	4	4	3	0	4	4
455170	Lilis Chodijah	2011-05-01	9	8	4	0	9	8
455170	Lilis Chodijah	2012-08-01	392	392	339	0	392	392
666826	Lilis Margaret	2013-02-01	1	1	1	0	2	1
1764453	LinuxKu	2013-10-01	1	1	0	0	1	1
845018	Liong	2012-09-01	118	99	97	0	118	99
845018	Liong	2012-10-01	821	694	763	0	821	694
845018	Liong	2012-11-01	4618	3887	4346	3	4618	3887
845018	Liong	2013-01-01	1757	1545	1551	6	1757	1545
845018	Liong	2013-05-01	5	0	4	0	6	0
1829683	Luis36995	2014-07-01	6	0	5	0	6	0
1829683	Luis36995	2014-08-01	34	11	26	0	34	11
1829683	Luis36995	2014-10-01	264	252	261	0	264	252
1829683	Luis36995	2014-11-01	6	2	5	0	6	2
1829683	Luis36995	2014-12-01	14	4	13	0	14	4
1829683	Luis36995	2015-01-01	13	2	12	0	13	2
626876	Lurah Kelik	2012-03-01	521	522	417	0	522	522
1877200	MAINDATAshop	2014-01-01	1	1	0	0	1	1
1677475	M_Ridwan	2013-10-01	2206	1807	2114	0	2206	1807
1677475	M_Ridwan	2013-11-01	1	1	0	0	1	1
1677475	M_Ridwan	2013-12-01	14	11	11	0	14	11
9176	Maarten Deen	2009-02-01	80	0	48	0	80	0
1878893	Maestro89	2014-01-01	5	5	4	0	5	5
642492	Mafaaza	2013-01-01	13	9	8	0	13	9
51337	ManAboutCouch	2014-05-01	9	9	8	0	9	9
181135	Manu1400	2013-04-01	13	12	12	0	13	12
181135	Manu1400	2013-05-01	70	11	59	0	70	11
181135	Manu1400	2013-12-01	0	0	0	0	1	0
1840603	Martin M Baihaqi	2014-03-01	4	4	3	0	4	4
617239	Mas Ben	2012-03-01	9336	9261	9220	5	9336	9261
617239	Mas Ben	2014-10-01	389	337	383	0	389	337
617239	Mas Ben	2014-11-01	3062	2486	2809	0	3063	2486
617239	Mas Ben	2014-12-01	3809	2945	3641	0	3809	2945
617239	Mas Ben	2015-01-01	223	150	221	0	223	150
69102	Mathbau	2010-09-01	1	0	0	0	2	0
69102	Mathbau	2013-02-01	1	0	0	0	1	0
2370518	Maulana1331	2014-10-01	45	25	43	0	45	25
1830418	MaulidaRaviola	2013-12-01	55	48	46	0	55	48
2438998	Maura Sahara	2014-11-01	2	2	1	0	2	2
1746858	Meg305	2013-09-01	213	210	204	0	213	210
1746858	Meg305	2013-10-01	125	109	124	0	125	109
1746858	Meg305	2013-11-01	16	8	12	0	16	8
1054929	Melgo	2012-11-01	778	548	622	0	778	548
1054929	Melgo	2013-02-01	182	124	125	0	182	124
642239	Menteng Atas	2012-03-01	359	359	312	0	359	359
2406871	Meta Nurjiyanto_ucill	2014-10-01	148	148	147	0	148	148
756040	Mia Renauly	2014-09-01	9	4	4	0	10	4
756040	Mia Renauly	2014-11-01	25094	24830	24676	0	25094	24830
756040	Mia Renauly	2014-12-01	2705	2135	2639	0	2705	2135
756040	Mia Renauly	2015-01-01	11	9	10	0	11	9
308	MichaelCollinson	2008-11-01	0	0	0	0	1	0
308	MichaelCollinson	2009-07-01	18	0	12	0	19	0
2486280	MisdiantoTintin	2014-11-01	23	22	22	0	23	22
686216	Mishari	2013-01-01	2	2	1	0	2	2
1881545	Moh Muhajirin	2014-01-01	4	3	3	0	5	3
564825	MrSyeh	2011-12-01	1	0	0	0	1	0
1565497	MuhDadang	2013-06-01	53	23	52	0	53	23
1565497	MuhDadang	2013-07-01	222	24	209	0	222	24
1095109	Muhamad Taufik	2013-04-01	2531	2519	2518	0	2531	2519
1117586	Muhammad Novianto	2012-12-01	125	93	111	0	125	93
530035	Mukti A	2012-11-01	123	120	89	1	123	120
1382426	Mulyono	2013-04-01	623	615	614	0	623	615
1382426	Mulyono	2013-05-01	122	122	34	3	122	122
477563	Mutiah Faizah	2011-06-01	15	16	2	0	16	16
351920	MvB434AXfXr1crVJRXJE	2010-09-01	1	1	0	0	1	1
351920	MvB434AXfXr1crVJRXJE	2012-04-01	5	4	4	0	5	4
2323737	Nadine Sagala	2014-09-01	11	4	10	0	11	4
1524963	Nana Mulyana	2013-11-01	38	7	22	0	38	7
1524963	Nana Mulyana	2014-04-01	64	63	63	0	64	63
999731	Nanda Bachtiar	2013-12-01	98	73	78	0	99	73
692031	Nasrul Eam	2012-05-01	1	0	0	0	1	0
1565493	Naufal Afif	2013-06-01	72	3	71	0	72	3
1565493	Naufal Afif	2013-07-01	304	32	251	0	304	32
32786	Netzwolf	2013-01-01	1	0	0	0	1	0
1237580	Nico Yan Bernard	2013-02-01	35	33	32	0	35	33
1237580	Nico Yan Bernard	2013-05-01	28	22	27	0	28	22
617257	Nike Diah	2012-03-01	13358	13356	12987	0	13358	13356
617257	Nike Diah	2012-04-01	32325	32290	28652	0	32325	32290
2258344	Nikesh23	2014-08-01	4	4	3	0	4	4
618816	Noel Pitoy	2012-03-01	10	9	4	0	10	9
13413	Notaris	2008-11-01	0	0	0	0	1	0
2065738	Nuku25	2014-05-01	11	11	10	0	11	11
617271	Nurlatipah Hari	2012-03-01	1690	1576	1575	0	1690	1576
2447637	Nusa Ads Media	2014-11-01	2	2	1	0	3	2
2447637	Nusa Ads Media	2015-01-01	1	0	0	0	1	0
722137	OSMF Redaction Account	2012-07-01	27	0	19	0	27	0
56597	Oberaffe	2012-04-01	3	0	0	0	4	0
1244807	Oberpfälzer	2014-11-01	17	0	15	0	17	0
1244807	Oberpfälzer	2014-12-01	1	0	0	0	1	0
1243859	Ohaberer	2013-03-01	2114	2092	1733	0	2114	2092
1243859	Ohaberer	2013-04-01	100	97	64	0	101	97
1241788	Olivia M-H	2013-03-01	1464	1351	1068	0	1464	1351
1241788	Olivia M-H	2013-04-01	57	53	45	0	57	53
1241788	Olivia M-H	2013-05-01	1270	388	1106	0	1271	388
457134	Onno Purbo	2012-05-01	33	31	17	0	33	31
457134	Onno Purbo	2012-06-01	272	260	213	2	273	260
501214	Onny	2012-07-01	2	2	1	0	2	2
501214	Onny	2012-12-01	1	1	0	0	1	1
501214	Onny	2013-03-01	175	164	127	0	175	164
501214	Onny	2014-02-01	9	9	8	0	9	9
531776	Osci	2011-10-01	3	3	3	0	4	3
1960070	Ottavia	2014-03-01	538	376	329	0	538	376
45027	PA94	2009-04-01	4	4	1	0	4	4
1153078	Palthron	2012-12-01	7	5	4	0	7	5
975150	Pau69	2013-01-01	524	220	377	0	525	220
629273	Pegangsaan1	2012-03-01	81	80	28	0	82	80
39463	PelleV	2013-12-01	60	52	59	0	60	52
39463	PelleV	2014-02-01	36	34	34	0	37	34
39463	PelleV	2014-03-01	30	30	29	0	30	30
39463	PelleV	2014-05-01	30	28	29	0	30	28
2537169	PocketSizeSun	2014-12-01	66	65	65	0	66	65
714132	Prayojana Raditya Murti	2012-06-01	1	1	0	0	1	1
714132	Prayojana Raditya Murti	2013-02-01	18	6	17	0	18	6
1738759	Priadharma CDSP	2013-09-01	13	13	12	0	13	13
31714	Priyadi	2008-03-01	8	2	3	0	9	2
748291	Prot D	2014-11-01	3	3	2	0	3	3
906552	Pustakaby	2012-09-01	8	3	3	0	9	3
2292325	PutriRachiemnys	2014-08-01	18754	18697	18434	0	18754	18697
2292325	PutriRachiemnys	2014-09-01	11489	11489	11232	0	11489	11489
2292325	PutriRachiemnys	2014-10-01	107832	107822	106826	0	107832	107822
2292325	PutriRachiemnys	2014-11-01	563	547	562	0	563	547
1090118	R Endro Teguh Kusumo	2013-04-01	4659	4605	3974	0	4659	4605
483034	RAHMADONA	2011-07-01	15	15	14	0	15	15
1223494	RSKB Tzu Chi	2013-02-01	1	1	0	0	1	1
2121939	RVienz	2014-06-01	0	1	0	0	1	1
627933	RW_Boundaries	2012-03-01	196	195	183	0	196	195
627933	RW_Boundaries	2012-06-01	9	5	5	0	10	5
1827508	Ralfie Maringka	2013-12-01	1	1	0	0	1	1
1758933	RamadhiantoHandiprimastono	2013-09-01	18	18	17	0	18	18
1762645	Ramdani	2013-10-01	38	38	26	0	38	38
475589	Rangga	2011-10-01	3	2	2	0	4	2
475589	Rangga	2013-03-01	6	4	5	0	7	4
1095072	Rano Sumarno	2012-12-01	20	20	19	0	20	20
617241	Ratry Chairunnisa	2012-03-01	5594	5577	4797	0	5594	5577
617241	Ratry Chairunnisa	2012-08-01	65	65	64	0	65	65
617241	Ratry Chairunnisa	2014-09-01	44	12	38	0	44	12
617241	Ratry Chairunnisa	2014-11-01	2636	2372	2450	0	2636	2372
617241	Ratry Chairunnisa	2014-12-01	3218	2655	3146	0	3218	2655
617241	Ratry Chairunnisa	2015-01-01	1	0	0	0	1	0
548189	Ray Marcelo	2011-11-01	1	1	0	0	1	1
623003	Ray Pahlevi	2012-03-01	3	3	2	0	3	3
413978	Rbanick	2012-03-01	31	31	28	0	31	31
413978	Rbanick	2012-12-01	112	112	104	0	112	112
413978	Rbanick	2013-03-01	101	88	43	0	101	88
413978	Rbanick	2013-04-01	74	58	73	0	74	58
413978	Rbanick	2013-06-01	70	53	69	0	70	53
413978	Rbanick	2013-07-01	180	163	179	0	180	163
10610	RedFox	2009-08-01	1	0	0	0	2	0
40376	Reza Primardiansyah	2008-06-01	186	187	107	5	187	187
40376	Reza Primardiansyah	2010-09-01	123	123	64	1	124	123
40376	Reza Primardiansyah	2012-04-01	28	27	19	0	28	27
1860670	Rheza	2013-12-01	10	9	8	0	10	9
2292328	Rica tri wahyuni	2014-08-01	16858	16729	16263	0	16858	16729
2219338	RichRico	2014-08-01	6	3	4	0	6	3
2219338	RichRico	2014-09-01	5	2	3	0	5	2
2219338	RichRico	2014-10-01	6	2	5	0	6	2
2219338	RichRico	2014-11-01	21	1	19	0	21	1
2219338	RichRico	2014-12-01	19	2	18	0	19	2
631233	Richie Rich	2012-03-01	2	1	0	0	3	1
1194289	Rickyarm	2013-01-01	4	4	3	0	5	4
617279	Ridwan Firdaus	2012-03-01	2053	1871	1754	0	2054	1871
834786	Rifki Husin	2012-08-01	1	1	0	0	2	1
2555925	Rikram8	2015-01-01	34	16	27	0	34	16
617270	Riyani Gani	2012-03-01	400	401	347	0	401	401
617270	Riyani Gani	2012-04-01	2	2	1	0	2	2
422266	Rob Atkinson	2012-11-01	0	1	0	0	1	1
84263	Robert Whittaker	2011-04-01	3	0	0	0	3	0
2166021	Robi Ahmad Ripai	2014-07-01	96	96	91	0	96	96
2166021	Robi Ahmad Ripai	2014-08-01	522	502	176	0	522	502
2031038	RomEvg	2014-04-01	826	8	809	0	826	8
2031038	RomEvg	2014-05-01	29	3	28	0	29	3
1727478	Ronald Simanjuntak	2013-08-01	12	12	11	0	12	12
1364809	Ronald Suparmin	2013-04-01	73	73	71	0	73	73
42123	Ropino	2012-06-01	637	360	552	1	637	360
42123	Ropino	2012-07-01	233	4	122	0	233	4
510836	Rub21	2014-07-01	19	11	18	0	19	11
510836	Rub21	2015-01-01	18	18	17	0	18	18
618838	Ruby_M	2012-12-01	8	7	6	0	8	7
371324	Rudi Heitbaum	2012-02-01	29	16	28	0	29	16
1998657	Rwsyah	2014-03-01	2	2	1	0	2	2
1243885	Rylan Homscheid	2013-03-01	4395	4351	3482	0	4396	4351
1173342	SDS LEMBAGA PUTRA KITA	2012-12-01	15	8	4	0	16	8
549017	Sabdo	2011-11-01	4	1	1	0	5	1
483044	Sagika	2011-07-01	11	11	10	0	11	11
2197740	Sam Sandoro	2014-07-01	21	21	20	0	21	21
1199211	SamSam888	2014-03-01	1	1	0	0	1	1
2325072	Samuel Liputra	2014-09-01	2	2	1	0	2	2
479294	Sandhy	2012-04-01	34	34	32	0	34	34
633594	Sarmada	2012-03-01	522	522	469	0	522	522
455168	Satria Indratmoko	2011-05-01	7	7	2	0	7	7
1249396	SebastianMolina	2013-03-01	6440	6432	5605	0	6441	6432
2292611	Semut Aspal	2014-08-01	2	2	1	0	2	2
2292611	Semut Aspal	2014-09-01	1	1	0	0	1	1
424481	Sergei13	2011-03-01	32	3	19	0	32	3
424481	Sergei13	2012-03-01	37	34	34	0	37	34
424481	Sergei13	2012-04-01	535	426	396	1	535	426
424481	Sergei13	2012-05-01	79	44	54	0	79	44
424481	Sergei13	2012-07-01	21	14	20	0	21	14
424481	Sergei13	2012-10-01	26	11	25	0	26	11
347122	Sergius Teofilus	2010-09-01	2	1	2	0	3	1
64578	Serpens	2009-03-01	28	0	0	0	29	0
64578	Serpens	2010-01-01	30	0	23	0	30	0
64578	Serpens	2010-11-01	1	0	0	0	1	0
64578	Serpens	2014-04-01	4	0	3	0	4	0
64578	Serpens	2014-12-01	1	0	0	0	1	0
64578	Serpens	2015-01-01	4	0	3	0	4	0
11618	Serpico	2011-08-01	121	117	119	0	122	117
2163988	Setiaji Kurniawan	2014-07-01	1	0	0	0	1	0
570408	Si Jawir	2011-12-01	6	6	5	0	6	6
633588	Siska Leonita	2012-03-01	655	638	636	0	655	638
10927	Skywave	2008-01-01	0	0	0	0	1	0
10927	Skywave	2008-11-01	1476	463	246	13	1477	463
2559768	Social Media Digital Marketing Advertising Agency Services Indonesia	2015-01-01	9	4	5	0	10	4
973630	Steafy	2012-10-01	18	12	17	0	18	12
791645	Stef_tedja	2012-08-01	3	2	1	0	3	2
28559	Stemby	2014-06-01	1	0	0	0	0	0
28559	Stemby	2014-07-01	0	0	0	0	1	0
2124105	StijnBr	2015-01-01	6	6	5	0	6	6
1026912	Stratemaker	2013-03-01	1	1	0	0	1	1
639534	Stéphane ROLLE	2014-08-01	10	2	9	0	10	2
1833394	Subur Furniture	2013-12-01	9	10	9	0	10	10
1763926	Sugeng Wibowo	2013-10-01	5	5	4	0	5	5
626797	Sungai Bambu	2012-03-01	120	116	102	0	120	116
626687	Suranta 66	2012-03-01	167	166	147	0	167	166
1748649	Suryadi Suryanullah	2013-09-01	29	16	22	0	29	16
1748649	Suryadi Suryanullah	2013-10-01	11	11	10	0	11	11
1413262	Suryarin	2013-05-01	1	0	0	0	1	0
629285	Suyono	2012-03-01	298	298	281	0	298	298
89794	Syafril Hermansyah	2009-12-01	13	5	7	0	13	5
2554114	Syamsulx	2015-01-01	5	5	4	0	5	5
2379078	Sylpheed	2014-10-01	3	3	2	0	3	3
2602126	TG58	2015-01-01	6	6	5	0	6	6
14850	T_9er	2013-03-01	372	361	366	0	372	361
638918	Taman Sari	2012-03-01	208	208	192	0	208	208
523420	Tantyo	2011-12-01	1	1	0	0	1	1
1749590	Tarom	2013-09-01	4	2	3	0	4	2
1749590	Tarom	2013-10-01	27	27	17	0	27	27
1765503	Taufiq Suryanto	2013-10-01	1	1	0	0	1	1
429322	Tea One	2011-03-01	7	7	6	0	7	7
2591916	Teguh Caesar	2015-01-01	1	1	0	0	1	1
2446795	Teguh Prasetyo	2014-11-01	8	8	7	0	8	8
2579292	The Skrillex	2015-01-01	4	4	3	0	4	4
321295	TimoKoester	2010-07-01	71	71	49	0	71	71
2064316	Timotius Iman Rachmadi	2014-05-01	37	22	34	0	37	22
1944707	Titius Kurnia Dinata	2014-08-01	126	126	125	0	126	126
638999	Tomang	2012-03-01	376	310	349	0	376	310
1827390	Tommy Surbakti	2015-01-01	1	1	0	0	1	1
649419	Tony Seno Hartono	2012-04-01	2	3	1	0	3	3
455245	Trevor Dhu	2011-05-01	17	14	1	0	18	14
617266	Tri Selasa	2012-03-01	317	317	293	0	317	317
1067157	Tri Utami H	2014-06-01	8	8	7	0	8	8
1412662	TriSudibyo	2013-05-01	7	0	6	0	7	0
639888	Triyoga Widiastomo	2012-03-01	38	39	22	0	39	39
639888	Triyoga Widiastomo	2012-08-01	414	411	351	0	414	411
625303	Tuan Ifan Vpy	2014-12-01	352	260	330	0	352	260
642248	UkiTukijo	2012-03-01	111	111	106	0	111	111
634876	Untung Pitoyo	2012-03-01	19	17	17	0	19	17
103574	Unusual User Name	2009-10-01	4	4	3	0	4	4
103574	Unusual User Name	2009-12-01	23	23	10	0	23	23
103574	Unusual User Name	2010-03-01	83	68	68	0	83	68
849967	UseYourIllusion	2013-04-01	36	36	35	0	36	36
849967	UseYourIllusion	2013-05-01	239	103	217	0	239	103
849967	UseYourIllusion	2013-09-01	1	0	0	0	1	0
849967	UseYourIllusion	2014-08-01	50	49	47	0	50	49
1944984	Uyet	2014-02-01	7	4	4	0	8	4
1767437	VannySVB	2013-10-01	5	5	4	0	5	5
97809	Vareza	2009-02-01	187	0	148	0	187	0
313435	Vicknesh	2010-07-01	13	13	9	1	13	13
1241761	Vivianecahen	2013-03-01	1392	1390	999	0	1392	1390
1723279	Vlijmen Fileer	2014-01-01	5	3	4	0	5	3
2042929	Wahyu Nugroho	2014-04-01	4	4	3	0	4	4
2016467	Wahyu Ramadhan	2014-04-01	11	11	10	0	11	11
78656	Walter Schlögl	2015-01-01	1	0	0	0	1	0
2366764	Wawan1993	2015-01-01	6	6	5	0	6	6
2499425	Wayan Suliana	2014-12-01	14	14	13	0	14	14
636453	Wenang	2012-03-01	2	2	1	0	2	2
604999	White_Rabbit	2012-06-01	1	0	0	0	1	0
1438944	WillieShu	2013-09-01	0	1	0	0	1	1
503199	Wilson alunpah	2011-08-01	1	1	0	0	1	1
1830417	Winsang	2013-12-01	8	8	7	0	8	8
478884	Winuhoro	2011-06-01	71	49	37	0	71	49
354205	Wirapati	2011-02-01	207	207	142	1	208	207
74983	Wolfram Sobotta	2012-04-01	47	48	21	2	48	48
228995	Wuzzy	2013-04-01	0	0	0	0	1	0
629288	Yahya MD	2012-03-01	112	110	110	0	113	110
1525532	Yos Maryo	2013-07-01	1	1	0	0	1	1
2021649	Yudistira	2014-04-01	1	1	0	0	1	1
2030877	ZF AUTOMEGA	2014-04-01	92	81	85	0	92	81
629274	Zulfan Chaniago	2012-03-01	377	369	341	0	377	369
1211617	ZulfikarID	2014-02-01	0	1	0	0	1	1
2060321	_DMKM	2014-05-01	144	75	139	0	144	75
433237	_ktk_	2013-12-01	1	1	0	0	2	1
725359	a_irawanto	2012-07-01	70	49	53	0	70	49
774532	aaziss	2012-08-01	6	7	6	0	7	7
1711428	abangagun	2013-08-01	8	8	7	0	8	8
809373	abdhafiz	2014-02-01	17	17	17	0	18	17
1822798	abednb	2014-02-01	4	4	3	0	4	4
2530221	aboen	2014-12-01	52	48	51	0	52	48
39150	account_deleted_1011	2009-04-01	1	0	0	0	2	0
1617449	aceman444	2013-08-01	3	0	2	0	3	0
80392	adhisimon	2008-11-01	13	7	8	0	14	7
80392	adhisimon	2011-04-01	0	1	0	0	1	1
685327	adigoey	2012-05-01	18	11	10	0	18	11
2275708	adithya_gm	2014-08-01	6	4	5	0	6	4
92274	adjuva	2011-12-01	1	0	0	0	1	0
92274	adjuva	2012-04-01	1	0	0	0	1	0
92274	adjuva	2013-02-01	1	0	0	0	1	0
711575	adli hussain	2012-06-01	2	2	1	0	2	2
351574	afgroadsimport	2011-03-01	0	1	0	0	1	1
477535	aftaf	2011-06-01	17	5	3	0	17	5
475856	agnessinagacr7	2011-07-01	5	5	4	0	5	5
958197	agus sugiharto2	2013-04-01	5550	5548	5521	0	5550	5548
958197	agus sugiharto2	2014-06-01	7663	7663	7510	0	7663	7663
958197	agus sugiharto2	2014-07-01	521	521	482	0	521	521
958197	agus sugiharto2	2014-09-01	4	4	3	0	4	4
958197	agus sugiharto2	2014-10-01	4	4	3	0	4	4
2079579	agushikmat	2014-05-01	663	660	658	0	663	660
2079579	agushikmat	2014-08-01	30	30	29	0	30	30
2079579	agushikmat	2014-11-01	75	75	74	0	75	75
295282	agusn	2010-06-01	25	6	21	0	25	6
689833	ahmadzakaria	2012-05-01	3	1	0	0	3	1
1821122	ajundjoen	2013-11-01	8	8	7	0	8	8
103464	al-yazdi	2010-04-01	830	757	696	7	830	757
103464	al-yazdi	2010-05-01	385	383	300	8	386	383
103464	al-yazdi	2010-09-01	1074	1052	1037	11	1074	1052
103464	al-yazdi	2011-02-01	33	34	27	0	34	34
307202	alester	2011-12-01	1	0	0	0	1	0
289689	alextacy	2010-05-01	3	2	1	0	3	2
1960061	alfinofadjar	2014-03-01	207	186	198	0	207	186
810512	alif_prakoso17	2012-08-01	35	28	31	0	36	28
1755676	alwi wijaya	2013-09-01	2	2	1	0	2	2
16922	amai	2009-03-01	42	0	38	0	43	0
16922	amai	2009-04-01	3508	0	155	0	3509	0
16922	amai	2010-03-01	1	0	0	0	1	0
56565	amellema	2008-11-01	66	14	50	1	66	14
1546751	anang prasetyo	2013-06-01	0	0	0	0	1	0
1256497	andi9876	2013-09-01	2	2	1	0	2	2
20586	andika	2009-05-01	12	7	11	0	13	7
1960035	andikamalreza	2014-03-01	4	4	3	0	4	4
1768207	anditibia	2013-10-01	17	7	13	0	18	7
1184870	andreakbar	2013-01-01	7	7	6	0	7	7
343084	andreib	2013-04-01	0	0	0	0	1	0
921735	andri kurniawan	2012-11-01	661	661	660	0	661	661
2283867	andyatworkz	2014-08-01	3	3	2	0	3	3
94578	andygol	2014-11-01	20	3	18	0	20	3
94578	andygol	2014-12-01	15	6	14	0	15	6
94578	andygol	2015-01-01	1	0	0	0	1	0
2294556	anisa berliana	2014-08-01	959	879	957	0	959	879
2294556	anisa berliana	2014-10-01	21110	21110	20864	0	21110	21110
1995683	annisasolihat	2014-03-01	3	3	2	0	3	3
1446914	aphaits	2013-05-01	61	46	58	0	61	46
131865	aquacoach	2009-09-01	651	611	106	0	652	611
131865	aquacoach	2009-11-01	63	40	58	0	63	40
131865	aquacoach	2010-06-01	1	1	0	0	1	1
449353	ardyan	2011-05-01	17	16	13	0	18	16
364737	arfiandwi	2012-03-01	450	430	448	0	450	430
2164921	arief_prasetyo	2014-07-01	4	4	3	0	4	4
477542	ariefrachman	2011-06-01	266	254	160	0	266	254
477542	ariefrachman	2011-07-01	3	4	1	0	4	4
477542	ariefrachman	2012-03-01	10367	10334	10206	0	10367	10334
477542	ariefrachman	2012-04-01	210	0	208	0	210	0
477542	ariefrachman	2012-05-01	9	5	7	0	10	5
1960068	arieladele	2014-03-01	248	216	177	0	248	216
1960068	arieladele	2014-05-01	188	77	161	0	188	77
1960068	arieladele	2014-07-01	4459	3726	4170	0	4459	3726
1960068	arieladele	2014-08-01	172	90	133	0	173	90
1960068	arieladele	2014-10-01	1016	850	998	0	1016	850
1960068	arieladele	2014-11-01	8	7	7	0	8	7
1960068	arieladele	2015-01-01	50	49	49	0	50	49
355685	arielp	2010-10-01	1	1	0	0	1	1
365265	ariodeh	2010-10-01	42	42	15	0	42	42
2303114	arishern	2014-09-01	1	0	0	0	1	0
474974	arumnw	2011-06-01	345	340	218	0	345	340
474974	arumnw	2011-07-01	122	107	78	0	123	107
474974	arumnw	2012-03-01	7650	7650	7200	0	7651	7650
474974	arumnw	2012-04-01	14185	14121	13760	1	14185	14121
474974	arumnw	2012-05-01	570	471	447	0	571	471
1074416	asepcenko	2012-11-01	1	1	0	0	1	1
2195933	asiorestia	2014-07-01	13	4	12	0	13	4
524997	asti_shinoda	2014-09-01	8	8	3	0	8	8
524997	asti_shinoda	2014-11-01	3964	3814	3772	0	3964	3814
524997	asti_shinoda	2014-12-01	5321	5031	5244	0	5321	5031
524997	asti_shinoda	2015-01-01	46	46	45	0	46	46
2095757	aswinmaul	2014-05-01	43	43	41	0	43	43
831842	aswinter	2014-06-01	160	160	159	0	160	160
1785142	asyra	2013-10-01	0	0	0	0	1	0
426507	atho	2011-03-01	7	2	6	0	7	2
617227	aulia	2012-03-01	824	824	685	0	824	824
424057	avliya asya	2011-03-01	104	105	50	0	105	105
1755680	awid05	2013-09-01	3	4	0	0	4	4
1755680	awid05	2013-10-01	41	38	17	0	42	38
487642	awijayanto	2011-07-01	0	1	0	0	1	1
2016242	azinar	2014-04-01	63	63	62	0	63	63
1762663	azis ramon	2013-10-01	10	10	9	0	10	10
2345725	azisj_	2014-09-01	4	4	3	0	4	4
1831646	azkaff	2013-12-01	1	1	0	0	1	1
1616678	azwinur	2013-10-01	37	30	29	0	37	30
13203	bahnpirat	2008-05-01	2	3	1	3	3	3
13203	bahnpirat	2012-05-01	816	714	758	16	816	714
633710	bakrie	2012-03-01	100	59	64	0	100	59
1730481	bakthariq	2013-09-01	44	40	25	0	45	40
20587	balrog-kun	2009-07-01	36	0	0	0	37	0
618834	bambangsp	2012-03-01	1577	346	1349	0	1578	346
618834	bambangsp	2012-07-01	1	1	1	0	2	1
432582	bauerpower	2014-10-01	27	9	25	0	27	9
28609	bcrosby	2010-12-01	0	1	0	1	1	1
2241474	bebekaret	2014-08-01	1	1	0	0	1	1
700120	belasarius	2012-06-01	1	1	0	0	1	1
621747	bellamy	2012-03-01	154	132	134	0	154	132
152074	beweta	2014-01-01	1	0	0	0	1	0
182155	bgr	2009-10-01	0	0	0	0	1	0
182155	bgr	2013-05-01	11	8	9	0	11	8
182155	bgr	2013-06-01	6	4	5	0	6	4
1603809	billypunya	2013-07-01	14	10	13	0	14	10
1243326	bimasakti	2013-02-01	2	2	1	0	2	2
217450	bintang	2010-01-01	598	498	356	3	599	498
217450	bintang	2011-05-01	1013	775	859	12	1013	775
217450	bintang	2011-07-01	745	534	555	0	746	534
1036123	bligus	2012-11-01	142	141	132	0	142	141
1036123	bligus	2013-11-01	154	137	149	0	154	137
770938	bocah223	2012-09-01	1	0	0	0	2	0
2426340	bokal212	2014-10-01	5	2	2	0	6	2
2426340	bokal212	2015-01-01	45	45	44	0	45	45
629295	boncang	2012-03-01	369	369	336	0	369	369
870861	botdidier2020	2013-04-01	75	0	74	0	75	0
870861	botdidier2020	2013-05-01	20	0	9	0	20	0
617284	bowie	2012-03-01	48	1	34	0	48	1
617287	branityo	2012-03-01	3624	3496	3433	0	3624	3496
617287	branityo	2012-04-01	14709	14707	12884	8	14710	14707
617287	branityo	2012-05-01	801	778	721	0	801	778
617287	branityo	2012-08-01	84	83	63	0	84	83
626729	brow	2012-03-01	64	64	34	0	64	64
123639	brumbaer	2009-05-01	29	15	13	0	30	15
123639	brumbaer	2011-01-01	52	25	49	0	52	25
1863375	buluksapi	2014-02-01	5	5	4	0	5	5
1863375	buluksapi	2014-04-01	4	4	3	0	4	4
1863375	buluksapi	2014-10-01	9	9	8	0	9	9
631127	cahya	2012-03-01	767	767	580	0	767	767
707588	cak sam	2013-07-01	359	211	293	0	359	211
2550152	capuletz	2015-01-01	32	32	31	0	32	32
1200065	carlos m	2013-05-01	366	366	365	0	366	366
1762640	caviska	2013-10-01	2	2	1	0	2	2
1241789	cdwyre	2013-03-01	3561	3550	3024	0	3561	3550
701444	celsolidar	2013-01-01	1	0	0	0	1	0
1008900	cem_brut	2013-12-01	179	132	175	0	179	132
1374782	cendana	2013-04-01	17	13	10	0	18	13
152289	cgu66	2010-01-01	0	0	0	0	1	0
152289	cgu66	2011-03-01	1	0	0	0	1	0
152289	cgu66	2012-04-01	2	0	1	0	2	0
152289	cgu66	2012-08-01	1	0	0	0	1	0
152289	cgu66	2012-11-01	1	0	0	0	1	0
152289	cgu66	2013-02-01	1	0	0	0	1	0
18015	chan	2011-03-01	11	11	10	0	11	11
2088841	chatock	2014-05-01	1	1	0	0	1	1
165869	chdr	2012-02-01	229	224	134	0	229	224
165869	chdr	2012-04-01	107	78	88	0	107	78
165869	chdr	2012-09-01	17	17	7	0	17	17
165869	chdr	2013-07-01	536	529	525	0	536	529
617231	chinciaw	2012-03-01	3260	2728	2683	0	3261	2728
617231	chinciaw	2012-04-01	24579	24461	21524	0	24580	24461
617231	chinciaw	2012-05-01	705	591	544	0	706	591
1768274	chistiani123	2013-10-01	14	14	11	0	14	14
632019	choii_siwon	2012-03-01	19	19	18	0	19	19
19219	chricycle	2007-11-01	84	82	15	1	84	82
1768264	chrisnayudi	2013-10-01	4	3	4	0	5	3
2165863	cibul	2014-07-01	52	52	51	0	52	52
73405	ciclista	2011-12-01	1	0	0	0	1	0
633568	cipinang melayu	2012-03-01	167	149	151	0	167	149
617243	cipta hari bakti	2012-03-01	965	830	945	0	965	830
1959894	clhall	2014-03-01	5	5	4	0	5	5
700212	comrade_13	2012-06-01	128	39	45	2	128	39
158826	cquest	2012-05-01	18	0	16	0	18	0
2221994	cukupbayu	2014-07-01	9	9	8	0	9	9
2454732	cylant	2014-11-01	7	6	6	0	7	6
2111969	cynthianggra	2014-06-01	6	7	6	0	7	7
2111969	cynthianggra	2014-07-01	319	251	298	0	319	251
2111969	cynthianggra	2014-08-01	156	116	128	0	156	116
922816	dadan dany dipoera	2012-09-01	4	0	1	0	4	0
922816	dadan dany dipoera	2012-11-01	379	379	378	0	379	379
922816	dadan dany dipoera	2013-03-01	16	10	10	0	17	10
922816	dadan dany dipoera	2013-04-01	12171	11635	11588	2	12171	11635
922816	dadan dany dipoera	2013-05-01	1798	1422	1646	0	1798	1422
1726934	daengdoang	2013-08-01	14	6	1	0	15	6
1076840	damies	2012-11-01	9	0	7	0	9	0
1764098	dani pradhana	2013-10-01	14	15	6	0	15	15
2226712	dannykath	2014-08-01	6	0	5	0	6	0
2226712	dannykath	2014-09-01	2	2	1	0	2	2
2226712	dannykath	2014-10-01	16	11	15	0	16	11
2226712	dannykath	2014-11-01	10	3	9	0	6	2
2226712	dannykath	2014-12-01	25	10	24	0	29	11
2226712	dannykath	2015-01-01	2083	1896	2030	0	2083	1896
696197	darvito	2012-06-01	1	0	0	0	1	0
1767352	david cs	2013-10-01	25	24	22	0	25	24
338759	dawnbreak	2011-01-01	671	228	509	1	672	228
338759	dawnbreak	2011-02-01	1	0	0	0	1	0
338759	dawnbreak	2011-05-01	413	220	214	0	414	220
338759	dawnbreak	2011-06-01	95	23	93	0	95	23
338759	dawnbreak	2012-06-01	3131	733	2656	0	3131	733
338759	dawnbreak	2012-08-01	16	7	14	0	16	7
1241805	dbarnes4	2013-03-01	1111	1104	559	0	1111	1104
1243751	ddipietro216	2013-03-01	2044	2017	1249	0	2044	2017
1860966	debrianruhut	2013-12-01	34	33	32	0	34	33
108998	deden	2009-03-01	19	0	7	0	19	0
633695	dedicakungtimur	2012-03-01	163	163	150	0	164	163
2016465	dee_ratrie	2014-04-01	1	1	0	0	1	1
617249	del tyoro	2012-03-01	301	301	271	0	301	301
2334957	della ananto	2014-09-01	4	4	3	0	4	4
2334957	della ananto	2014-11-01	2544	2310	2348	0	2544	2310
2334957	della ananto	2014-12-01	2827	2127	2791	0	2827	2127
2016481	delpaijo	2014-04-01	18	19	17	0	19	19
1762605	delta hadi juliantoro	2013-10-01	216	216	212	0	216	216
1755679	denipluit	2013-10-01	16	15	7	0	16	15
1827371	devi saadah	2013-12-01	8	8	7	0	8	8
2052437	devimandiri	2014-04-01	11	11	10	0	11	11
604623	dewanto edi	2012-03-01	463	441	416	0	463	441
1953086	dfo	2014-02-01	61	34	60	0	61	34
1953086	dfo	2014-08-01	3490	3485	3460	0	3490	3485
1953086	dfo	2014-09-01	7463	7443	7283	0	7464	7443
1953086	dfo	2014-10-01	63797	62303	62964	0	63797	62303
755480	dhanifajri	2012-07-01	1	1	1	0	2	1
819522	dhanstar	2012-08-01	10	1	5	0	11	1
483030	dhanty	2011-07-01	6	7	3	0	7	7
1762647	dheaputrip	2013-10-01	23	14	18	0	24	14
483033	dian putri imani sirait	2011-07-01	12	12	1	0	13	12
617258	dian_novia	2012-03-01	283	251	262	0	284	251
2340206	dianawani	2014-09-01	1	1	0	0	1	1
617237	dibba	2012-03-01	66	66	61	0	66	66
1865383	didik I_M @Endangered Species	2014-01-01	70	69	69	0	70	69
477569	dimdim02	2011-06-01	1779	1779	1271	1	1739	1739
477569	dimdim02	2011-07-01	21207	21181	15673	5	21247	21221
477569	dimdim02	2011-08-01	3737	3677	3673	0	3737	3677
477569	dimdim02	2012-05-01	9	9	8	0	9	9
1780861	dimzy	2013-10-01	48	46	46	0	48	46
1843874	dinala89	2013-12-01	1	0	0	0	1	0
590678	dino_andalananto	2012-08-01	2	2	1	0	2	2
2321958	dityodwi	2014-09-01	27	27	26	0	27	27
483017	djackz	2011-07-01	13	13	12	0	13	13
1598246	djsianturi	2013-06-01	1	1	0	0	1	1
120689	dkabul	2009-04-01	96	66	39	0	97	66
430839	do++op	2011-04-01	132	116	80	0	133	116
1243877	dolson2110	2013-03-01	4784	4621	4291	0	4785	4621
640758	durikepa	2012-03-01	161	162	129	0	162	162
1357288	dvertx	2013-04-01	12	0	6	0	12	0
354881	dwd	2010-10-01	3	2	2	0	3	2
1951895	dwi fanny wulandari	2014-08-01	651	641	619	0	651	641
479281	dwiprasetyo	2011-07-01	788	788	631	4	788	788
479281	dwiprasetyo	2011-08-01	128	125	77	0	128	125
479281	dwiprasetyo	2012-03-01	36	36	21	0	36	36
477526	dwiyantikusuma	2011-06-01	3	3	2	0	3	3
1767191	edita7x	2013-10-01	3	3	1	0	4	3
1240849	ediyes	2014-07-01	55	39	49	0	56	39
1240849	ediyes	2014-08-01	63	10	62	0	63	10
1240849	ediyes	2014-09-01	5	2	4	0	5	2
1240849	ediyes	2014-10-01	5	5	4	0	5	5
1240849	ediyes	2014-12-01	208	201	207	0	208	201
1240849	ediyes	2015-01-01	1	0	0	0	1	0
121415	edvac	2014-01-01	0	0	0	0	1	0
1230325	edwinkun	2013-02-01	4	4	3	0	4	4
284546	eejoes	2010-10-01	8	8	5	0	8	8
284546	eejoes	2011-09-01	2	2	1	0	2	2
618835	ekosetiawan	2012-03-01	73	51	48	0	73	51
190869	elbatrop	2011-09-01	1	1	0	0	1	1
190869	elbatrop	2012-04-01	1	1	0	0	1	1
690284	elfa	2012-05-01	18	19	14	1	19	19
617236	elgo	2013-09-01	224	167	197	0	224	167
617236	elgo	2013-10-01	36	30	35	0	36	30
1241791	elladove	2013-03-01	748	748	641	0	748	748
1362981	elpiar	2013-04-01	0	0	0	0	1	0
452826	emirhartato	2011-05-01	84	63	25	0	84	63
452826	emirhartato	2012-03-01	12181	11196	11849	0	12181	11196
452826	emirhartato	2012-04-01	10409	9846	9711	5	10410	9846
452826	emirhartato	2012-09-01	2	0	1	0	2	0
452826	emirhartato	2012-10-01	99	52	83	0	99	52
452826	emirhartato	2013-01-01	3281	149	3244	0	3281	149
452826	emirhartato	2013-02-01	809	664	690	0	809	664
452826	emirhartato	2013-03-01	122	107	98	0	122	107
452826	emirhartato	2013-04-01	27	15	26	0	27	15
452826	emirhartato	2013-05-01	23	6	20	0	24	6
452826	emirhartato	2013-08-01	22	14	21	0	22	14
452826	emirhartato	2014-03-01	4	0	3	0	4	0
452826	emirhartato	2014-05-01	10440	10100	10115	0	10440	10100
452826	emirhartato	2014-06-01	11	9	5	0	12	9
452826	emirhartato	2014-09-01	5	5	4	0	5	5
1805456	emksoft	2013-11-01	4	4	3	0	4	4
2167506	empiie	2014-07-01	5936	5936	5735	0	5936	5936
708814	engine-kyo	2012-06-01	240	210	208	1	240	210
515970	ensevalgis	2011-09-01	10	11	4	0	11	11
2529827	eputra	2015-01-01	209	124	186	0	209	124
2351890	errybest	2014-09-01	713	635	686	1	713	635
2351890	errybest	2014-10-01	237	208	235	1	237	208
2351890	errybest	2014-11-01	171	155	151	0	171	155
2351890	errybest	2014-12-01	27	22	25	0	27	22
2351890	errybest	2015-01-01	38	29	33	0	38	29
22412	esambuaga	2007-12-01	4390	2992	371	97	4391	2992
22412	esambuaga	2008-01-01	540	429	111	59	541	429
22412	esambuaga	2008-02-01	17	17	2	0	18	17
22412	esambuaga	2011-06-01	23	23	21	1	23	23
22412	esambuaga	2011-07-01	59	58	56	1	59	58
1242955	eschnitt	2013-03-01	2891	2815	2075	0	2891	2815
1242955	eschnitt	2013-05-01	37	24	20	0	37	24
431638	esoedjasa	2011-04-01	173	173	124	0	173	173
257982	et1	2010-04-01	49	26	17	0	50	26
633903	etimer	2012-03-01	142	143	42	0	143	143
1241973	eturner1	2013-03-01	1821	1790	1525	0	1821	1790
29717	eumiro	2009-11-01	0	0	0	0	1	0
2017692	fahri	2014-04-01	6	6	5	0	6	6
2142285	fairyf	2014-08-01	8	9	4	0	9	9
2134096	fairyfeller	2014-06-01	378	359	296	0	378	359
1762659	faisalpluit	2013-10-01	9	9	6	0	9	9
1382443	fajar soemirat	2013-04-01	601	601	526	0	601	601
632956	fajar14209	2012-03-01	1749	1737	1649	0	1750	1737
1688650	fajran	2013-10-01	595	573	581	2	595	573
1688650	fajran	2013-11-01	0	1	0	0	1	1
2016470	fajrin_un	2014-04-01	9	9	8	0	9	9
617263	faris zulkarnain	2012-03-01	2103	1184	1917	0	2104	1184
617263	faris zulkarnain	2012-08-01	59	58	53	0	59	58
15891	farlokko	2008-07-01	0	0	0	0	1	0
477527	fathia_92	2011-06-01	19	20	8	0	20	20
1341983	fathoni_am	2013-04-01	1	1	0	0	1	1
617261	fatisyailani	2012-03-01	94	94	71	0	94	94
1960055	fausinapoy	2014-03-01	7	6	5	0	7	6
639098	fazaruddin	2012-03-01	183	183	89	0	183	183
518740	fdsimon	2014-04-01	295	222	252	0	295	222
2454611	febrya2781	2014-11-01	2	1	1	0	3	1
1755683	ferysugriya	2013-09-01	9	7	8	0	9	7
82607	fjahja	2008-11-01	52	0	6	0	53	0
445671	flierfy	2012-05-01	2208	1939	2010	0	2208	1939
110046	freietonne-db	2013-10-01	1	0	0	0	1	0
642250	gandariaselatan	2012-03-01	416	416	374	0	416	416
642283	gandut61	2012-03-01	53	53	43	0	53	53
1546728	ganung	2013-06-01	431	0	412	0	431	0
1561476	gelbkef	2013-06-01	21	14	17	0	21	14
426230	gelo sahrul	2011-03-01	6	5	5	0	6	5
1756972	geolover	2013-09-01	1	1	0	0	1	1
775903	geuna	2012-08-01	2	0	0	0	3	0
632597	ghodel	2012-03-01	790	743	640	0	791	743
2016469	giovann	2014-04-01	26	24	24	0	26	24
1073756	glenirawan	2012-11-01	10	6	6	0	11	6
393022	glsgls	2011-01-01	16	10	12	0	16	10
138225	gnemok	2011-06-01	88	89	63	0	89	89
138225	gnemok	2011-07-01	4000	3653	3360	2	4000	3653
138225	gnemok	2011-08-01	327	296	292	0	327	296
1768227	gondar	2013-10-01	0	1	0	0	1	1
103253	gormur	2013-01-01	17	3	16	0	17	3
103253	gormur	2013-07-01	2	2	1	0	2	2
103253	gormur	2013-08-01	10	3	9	0	11	3
1048773	gravy	2012-11-01	2	2	0	0	2	2
684878	guernica44	2012-05-01	9	9	3	0	9	9
1775242	gunawanw	2013-10-01	57	40	35	0	57	40
629278	gunung sahari selatan	2012-03-01	135	136	124	0	136	136
483029	habibullah	2011-07-01	40	40	39	0	40	40
1787886	hadieirawan	2013-10-01	1	1	0	0	1	1
2294562	hafada choirunisa	2014-08-01	1136	1136	1134	0	1136	1136
633593	haji son	2012-03-01	217	217	185	0	217	217
1322027	hamangku	2013-04-01	1	1	0	0	1	1
1215452	handokovska	2013-11-01	37	37	36	0	37	37
2482015	haniefhan	2014-11-01	14	14	13	0	14	14
44374	harfner	2008-11-01	225	130	0	0	226	130
2512666	hariadhi	2014-12-01	106	99	104	0	106	99
1734563	harisuthan	2013-09-01	2	2	1	0	2	2
617226	harrymahar	2012-03-01	2027	1551	1927	0	2027	1551
617226	harrymahar	2012-08-01	46	26	35	0	46	26
617226	harrymahar	2012-09-01	829	822	821	0	830	822
617226	harrymahar	2012-10-01	44	15	36	0	44	15
617226	harrymahar	2012-11-01	38	11	21	0	38	11
617226	harrymahar	2013-01-01	51	51	48	3	51	51
617226	harrymahar	2013-02-01	3	4	0	0	4	4
617226	harrymahar	2013-07-01	53	41	50	0	53	41
617226	harrymahar	2013-09-01	36	24	30	0	36	24
617226	harrymahar	2013-10-01	128	69	102	0	128	69
617226	harrymahar	2013-11-01	210	203	174	0	211	203
617226	harrymahar	2013-12-01	3	0	0	0	4	0
617226	harrymahar	2014-03-01	32	4	27	0	32	4
617226	harrymahar	2014-05-01	1547	1469	1541	0	1547	1469
617226	harrymahar	2014-06-01	3	4	2	0	4	4
617226	harrymahar	2014-09-01	8	4	7	0	8	4
617226	harrymahar	2014-12-01	0	0	0	0	1	0
617226	harrymahar	2015-01-01	2	2	1	0	2	2
2602101	hdayhs	2015-01-01	8	8	7	0	8	8
618836	herin	2012-03-01	27	13	21	0	28	13
587642	hermandr	2012-01-01	1	1	0	0	1	1
617272	herwina	2012-03-01	353	353	347	0	353	353
222120	hfu	2013-03-01	8	8	7	0	8	8
1825988	hikmahua	2013-12-01	16	1	13	0	17	1
2279726	hirodonoz	2014-08-01	33	24	27	0	33	24
52797	hofoen	2014-10-01	0	0	0	0	1	0
483036	iconk	2011-07-01	80	76	58	0	80	76
555494	iftakhul_anwar	2011-11-01	0	1	0	0	1	1
2389721	ihsanmuafiry	2014-10-01	278	267	272	0	278	267
1630538	ilhamdwif	2013-07-01	52	51	39	0	52	51
1630538	ilhamdwif	2013-10-01	450	450	432	0	450	450
1949352	ilhamije	2014-03-01	9	9	8	0	9	9
1762634	ilhamrifai	2013-10-01	19	14	14	0	20	14
784666	imam maulana	2012-08-01	1	1	0	0	1	1
454272	indahnesia	2011-05-01	47	1	0	0	48	1
16011	indomapper	2008-04-01	6	6	4	1	6	6
16011	indomapper	2008-05-01	75	74	39	13	76	74
16011	indomapper	2008-06-01	262	214	25	1	263	214
16011	indomapper	2008-07-01	541	534	3	44	542	534
1497613	indoplaces	2013-05-01	18	14	17	0	18	14
2016456	indr4_8	2014-04-01	26	26	25	0	26	26
617318	indra bayu	2012-03-01	71	71	70	0	71	71
454447	indradj	2011-05-01	59	45	56	0	59	45
604484	infomacet	2012-02-01	1	1	0	0	1	1
95510	ingenieroariel	2011-03-01	7	8	5	0	8	8
406602	insetiadi	2011-02-01	102	71	68	3	102	71
455167	intancynthia	2011-05-01	15	15	6	0	16	15
472080	inugroho	2014-12-01	1	1	0	0	1	1
455162	iqbalbabols	2011-05-01	4	5	1	0	5	5
616240	irahmansyah	2012-03-01	2	1	1	0	2	1
616240	irahmansyah	2012-12-01	5	5	4	0	5	5
711265	irasesu	2012-11-01	61	46	43	0	62	46
2164540	irina siregar	2014-07-01	4	4	3	0	4	4
617274	irnawati	2012-03-01	130	129	59	0	130	129
1770473	irvanism	2013-10-01	19	19	18	0	19	19
642623	irwansutisna	2012-03-01	4	2	1	0	5	2
376047	ismangun	2010-11-01	211	206	83	1	211	206
771585	ivan elangrawa	2012-08-01	22	10	3	0	23	10
717403	iyong	2012-07-01	2	2	1	0	2	2
24440	jaakkoh	2014-10-01	8	0	7	0	8	0
841570	jaizkibel	2012-08-01	67	25	38	0	68	25
1977628	jamesbondan	2014-03-01	22	13	21	0	22	13
38244	jamicu	2008-11-01	88	20	1	1	89	20
1546720	jan jun	2013-06-01	106	3	100	0	106	3
517705	janson	2011-09-01	6	6	5	0	6	6
639878	jarot mulyo semedi	2012-03-01	26	25	25	0	26	25
639878	jarot mulyo semedi	2012-04-01	96	96	83	3	96	96
639878	jarot mulyo semedi	2012-08-01	495	137	387	0	495	137
639878	jarot mulyo semedi	2014-02-01	2	1	1	0	2	1
639878	jarot mulyo semedi	2014-04-01	4	4	3	0	4	4
639878	jarot mulyo semedi	2014-06-01	67	52	39	0	67	52
639878	jarot mulyo semedi	2014-08-01	39	28	38	0	39	28
639878	jarot mulyo semedi	2014-10-01	801	588	800	0	801	588
642200	jatipadang1	2012-03-01	219	217	162	0	219	217
81521	jeffhaack	2011-06-01	794	727	704	113	794	727
2187177	jemirulloh	2014-07-01	9	10	2	0	10	10
219187	jgc	2013-03-01	0	0	0	0	1	0
2522219	jiipie	2014-12-01	2	2	1	0	2	2
1260689	joandi85	2013-03-01	1	1	0	0	1	1
1260689	joandi85	2013-04-01	519	401	353	0	520	401
1260689	joandi85	2013-05-01	68	16	67	0	68	16
1260689	joandi85	2013-06-01	16	6	8	0	17	6
1260689	joandi85	2013-11-01	51	42	45	0	51	42
559500	johanemilsson	2013-10-01	1	1	0	0	1	1
2447359	jonhari	2014-11-01	140940	140940	140939	0	140940	140940
618840	jonisetiawan	2012-03-01	46	44	45	0	46	44
52316	jsnel	2014-08-01	27	27	26	0	27	27
2340353	justjazz	2014-09-01	5	1	4	0	5	1
447059	jwblankenship	2011-04-01	1	1	0	0	1	1
617276	kageino	2012-03-01	348	344	298	0	349	344
642188	kalibata	2012-03-01	226	227	178	0	227	227
633649	kalisari	2012-03-01	81	22	81	0	82	22
516	kammann	2007-06-01	635	635	76	51	635	635
629370	kampung_bali	2012-03-01	231	226	172	0	231	226
1095088	kang dede	2013-04-01	834	834	833	0	834	834
1960028	kang miko	2014-03-01	8	8	7	0	8	8
19528	karida	2013-04-01	123	73	122	0	123	73
19528	karida	2013-06-01	1937	34	1752	0	1938	34
19528	karida	2013-07-01	1404	20	1309	0	1405	20
17497	katpatuka	2009-10-01	14	9	8	1	14	9
17497	katpatuka	2010-02-01	318	286	245	35	319	286
17497	katpatuka	2010-04-01	1387	1324	1049	42	1387	1324
17497	katpatuka	2010-07-01	482	472	373	12	482	472
17497	katpatuka	2010-08-01	479	448	398	6	480	448
2292322	katwang	2014-08-01	3404	3318	3376	0	3404	3318
2292322	katwang	2014-09-01	3383	3379	3382	0	3383	3379
642226	kebayoran lama utara	2012-03-01	231	231	205	0	231	231
1870237	kefastimothy	2014-01-01	23	23	22	0	23	23
44200	keinseier	2012-07-01	129	127	128	0	129	127
638969	kel duri selatan	2012-03-01	164	165	164	0	165	165
642270	kel_psminggu	2012-03-01	177	177	95	0	178	177
640786	kelapadua	2012-03-01	739	692	724	0	739	692
633694	kelbalimester	2012-03-01	300	280	225	0	300	280
642253	kelcilandaktimur	2012-03-01	223	209	178	0	223	209
633597	keljatinegarakaum	2012-03-01	1717	1703	1701	0	1717	1703
638973	kelkrukut	2012-03-01	354	354	289	0	354	354
638950	kelsemanan	2012-03-01	157	157	150	0	157	157
1243864	kelseyhock	2013-03-01	831	831	829	0	831	831
629297	kelurahan Kebon Kosong	2012-03-01	119	97	116	0	119	97
642228	kelurahan Ulujami	2012-03-01	468	468	448	0	468	468
633672	kelurahan balekambang92	2012-03-01	102	102	41	0	102	102
642231	kelurahan cipedak	2012-03-01	645	635	637	0	645	635
642252	kelurahan cipete utara	2012-03-01	59	60	53	0	60	60
633628	kelurahan cipinang besar selatan	2012-03-01	492	492	442	0	492	492
633653	kelurahan ciracas	2012-03-01	590	591	573	0	591	591
628072	kelurahan gunung sahari selatan	2012-03-01	40	40	31	0	41	40
638995	kelurahan jelambar	2012-03-01	115	115	110	0	115	115
629306	kelurahan kalianyar	2012-03-01	3409	3400	3221	0	3409	3400
639008	kelurahan kalideres	2012-03-01	75	76	75	0	76	76
633647	kelurahan kampung melayu	2012-03-01	341	318	253	0	342	318
633656	kelurahan keb manggis	2012-03-01	251	228	162	0	252	228
642268	kelurahan kebagusan	2012-03-01	136	137	127	0	137	137
626692	kelurahan kebon bawang	2012-03-01	213	213	203	0	213	213
629269	kelurahan kenari	2012-03-01	234	222	196	0	235	222
629291	kelurahan kramat	2012-03-01	135	135	100	0	135	135
626714	kelurahan lagoa	2012-03-01	259	259	249	0	259	259
633636	kelurahan malaka sari	2012-03-01	33	33	32	0	33	33
626739	kelurahan pejagalan	2012-03-01	209	199	145	0	209	199
629341	kelurahan petojo selatan	2012-03-01	75	75	61	0	75	75
1033477	kelurahan petojo utara	2012-11-01	9	7	7	0	9	7
642302	kelurahan rawajati	2012-03-01	130	130	57	0	130	130
629249	kelurahan rawasari jakpus	2012-03-01	190	172	168	0	190	172
629249	kelurahan rawasari jakpus	2013-03-01	168	121	162	0	168	121
642230	kelurahan senayan	2012-03-01	127	64	109	0	127	64
629294	kelurahan sumur batu	2012-03-01	337	337	329	0	337	337
633618	kelurahan_baru	2012-03-01	647	647	634	0	647	647
638967	kelurahan_jembatanbesi	2012-03-01	195	195	139	0	195	195
642295	kelurahan_pondoklabu	2012-03-01	1126	1126	1070	0	1126	1126
638940	kelurahanduriutara	2012-03-01	224	224	223	0	224	224
638943	kelurahanjembatanlima	2012-03-01	84	85	58	0	85	85
629301	kelurahankartini	2012-03-01	150	150	116	0	150	150
626743	kelurahanpapanggo1	2012-03-01	119	116	107	0	119	116
633595	kelurahanpondokkopi	2012-03-01	245	241	236	0	245	241
633632	kelurahansetu	2012-03-01	390	390	379	0	390	390
638916	kelurahantambora	2012-03-01	66	29	42	0	66	29
642243	kelurahantjbarat	2012-03-01	673	672	438	0	674	672
629276	kelutanpanjang	2012-03-01	126	126	121	0	126	126
962723	kelvinlatif	2012-10-01	3	3	2	0	4	3
638908	kembangan utara	2012-03-01	125	126	87	0	126	126
2160775	kentayeyen	2014-08-01	51	41	48	0	52	41
617248	kharis_24	2012-03-01	245	239	203	0	245	239
2017130	kharislaksana	2014-04-01	9	6	5	0	10	6
2105721	khrisnol	2014-06-01	394	295	336	0	394	295
2105721	khrisnol	2014-07-01	22	15	21	0	22	15
2105721	khrisnol	2014-09-01	64	30	63	0	64	30
2105721	khrisnol	2014-11-01	5	5	4	0	5	5
618186	kido	2012-03-01	35	35	34	0	35	35
633575	kiky	2012-03-01	879	866	741	0	879	866
617255	kinrizky	2012-03-01	2466	2391	2412	0	2467	2391
1762637	kintaniptr	2013-10-01	159	154	121	0	159	154
369321	kisti	2010-11-01	80	71	28	1	81	71
369321	kisti	2012-07-01	15	8	2	0	15	8
369321	kisti	2012-12-01	12	11	3	0	12	11
44217	kjon	2012-04-01	87	87	84	0	87	87
633832	klender	2012-03-01	1	1	0	0	1	1
638953	kota bambu selatan	2012-03-01	327	311	306	0	327	311
642281	kramatpela	2012-03-01	86	86	71	0	87	86
618967	krisna heru	2012-03-01	42	29	39	0	42	29
78103	kruget	2012-03-01	1	0	0	0	1	0
78103	kruget	2012-04-01	0	1	0	0	1	1
78103	kruget	2012-06-01	95	87	81	2	95	87
78103	kruget	2012-07-01	29	15	26	0	29	15
78103	kruget	2012-11-01	152	129	133	3	153	129
78103	kruget	2012-12-01	299	295	298	0	299	295
78103	kruget	2013-01-01	34	24	33	0	34	24
78103	kruget	2013-02-01	1	1	0	0	1	1
78103	kruget	2013-03-01	1	0	0	0	1	0
78103	kruget	2013-04-01	169	104	156	0	169	104
78103	kruget	2013-05-01	171	137	169	0	171	137
78103	kruget	2013-06-01	58	56	57	0	58	56
78103	kruget	2013-07-01	45	41	43	1	45	41
78103	kruget	2013-09-01	2	2	2	0	3	2
378328	krz9000	2011-12-01	1234	1180	570	1	1235	1180
378328	krz9000	2012-01-01	2044	1698	1382	1	2045	1698
378328	krz9000	2012-02-01	11414	9558	10171	18	11414	9558
378328	krz9000	2012-03-01	3418	3098	3201	1	3418	3098
378328	krz9000	2012-04-01	3120	3052	2929	0	3120	3052
378328	krz9000	2012-05-01	122	110	112	0	123	110
378328	krz9000	2012-08-01	789	670	698	0	789	670
135290	kto	2011-03-01	149	66	131	0	149	66
135290	kto	2011-04-01	660	337	542	0	661	337
2016473	kumstanoc	2014-04-01	4	4	3	0	4	4
817471	kupinggepeng	2012-08-01	65	62	63	0	65	62
617281	kurniawan	2012-03-01	527	519	384	0	528	519
617275	kusnanto	2012-03-01	297	297	196	0	297	297
1865757	kyasa	2014-12-01	499	442	496	2	499	442
466966	kyhananto	2011-06-01	1	1	1	0	2	1
74768	lammy	2008-10-01	921	0	20	0	922	0
618973	lanang	2012-03-01	69	70	58	0	70	70
1069176	landfahrer	2014-01-01	7	3	6	0	7	3
642264	lentengagung	2012-03-01	1214	1170	1079	0	1214	1170
398086	lesko987	2013-09-01	1	0	0	0	1	0
1241793	lgarcia3	2013-03-01	3982	3863	2852	0	3982	3863
416060	listoflights	2011-05-01	22	23	1	1	23	23
449963	little_piece	2011-05-01	113	63	83	0	113	63
2486321	lockmote	2014-11-01	1	0	0	0	1	0
1241814	lparmley	2013-03-01	5638	5624	4606	0	5638	5624
2187843	lucianmanescu	2014-08-01	161	145	159	0	161	145
1762658	lukmanmrluck	2013-10-01	7	7	2	0	7	7
516710	luqiluck	2011-09-01	5	5	1	0	6	5
425880	macmoen	2011-03-01	13	12	11	0	14	12
723142	made_geodesi	2013-10-01	10	10	9	0	10	10
1243847	madelineparrish	2013-03-01	2182	2141	1074	0	2182	2141
118021	maggot27	2014-03-01	1	0	1	0	2	0
571194	mahardika fadmastuti	2012-03-01	1559	1510	1416	0	1559	1510
571194	mahardika fadmastuti	2013-01-01	9257	9256	9182	0	9257	9256
571194	mahardika fadmastuti	2013-04-01	2925	1642	2130	0	2925	1642
571194	mahardika fadmastuti	2013-05-01	1052	393	821	0	1053	393
571194	mahardika fadmastuti	2013-06-01	1217	537	1077	0	1217	537
571194	mahardika fadmastuti	2013-07-01	1564	936	1483	0	1565	936
571194	mahardika fadmastuti	2014-03-01	107	73	103	0	107	73
571194	mahardika fadmastuti	2014-04-01	56	11	46	0	56	11
160164	mahau	2014-03-01	1498	770	1481	4	1498	770
160164	mahau	2014-04-01	190	159	188	4	190	159
160164	mahau	2014-05-01	11	7	10	0	11	7
460044	mailsm	2012-04-01	1	1	0	0	1	1
128186	malcolmh	2011-06-01	18	0	7	0	19	0
128186	malcolmh	2013-03-01	1	0	0	0	1	0
128186	malcolmh	2013-08-01	8	0	7	0	8	0
128186	malcolmh	2014-01-01	4	0	3	0	4	0
128186	malcolmh	2014-08-01	1	0	0	0	1	0
39504	malenki	2014-06-01	4	0	3	0	4	0
1844685	mama noah	2013-12-01	1	1	0	0	1	1
86482	mamanada	2008-12-01	92	0	15	0	93	0
642318	manggarai	2012-03-01	620	620	538	0	620	620
635048	manggarai selatan	2012-03-01	51	45	45	0	51	45
385790	manicrjs	2011-08-01	144	88	129	0	145	88
538936	mapeco	2012-07-01	60	60	59	1	60	60
723183	mappingkat	2012-07-01	35	33	24	0	35	33
723183	mappingkat	2012-11-01	40	20	19	0	41	20
723183	mappingkat	2013-01-01	14	12	8	0	14	12
723183	mappingkat	2013-02-01	5	3	1	0	5	3
723183	mappingkat	2013-03-01	4	4	3	0	4	4
249634	mapsinE3	2010-03-01	20	0	19	0	20	0
1095078	martabakjhony	2013-04-01	680	655	679	0	680	655
2532483	maryamazizahhanif	2014-12-01	5	4	4	0	5	4
687940	matiassingers	2012-05-01	121	99	103	0	121	99
1727485	maulana iqbal	2013-08-01	10	8	1	0	10	8
618831	maulidhini	2012-03-01	317	224	150	0	317	224
1243727	mbAce1540	2013-02-01	16	16	15	0	0	0
1243727	mbAce1540	2013-03-01	2918	2910	2653	0	2934	2926
1051694	mbernasocchi	2012-11-01	13	13	12	0	13	13
633683	mentengujung	2012-03-01	110	110	109	0	110	110
38588	mentor	2014-06-01	4	0	3	0	4	0
14686	mgeiser	2008-04-01	1	2	0	1	2	2
1760083	mh166	2015-01-01	1	0	0	0	1	0
2292329	miftajnh	2014-08-01	3267	3229	3217	0	3268	3229
2292329	miftajnh	2014-10-01	58295	57204	58059	0	58295	57204
2078056	mikli	2014-05-01	11	6	5	0	11	6
655942	mirth711	2012-04-01	38	37	35	0	38	37
2222686	miyatama	2014-07-01	2	2	1	0	2	2
1792381	mnmn	2013-11-01	2	2	1	0	2	2
2522890	mobilmobilan	2014-12-01	8	8	7	0	8	8
1938803	modjo83	2014-02-01	1	1	1	0	2	1
188979	mortenjc	2014-09-01	16	16	15	0	16	16
1705162	mpig	2013-08-01	10	10	9	0	10	10
474418	mqd90	2011-06-01	68	50	20	0	69	50
629261	muchlisin	2012-03-01	240	240	223	0	240	240
2165807	muhammad fauzi	2014-07-01	471	467	442	0	471	467
617387	muhammad isa ismail	2012-03-01	277	274	232	0	278	274
437863	muhammadgyan	2011-04-01	15	9	6	0	15	9
437863	muhammadgyan	2011-07-01	1	2	0	0	2	2
2292327	muhardiyan	2014-08-01	921	920	920	0	921	920
617259	mutiafaiza	2012-03-01	867	710	841	0	867	710
779232	myscode	2013-01-01	0	0	0	0	1	0
581213	mzve	2013-06-01	32	32	26	0	32	32
2292330	nabilakentjana	2014-08-01	1828	1826	1824	0	1828	1826
2292330	nabilakentjana	2014-09-01	64	63	42	0	64	63
2292330	nabilakentjana	2014-10-01	25062	25045	25008	0	25062	25045
366147	nairdaotnatus	2012-08-01	1	1	0	0	1	1
2340275	nana farhana	2014-09-01	8	8	7	0	8	8
2167517	nanay	2014-07-01	681	681	655	0	681	681
2167517	nanay	2014-08-01	84	84	83	0	84	84
2292368	naomiangelia	2014-08-01	3348	3342	3262	0	3348	3342
2292368	naomiangelia	2014-09-01	16	14	11	0	16	14
2292368	naomiangelia	2014-10-01	68335	67482	68053	0	68335	67482
2016464	ndar	2014-04-01	5	3	4	0	6	3
1960033	nike shabrina	2014-03-01	4	4	3	0	4	4
11985	nikkinikki	2009-06-01	0	0	0	0	1	0
16135	nimix	2012-07-01	1	0	0	0	1	0
1753693	ninamarlena	2013-10-01	4	4	3	0	4	4
633696	nining	2012-03-01	110	111	107	0	111	111
2187159	nita kkp	2014-07-01	148	89	143	0	148	89
1437804	novan7777	2013-05-01	59	59	56	0	59	59
2447292	novita andini	2014-11-01	2	0	2	0	3	0
813719	npcmamaz	2013-12-01	61	51	60	0	61	51
1243772	nsaqer	2013-03-01	1646	1633	1470	0	1646	1633
1863925	nur rohmawanto	2014-01-01	1	0	0	0	1	0
455165	nurlatipah	2011-05-01	28	29	5	0	29	29
2111877	oghutz	2014-07-01	2107	2107	2075	0	2108	2107
2111877	oghutz	2014-10-01	4	4	3	0	4	4
2177472	oglex11	2014-07-01	302	211	246	0	302	211
2177472	oglex11	2014-08-01	154	153	153	0	154	153
165040	okas95	2014-12-01	55	44	54	0	55	44
421748	okono0403	2014-11-01	6	0	5	0	6	0
2396163	oktodearputra	2014-10-01	14	9	13	0	14	9
2396163	oktodearputra	2014-11-01	931	504	922	0	931	504
2396163	oktodearputra	2014-12-01	1472	932	1450	0	1472	932
1811853	olaf1000	2014-04-01	0	0	0	0	1	0
1651798	oldenburg69	2014-03-01	3	3	2	0	3	3
1651798	oldenburg69	2014-04-01	1	1	0	0	1	1
2418321	omegy	2014-10-01	7	3	6	0	7	3
2111883	orgo76	2014-07-01	2309	2303	2248	0	2310	2303
2042160	osieardi	2014-04-01	10	10	9	0	10	10
297047	osm-hft-jun10	2010-06-01	25	14	6	0	26	14
477528	osmar shalih	2012-03-01	128	129	115	0	129	129
626766	pademangan02	2012-03-01	912	896	601	0	912	896
1228632	paschalis2103	2014-01-01	1	1	0	0	1	1
642182	pejaten barat	2012-03-01	196	196	165	0	196	196
642266	pela mampang	2012-03-01	899	899	897	0	899	899
1225686	permatabank	2013-02-01	1	1	0	0	1	1
642212	petogogan	2012-03-01	622	623	552	0	623	623
932591	phermana_map	2013-07-01	72	67	59	0	0	0
932591	phermana_map	2013-08-01	643	600	564	1	715	667
932591	phermana_map	2013-09-01	2	0	2	0	3	0
633589	pinangranti	2012-03-01	2066	2064	2023	0	2067	2064
535147	pipow	2011-10-01	9	9	9	0	10	9
2389718	pitaardani	2014-10-01	881	813	839	0	882	813
1237250	prabu88	2013-02-01	37	7	15	0	37	7
1237250	prabu88	2013-03-01	134	78	111	0	134	78
689538	pratz	2012-05-01	1	1	0	0	1	1
1183204	pridityo1	2013-04-01	3	2	2	0	3	2
1786339	proxodimec	2014-09-01	5	5	4	0	5	5
633617	pulo gebang	2012-03-01	287	287	250	0	287	287
1247405	r_bushmann	2013-03-01	75	75	74	0	75	75
1247405	r_bushmann	2014-01-01	53	53	52	1	53	53
2436203	rachmatwhd	2014-11-01	3	2	2	0	3	2
391790	radenpatah	2011-01-01	3	3	2	0	3	3
1992091	radentomi	2014-03-01	28	1	2	0	29	1
2269634	radityapratama	2014-08-01	203	157	173	0	203	157
1831661	ragetegar	2013-12-01	2	2	1	0	2	2
1765772	ragildimas	2013-10-01	7	7	6	0	7	7
642271	ragunan	2012-03-01	641	641	503	0	641	641
29798	rainerr	2008-08-01	47	47	12	0	47	47
2184644	raisgowa	2014-07-01	17	15	15	0	17	15
105979	raja_semut	2009-03-01	4	0	0	0	5	0
1696892	ramdayz	2013-07-01	3	3	1	0	3	3
486099	raniedwi	2011-07-01	141	80	125	0	141	80
617220	raniedwianugrah	2012-03-01	5806	5212	5294	3	5807	5212
617220	raniedwianugrah	2012-04-01	3446	3100	3336	0	3446	3100
617220	raniedwianugrah	2012-07-01	831	713	663	0	832	713
617220	raniedwianugrah	2012-09-01	255	235	228	0	256	235
617220	raniedwianugrah	2012-10-01	30	6	30	0	31	6
617220	raniedwianugrah	2012-11-01	15	7	14	0	15	7
617220	raniedwianugrah	2013-01-01	1328	1215	617	0	1329	1215
617220	raniedwianugrah	2013-02-01	666	650	643	0	666	650
617220	raniedwianugrah	2013-03-01	224	213	195	0	224	213
617220	raniedwianugrah	2013-04-01	2462	2344	2435	0	2462	2344
617220	raniedwianugrah	2013-09-01	1	1	0	0	1	1
617220	raniedwianugrah	2013-10-01	1439	428	1382	0	1439	428
617220	raniedwianugrah	2013-12-01	1155	1045	1137	0	1155	1045
617220	raniedwianugrah	2014-04-01	34	5	20	0	34	5
617220	raniedwianugrah	2014-05-01	16905	16064	16819	0	16905	16064
617220	raniedwianugrah	2014-06-01	3252	2897	3228	0	3252	2897
617220	raniedwianugrah	2014-07-01	5292	4167	5191	0	5292	4167
617220	raniedwianugrah	2014-08-01	5736	3979	5281	0	5737	3979
617220	raniedwianugrah	2014-09-01	11	0	10	0	11	0
617220	raniedwianugrah	2014-10-01	3713	748	3687	0	3713	748
617220	raniedwianugrah	2015-01-01	20	20	19	0	20	20
617238	raskiban	2012-03-01	1255	1211	1020	0	1255	1211
617238	raskiban	2012-04-01	50	9	46	0	50	9
629279	ratmo	2012-03-01	718	652	678	0	719	652
483055	ratnayulia	2011-07-01	14	14	13	0	14	14
639802	rawabarat	2012-03-01	148	148	130	0	148	148
633643	rawaterate mapping	2012-03-01	318	318	317	0	318	318
2353044	raymonhm	2014-10-01	1387	1387	1386	0	1387	1387
1195729	rcolsm	2013-01-01	11	11	10	0	11	11
37248	reg111	2014-11-01	336	323	335	0	0	0
37248	reg111	2014-12-01	0	0	0	0	336	323
936567	rentairo	2012-11-01	10	11	10	0	11	11
936567	rentairo	2013-01-01	7	6	7	0	8	6
617247	rezi hadi b	2012-03-01	3728	3728	3701	0	3728	3728
2174348	rgandblue	2014-08-01	13	10	12	0	14	10
576246	rhartono	2011-12-01	1	1	0	0	1	1
617254	riangga_miko	2012-03-01	1361	1251	1345	0	1361	1251
617254	riangga_miko	2012-07-01	37	37	21	0	37	37
617254	riangga_miko	2013-01-01	19	5	18	0	19	5
617254	riangga_miko	2013-04-01	12091	10857	9201	0	12091	10857
617254	riangga_miko	2013-05-01	9791	8923	8924	0	9791	8923
617254	riangga_miko	2013-06-01	11391	10037	10172	0	11391	10037
617254	riangga_miko	2013-07-01	10394	9178	9549	0	10394	9178
774356	riawan	2012-08-01	147	147	128	0	148	147
617283	ridha	2012-03-01	659	492	567	0	660	492
617283	ridha	2012-07-01	21	21	16	0	21	21
617283	ridha	2013-05-01	9	9	7	0	9	9
477540	ridhwan	2011-06-01	7	8	0	0	8	8
2472075	rienza_cool	2014-11-01	1	1	0	0	1	1
2526197	rikardo9112	2014-12-01	1	1	0	0	1	1
1364584	riki junaedi	2013-04-01	10	7	8	0	10	7
1769960	riksapw	2013-10-01	302	302	299	0	302	302
1339108	rinnengan10	2013-04-01	95	92	59	0	95	92
774060	rizka nurul	2012-08-01	62	62	61	0	62	62
617326	rizqihandari	2012-03-01	1988	1469	1571	0	1989	1469
617326	rizqihandari	2012-08-01	1128	880	1066	0	1128	880
1707108	rkkautsar	2013-08-01	477	456	461	0	477	456
336460	robgeb	2011-06-01	41	39	8	0	41	39
336460	robgeb	2012-09-01	57	5	56	0	57	5
2016504	roedy_darmawan	2014-04-01	11	11	10	0	11	11
1762656	rose linggar	2013-10-01	27	27	17	0	27	27
1810990	royshadowz	2013-11-01	2	1	1	0	2	1
459624	rullyvm	2011-07-01	1	1	0	0	1	1
1248210	rushme	2013-03-01	1	1	0	0	1	1
622233	rwb	2014-07-01	17	7	12	0	17	7
1747443	rzrinanda	2013-09-01	2	2	1	0	2	2
1817834	rzvx	2013-11-01	3	2	2	0	4	2
2288795	sabilibni	2014-08-01	272	272	270	0	272	272
1727448	sadea	2013-08-01	5	5	3	0	5	5
1830414	safranyusri	2013-12-01	4	4	1	0	5	4
617253	saiful	2012-03-01	307	307	237	0	307	307
596307	saifulmuhajir	2012-01-01	10	0	7	0	10	0
633630	sakiyah81	2012-03-01	407	407	405	0	407	407
1762666	samsul bahri100113	2013-10-01	56	56	50	0	56	56
395572	samuelsurya	2011-01-01	1	1	0	0	1	1
1923447	samycode	2014-04-01	239	139	231	0	239	139
2111900	sangku	2014-07-01	2698	2695	2647	0	2699	2695
1588398	sapidadarman	2013-06-01	34	32	33	0	34	32
17658	saptaananda	2007-10-01	1619	651	172	25	1620	651
17658	saptaananda	2007-11-01	5628	3260	493	259	5628	3260
17658	saptaananda	2009-10-01	178	166	75	0	179	166
17658	saptaananda	2011-09-01	3	3	2	0	4	3
681321	saragat	2012-05-01	43	43	42	0	43	43
1243198	sarahswig	2013-03-01	3127	3111	2514	0	3128	3111
2345681	satrio dwi n	2014-09-01	43	41	40	0	43	41
1243888	scalvit	2013-03-01	1772	1766	1026	0	1772	1766
252955	seapilot	2012-09-01	7	7	6	1	7	7
402277	sedas	2013-08-01	2	2	1	0	2	2
617285	septian_rahmadi	2012-05-01	837	829	820	0	837	829
477525	sesawiguna	2011-06-01	4	4	3	0	4	4
1766569	shinta pratama	2013-10-01	7	6	4	0	7	6
941019	shinya009	2012-10-01	15	15	9	0	15	15
315532	shirleymeliala	2010-07-01	9	2	2	0	9	2
1051550	shravan91	2015-01-01	1	1	0	0	1	1
1393328	shreyas208	2013-04-01	74	74	72	0	74	74
1830420	siddikthoha	2013-12-01	20	20	19	0	20	20
80639	sigit santosa	2008-11-01	158	37	4	1	159	37
80639	sigit santosa	2008-12-01	30	0	24	0	31	0
1382487	silvestermoannurak	2013-04-01	925	924	924	0	926	924
617252	siti ekasari	2012-03-01	950	943	840	0	951	943
1201325	siti maesaroh	2013-01-01	5	5	4	0	5	5
1243884	skaplan2	2013-03-01	2881	2743	2421	0	2881	2743
1243884	skaplan2	2013-04-01	1504	1016	1198	0	1504	1016
1243884	skaplan2	2013-05-01	1390	704	1030	0	1390	704
142205	skobbler	2012-10-01	0	0	0	0	1	0
1762651	skrdw	2013-10-01	21	21	18	0	21	21
629393	skyrider26	2012-03-01	34	32	19	0	34	32
637769	sndap	2012-03-01	17	3	9	0	17	3
637769	sndap	2012-04-01	273	82	228	0	274	82
2435960	snydez	2014-10-01	2	2	1	0	2	2
564984	soffi amina	2011-12-01	3	2	2	0	3	2
1727324	soraya bunga larasati	2013-08-01	67	61	62	0	67	61
1232627	sravani	2013-02-01	18	18	12	0	19	18
639003	srengseng	2012-03-01	88	88	68	0	88	88
1243020	ssapper	2013-03-01	3829	3829	3305	0	3829	3829
2174153	subhanms	2014-10-01	10	10	9	0	10	10
2174153	subhanms	2015-01-01	3	3	2	0	3	3
638452	sukabumi_selatan	2012-03-01	177	177	176	0	177	177
633600	sukma	2012-03-01	413	411	407	0	413	411
1003244	sumaryo	2012-10-01	2383	2244	1817	0	2384	2244
1003244	sumaryo	2012-11-01	1486	1011	936	0	1486	1011
1003244	sumaryo	2012-12-01	5452	5232	4865	5	5452	5232
1003244	sumaryo	2013-01-01	66	9	62	0	66	9
1003244	sumaryo	2013-08-01	55	44	43	0	55	44
626732	sunteragung	2012-03-01	241	241	152	0	241	241
2487222	super1974	2014-11-01	1	1	0	0	1	1
1874007	suryaig	2014-01-01	18	18	18	0	19	18
1211188	susilonurcahyo	2013-01-01	6	6	4	0	6	6
1762660	syahril arhamdan	2013-10-01	11	12	8	0	12	12
1960053	synnisme	2014-03-01	53	32	26	0	54	32
638961	tanah_sereal	2012-03-01	126	113	125	0	126	113
1243478	tanvishah1	2013-03-01	6866	6803	6185	0	6866	6803
1243478	tanvishah1	2013-04-01	13	2	4	0	13	2
528571	tarikh_azhar	2011-09-01	47	47	25	0	47	47
642195	tebet_timur	2012-03-01	329	328	259	0	329	328
483028	thy_189	2011-07-01	4	4	3	0	4	4
477302	tika yulianidar	2011-06-01	296	296	129	0	296	296
477302	tika yulianidar	2011-07-01	384	377	284	0	385	377
1207197	tikusnewton	2013-01-01	2	3	2	0	3	3
960863	tiyok	2013-09-01	379	379	378	0	379	379
957	tmcw	2012-04-01	20	20	8	0	20	20
110212	toolking	2012-03-01	5	0	3	0	5	0
0	total	2007-03-01	0	1	0	1	1	1
0	total	2007-06-01	635	635	76	51	635	635
0	total	2007-10-01	1619	651	172	25	1620	651
0	total	2007-11-01	5712	3342	509	260	5712	3342
0	total	2007-12-01	4390	2992	371	97	4391	2992
0	total	2008-01-01	541	429	111	59	542	429
0	total	2008-02-01	17	17	2	0	18	17
0	total	2008-03-01	8	2	3	0	9	2
0	total	2008-04-01	29	8	5	2	30	8
0	total	2008-05-01	87	83	42	16	88	83
0	total	2008-06-01	449	401	132	6	450	401
0	total	2008-07-01	542	534	3	44	543	534
0	total	2008-08-01	47	47	12	0	47	47
0	total	2008-10-01	9952	1688	905	7	8819	1549
0	total	2008-11-01	124220	9304	7831	64	125065	9426
0	total	2008-12-01	91462	14426	13801	140	91753	14443
0	total	2009-01-01	29002	14937	13450	58	29002	14937
0	total	2009-02-01	14632	11188	10389	23	14632	11188
0	total	2009-03-01	17936	10867	8800	87	17937	10867
0	total	2009-04-01	8075	3857	3962	8	8076	3857
0	total	2009-05-01	13374	12045	11527	18	13375	12045
0	total	2009-06-01	2099	1707	1632	14	2099	1707
0	total	2009-07-01	246	178	161	4	247	178
0	total	2009-08-01	207	190	159	0	208	190
0	total	2009-09-01	2383	1885	1285	4	2384	1885
0	total	2009-10-01	318	287	175	1	319	287
0	total	2009-11-01	158	96	135	0	158	96
0	total	2009-12-01	188	104	85	2	188	104
0	total	2010-01-01	1466	1225	1121	5	1467	1225
0	total	2010-02-01	319	286	245	35	320	286
0	total	2010-03-01	109	72	90	0	109	72
0	total	2010-04-01	2267	2107	1763	49	2267	2107
0	total	2010-05-01	538	506	425	8	538	506
0	total	2010-06-01	172	69	145	0	172	69
0	total	2010-07-01	932	901	727	13	932	901
0	total	2010-08-01	511	467	423	6	512	467
0	total	2010-09-01	1217	1188	1116	12	1218	1188
0	total	2010-10-01	85	71	39	0	85	71
0	total	2010-11-01	341	284	142	2	342	284
0	total	2010-12-01	2	2	1	2	3	2
0	total	2011-01-01	1061	505	777	3	1061	505
0	total	2011-02-01	6368	5294	5314	6	6369	5294
0	total	2011-03-01	457	328	351	0	457	328
0	total	2011-04-01	1551	861	990	0	1551	861
0	total	2011-05-01	2373	1654	1653	14	2374	1654
0	total	2011-06-01	9206	8278	7249	119	9165	8238
0	total	2011-07-01	33002	31857	25717	12	33043	31897
0	total	2011-08-01	6925	6249	6102	0	6926	6249
0	total	2011-09-01	875	753	735	0	875	753
0	total	2011-10-01	4593	4233	4118	0	4593	4233
0	total	2011-11-01	1336	1330	1323	0	1336	1330
0	total	2011-12-01	1923	1807	1124	3	1924	1807
0	total	2012-01-01	2121	1763	1456	3	2122	1763
0	total	2012-02-01	11707	9832	10363	19	11707	9832
0	total	2012-03-01	223448	212404	206426	14	223444	212404
0	total	2012-04-01	125169	122363	112892	24	125174	122363
0	total	2012-05-01	10191	9072	9132	20	10191	9072
0	total	2012-06-01	10282	6994	8872	81	10282	6994
0	total	2012-07-01	3193	2707	2325	3	3193	2707
0	total	2012-08-01	9032	7521	7919	1	7318	5808
0	total	2012-09-01	3610	3352	3384	7	5326	5065
0	total	2012-10-01	6083	5295	5292	0	6054	5283
0	total	2012-11-01	11101	9258	9948	7	11131	9270
0	total	2012-12-01	10037	9302	8978	7	10036	9302
0	total	2013-01-01	26511	22233	25118	10	26513	22233
0	total	2013-02-01	9482	8748	8930	3	9466	8732
0	total	2013-03-01	80039	78520	64797	0	80056	78536
0	total	2013-04-01	61339	55876	55345	2	61340	55876
0	total	2013-05-01	17305	13404	15327	3	17305	13404
0	total	2013-06-01	25674	18197	23374	0	25674	18197
0	total	2013-07-01	24892	16434	22768	4	24820	16367
0	total	2013-08-01	3266	2596	2925	2	3338	2663
0	total	2013-09-01	4578	4253	4372	5	4578	4253
0	total	2013-10-01	7739	5628	7254	2	7739	5628
0	total	2013-11-01	1364	1210	1249	0	1364	1210
0	total	2013-12-01	2598	2102	2399	0	2599	2102
0	total	2014-01-01	5964	5146	5723	5	5964	5146
0	total	2014-02-01	1391	1188	1353	0	1392	1188
0	total	2014-03-01	3211	2112	2809	4	3212	2112
0	total	2014-04-01	4812	3511	4676	4	4813	3511
0	total	2014-05-01	38280	36430	37665	0	38280	36430
0	total	2014-06-01	12309	11771	11742	1	12308	11771
0	total	2014-07-01	60576	44945	58064	0	60577	44945
0	total	2014-08-01	80728	76453	78321	0	80728	76453
0	total	2014-09-01	43105	38863	41933	2	43105	38863
0	total	2014-10-01	526233	518183	521975	2	526234	518183
0	total	2014-11-01	187571	184513	186018	0	187231	184189
0	total	2014-12-01	29847	23043	28695	2	30187	23367
0	total	2015-01-01	4542	3662	4353	0	4542	3662
1714649	totochan24	2013-08-01	1	0	0	0	1	0
700650	trev1881	2012-06-01	3	1	1	1	4	1
617278	trio mardiansyah	2012-03-01	189	189	187	0	189	189
1889794	triono	2014-01-01	6	6	5	0	7	6
1382432	triosaputro	2013-04-01	2670	2573	2666	0	2671	2573
455166	triyogatama	2011-05-01	14	13	7	0	14	13
1960044	tsanazhafira	2014-03-01	3	3	2	0	3	3
1855190	tukangkopi	2013-12-01	1	1	1	0	2	1
1444541	tulakev	2014-08-01	533	497	528	0	533	497
2042191	tutorial_osm	2014-04-01	11	11	10	0	11	11
26299	uboot	2008-04-01	21	0	0	0	22	0
2025762	udayalaks	2014-04-01	3	1	2	0	4	1
6975	ulfl	2008-11-01	0	0	0	0	1	0
6975	ulfl	2008-12-01	1	0	0	0	1	0
6975	ulfl	2009-03-01	0	0	0	0	1	0
191305	uniomni	2010-03-01	5	4	0	0	5	4
5359	user_5359	2012-12-01	1	0	0	0	0	0
5359	user_5359	2013-01-01	0	0	0	0	1	0
5359	user_5359	2013-03-01	0	0	0	0	1	0
776696	uswatunkh21	2012-09-01	99	98	96	0	99	98
776696	uswatunkh21	2012-11-01	0	0	0	0	1	0
776696	uswatunkh21	2013-02-01	79	79	78	0	79	79
617256	ututrara	2012-03-01	208	208	145	0	208	208
617256	ututrara	2012-07-01	190	190	189	0	190	190
426005	vanpuk	2011-09-01	1	1	0	0	2	1
426005	vanpuk	2011-10-01	3	1	0	0	4	1
426005	vanpuk	2011-11-01	1	0	0	0	1	0
426005	vanpuk	2012-01-01	4	4	3	0	4	4
426005	vanpuk	2012-03-01	7358	7129	7075	0	7359	7129
426005	vanpuk	2012-04-01	48	25	38	2	49	25
426005	vanpuk	2013-01-01	868	868	866	0	868	868
426005	vanpuk	2013-03-01	1	1	0	0	1	1
426005	vanpuk	2013-05-01	21	13	4	0	21	13
426005	vanpuk	2013-09-01	9	9	8	0	9	9
426005	vanpuk	2014-01-01	1	1	0	0	1	1
426005	vanpuk	2014-02-01	5	5	0	0	5	5
426005	vanpuk	2014-05-01	190	190	80	0	190	190
455161	vasanthi	2011-05-01	50	49	19	0	51	49
455161	vasanthi	2011-07-01	79	78	65	0	80	78
455161	vasanthi	2011-12-01	249	249	186	0	249	249
455161	vasanthi	2012-08-01	1	1	0	0	1	1
455161	vasanthi	2012-10-01	36	22	34	0	36	22
455161	vasanthi	2013-01-01	2456	2456	2447	0	2456	2456
455161	vasanthi	2013-02-01	2	2	1	0	2	2
455161	vasanthi	2013-08-01	2	2	1	0	2	2
455161	vasanthi	2013-10-01	3	2	2	0	3	2
455161	vasanthi	2013-11-01	77	64	64	0	77	64
455161	vasanthi	2014-01-01	187	170	183	0	187	170
455161	vasanthi	2014-02-01	6	5	0	0	6	5
455161	vasanthi	2014-04-01	2	2	1	0	2	2
455161	vasanthi	2014-09-01	1	1	0	0	1	1
455161	vasanthi	2014-11-01	1009	1009	1008	0	1009	1009
455161	vasanthi	2014-12-01	8	4	7	0	8	4
914896	vayshal	2013-02-01	2	2	1	0	2	2
2456374	vdjay	2014-11-01	19	12	18	0	19	12
358920	verinux	2010-10-01	17	18	8	0	18	18
504589	vicong	2011-08-01	4	0	0	0	4	0
2564572	vilcia	2015-01-01	5	5	3	0	5	5
1768273	virdha	2013-10-01	5	5	3	0	5	5
778220	visana	2012-08-01	1714	1713	1587	0	0	0
778220	visana	2012-09-01	45	44	40	6	1761	1757
564986	vitajaringan	2011-12-01	34	33	19	0	34	33
618846	vitus dwi indarto	2012-03-01	4	4	3	0	4	4
1191164	vlnur	2013-01-01	4	3	3	0	4	3
469655	wahyu_jenong	2011-06-01	61	56	50	2	61	56
469655	wahyu_jenong	2011-07-01	99	38	39	0	99	38
469655	wahyu_jenong	2011-08-01	7	3	4	0	7	3
469655	wahyu_jenong	2011-09-01	7	1	4	0	8	1
1141865	wahyudipm	2012-12-01	3	3	2	0	3	3
201359	wambacher	2014-05-01	4	0	3	0	4	0
1096333	wardizt	2012-12-01	1627	1618	1404	2	1627	1618
913435	wawansis71	2012-10-01	9	9	0	0	9	9
1002669	wdcat	2012-10-01	7	7	6	0	8	7
51737	wep	2014-06-01	13	13	12	0	13	13
110263	werner2101	2013-11-01	2	1	1	0	2	1
524500	wheelmap_android	2014-03-01	1	0	1	0	2	0
290680	wheelmap_visitor	2011-04-01	3	0	1	0	3	0
290680	wheelmap_visitor	2011-05-01	1	0	0	0	1	0
434009	wibowo	2011-04-01	489	202	218	0	490	202
434009	wibowo	2011-05-01	5	5	3	0	6	5
1960036	widyaulia	2014-03-01	51	52	33	0	52	52
760631	wikaristya3	2012-07-01	27	28	8	0	28	28
696307	wildabdat	2013-02-01	1	1	0	0	1	1
1094754	winata	2013-04-01	1809	1785	1772	0	1809	1785
2035517	wind rose	2014-04-01	3	3	2	0	3	3
297169	winhard	2011-08-01	34	35	21	0	35	35
297169	winhard	2011-09-01	121	119	103	0	121	119
2016476	wolvie	2014-04-01	12	12	11	0	12	12
95488	wonderchook	2011-03-01	22	19	11	0	23	19
95488	wonderchook	2011-05-01	68	64	49	0	69	64
95488	wonderchook	2011-06-01	99	93	67	0	100	93
95488	wonderchook	2011-07-01	51	51	45	0	51	51
95488	wonderchook	2011-09-01	20	20	15	0	20	20
95488	wonderchook	2012-01-01	37	37	36	0	37	37
95488	wonderchook	2012-02-01	28	28	23	0	29	28
95488	wonderchook	2012-03-01	898	882	756	0	899	882
95488	wonderchook	2012-07-01	2	0	1	0	2	0
95488	wonderchook	2012-09-01	58	19	47	0	58	19
95488	wonderchook	2012-10-01	110	95	109	0	111	95
95488	wonderchook	2012-11-01	350	312	347	0	350	312
95488	wonderchook	2012-12-01	20	20	19	0	20	20
95488	wonderchook	2013-02-01	16	14	10	0	17	14
95488	wonderchook	2013-03-01	6	5	5	0	6	5
95488	wonderchook	2014-02-01	49	49	44	0	49	49
5164	woodpeck	2012-05-01	1	1	0	0	1	1
5164	woodpeck	2013-08-01	0	0	0	0	1	0
145231	woodpeck_repair	2014-02-01	16	0	13	0	17	0
2016474	wulanfitriani	2014-04-01	14	14	13	0	14	14
617233	wulankhairunisa	2012-03-01	5696	5274	5631	0	5696	5274
617233	wulankhairunisa	2012-08-01	984	962	964	0	984	962
617233	wulankhairunisa	2012-09-01	829	805	808	0	830	805
617233	wulankhairunisa	2012-10-01	165	150	162	0	165	150
617233	wulankhairunisa	2012-11-01	667	653	661	0	667	653
617233	wulankhairunisa	2012-12-01	1201	981	1050	0	1201	981
617233	wulankhairunisa	2013-01-01	1	1	0	0	1	1
617233	wulankhairunisa	2013-08-01	4	2	2	0	4	2
617233	wulankhairunisa	2013-09-01	677	668	670	0	678	668
617233	wulankhairunisa	2013-11-01	11	4	4	0	12	4
617233	wulankhairunisa	2013-12-01	3	4	0	0	4	4
617233	wulankhairunisa	2014-04-01	4	3	2	0	4	3
617233	wulankhairunisa	2014-05-01	782	776	777	0	782	776
617233	wulankhairunisa	2014-07-01	2958	2425	2690	0	2958	2425
617233	wulankhairunisa	2014-08-01	2552	1697	2387	0	2552	1697
617233	wulankhairunisa	2015-01-01	209	209	207	0	209	209
436419	wvdp	2014-03-01	0	0	0	0	1	0
787254	xenrolf	2012-08-01	109	108	93	0	110	108
1713603	xeysx	2013-08-01	2	1	1	0	2	1
70696	xybot	2010-07-01	1	0	1	0	2	0
70696	xybot	2010-09-01	1	0	0	0	1	0
70696	xybot	2010-12-01	0	0	0	0	1	0
70696	xybot	2011-02-01	0	0	0	0	1	0
70696	xybot	2011-03-01	1	0	0	0	1	0
70696	xybot	2011-04-01	1	0	1	0	1	0
70696	xybot	2011-05-01	7	0	0	0	8	0
70696	xybot	2011-06-01	5	0	2	0	4	0
70696	xybot	2011-07-01	4	0	2	0	5	0
70696	xybot	2011-08-01	1	0	0	0	2	0
70696	xybot	2011-09-01	3	0	0	0	3	0
70696	xybot	2011-11-01	1	0	0	0	1	0
70696	xybot	2012-03-01	3	0	2	0	3	0
2205444	yam hiong	2014-09-01	5	5	1	0	5	5
2012718	yanamillia	2014-08-01	515	515	514	0	515	515
2012718	yanamillia	2014-10-01	9869	9807	9404	0	9869	9807
1509583	yasowalski	2013-07-01	14	13	13	0	14	13
792179	yc1ohe	2013-01-01	16	16	15	1	16	16
501994	ydwis40	2011-08-01	31	22	8	0	32	22
501994	ydwis40	2011-10-01	6	7	0	0	7	7
501994	ydwis40	2011-12-01	105	70	84	0	105	70
501994	ydwis40	2012-04-01	2	1	1	0	2	1
501994	ydwis40	2012-06-01	5	0	4	0	5	0
1999515	yenchen23	2014-03-01	17	17	16	0	17	17
112696	ygunadi	2009-04-01	85	13	9	0	86	13
1793254	yonifm	2014-09-01	23	15	22	0	23	15
1793254	yonifm	2014-10-01	4	4	3	0	4	4
1486839	ypid	2013-12-01	2	0	2	0	3	0
1486839	ypid	2014-01-01	1	0	0	0	1	0
420263	ypratama	2011-03-01	1	0	0	0	1	0
483026	yudhiansyah	2011-07-01	18	18	17	0	18	18
483026	yudhiansyah	2011-10-01	4	4	3	0	4	4
1755673	yudi zakaria	2013-09-01	4	5	1	0	5	5
1755673	yudi zakaria	2013-10-01	8	8	1	0	8	8
1755673	yudi zakaria	2014-01-01	2	0	1	0	2	0
1466662	yulistianto	2013-12-01	9	9	7	0	9	9
2112246	yunita sari	2014-07-01	4130	4130	3980	0	4130	4130
2112246	yunita sari	2014-08-01	47	44	28	0	48	44
492970	yustian	2012-06-01	2	2	1	0	2	2
2056157	zahrabanu	2014-07-01	13	13	12	0	13	13
2056157	zahrabanu	2014-08-01	9877	9858	9865	0	9877	9858
2056157	zahrabanu	2014-09-01	3221	3208	3220	0	3221	3208
2056157	zahrabanu	2014-10-01	87143	87040	87029	0	87143	87040
871737	zaqr	2012-09-01	11	10	8	0	11	10
33589	zenfunk	2013-08-01	51	32	38	1	51	32
233248	zors1843	2013-04-01	1	0	0	0	2	0
1243871	zswartz	2013-03-01	2267	2228	1958	0	2267	2228
1095083	zulhendri	2013-04-01	1577	1574	1573	0	1577	1574
24965	Ævar Arnfjörð Bjarmason	2009-09-01	0	0	0	0	1	0
