user_id	user_name	count	blankcount	v1count	firstedit	firsteditv1	firsteditblank	days_active	mean_date	mean_date_weighted	countlocalness	v1countlocalness	v2countlocalness
408968	ngendahayojc	41931	1	41191	2011-02-14	2011-02-14	2011-08-16	48	2011-08-24	2011-08-26	0.8419	0.8463	0.6526
343553	mathias_on_the_road	29788	409	24054	2010-09-10	2010-09-10	2010-11-02	187	2012-09-10	2012-06-11	0.105	0.1242	0.0636
261009	Blasio	10429	2	6639	2010-04-08	2010-04-08	2012-11-20	108	2013-07-25	2013-06-04	0.3032	0.2893	0.331
18236	bo_robert_pedersen	38540	339	29589	2008-04-13	2008-04-13	2008-04-13	95	2009-03-19	2008-10-28	0.2394	0.5446	0.0839
596047	Rps333	25421	84	23793	2012-07-27	2012-07-27	2013-06-20	66	2014-01-03	2014-02-06	0.0389	0.0445	0.0137
204196	auds74	116	0	0	2009-12-02	NULL	NULL	3	2010-01-22	2009-12-22	0.9831	NULL	0.9831
214969	AndrewBuck	1358	0	1308	2011-08-19	2011-08-19	NULL	3	2012-04-28	2011-10-15	0.0002	0.0003	0.0001
617871	simoa	1200	0	1136	2012-03-05	2012-03-05	NULL	6	2013-10-18	2014-07-19	0.8287	1.0	0.2051
261003	omino	6943	0	4472	2010-04-19	2010-04-19	NULL	43	2012-09-17	2013-07-13	0.26	0.2742	0.2378
2277137	MarthaT	2197	2	2135	2014-11-03	2014-11-03	2014-11-03	6	2014-11-17	2014-11-22	0.1331	0.1679	0.0163
19239	ebrelsford	2469	0	99	2010-08-11	2010-08-11	NULL	10	2010-09-28	2010-10-14	0.073	0.0041	0.2461
21640	namtih58	9377	20	1165	2007-12-12	2007-12-12	2007-12-12	4	2008-08-19	2008-01-08	0.9899	1.0	0.9884
2461019	Anne Qoey	1784	0	1766	2014-11-25	2014-11-25	NULL	5	2014-11-27	2014-11-26	0.9229	0.9429	0.3
261848	hassanow	1567	0	1365	2010-04-27	2010-04-30	NULL	25	2011-01-31	2011-01-18	0.3621	0.3407	0.6312
5891	Accurimbono	1109	0	90	2009-01-24	2009-01-24	NULL	1	2009-01-24	2009-01-24	0.0039	0.0013	0.0047
651221	Pallle	2857	25	2785	2012-06-14	2012-06-14	2012-06-14	2	2012-06-16	2012-06-16	0.1863	0.2028	0.045
215343	Map Kibera	6475	0	6475	2010-01-12	2010-01-12	NULL	1	2010-01-12	2010-01-12	1.0	1.0	NULL
60110	dale_p	9365	58	8554	2012-09-24	2012-09-24	2012-10-01	6	2012-11-05	2012-10-18	0.0221	0.0369	0.0042
338627	GCA	2584	0	2295	2014-09-18	2014-11-08	NULL	21	2015-06-17	2015-09-03	0.0147	0.0138	0.0313
345885	simonndunda	1204	0	1073	2010-09-26	2010-09-26	NULL	7	2010-10-01	2010-10-03	0.9533	1.0	0.6895
1805170	aarondennis	3234	0	2864	2015-08-11	2015-08-11	NULL	2	2015-08-12	2015-08-11	0.0348	0.0378	0.0215
1837088	SohelUK	1317	0	1317	2013-12-16	2013-12-16	NULL	2	2014-05-05	2014-09-21	0.7839	0.7839	NULL
6494	FranBoon	1288	91	1288	2007-05-30	2007-05-30	2007-05-30	14	2007-06-16	2007-06-15	0.0258	0.0306	0.0
265690	fondolucy	2098	0	802	2010-04-14	2010-04-14	NULL	92	2013-11-06	2013-09-12	0.3837	0.2113	0.7751
385027	Ori952	1679	0	995	2014-09-03	2014-09-03	NULL	4	2015-01-29	2014-09-19	0.0054	0.0052	0.0057
294552	ZMWandelaar	1550	3	1140	2011-01-11	2011-01-11	2011-01-11	3	2011-01-25	2011-01-29	0.0109	0.0176	0.0053
76281	Quinten Dengerink	2284	2	2261	2015-10-07	2015-10-07	2015-10-08	2	2015-10-08	2015-10-08	0.0489	0.05	0.0152
192579	smap77	1473	39	1377	2009-11-02	2009-12-12	2009-12-12	9	2010-01-26	2010-01-21	0.4986	0.5005	0.4729
261050	muindre	8486	0	3288	2010-04-14	2010-04-14	NULL	81	2013-06-23	2014-06-20	0.3403	0.2348	0.4755
1183974	myxor	8012	7	7941	2013-01-03	2013-01-03	2015-05-26	11	2015-03-22	2015-05-26	0.2303	0.238	0.0501
101038	PZastoupil	3596	109	2875	2009-08-24	2009-08-24	2009-08-25	78	2010-01-25	2010-01-12	0.1336	0.155	0.0862
219668	sev_hotosm	2205	0	1996	2013-11-17	2013-11-17	NULL	6	2014-03-23	2013-11-20	0.0029	0.006	0.0005
261043	regynnah	1079	0	679	2010-04-14	2010-04-16	NULL	24	2012-01-01	2012-03-17	0.8319	1.0	0.6472
261053	anekeya	1182	0	535	2010-04-14	2010-04-14	NULL	44	2012-07-07	2012-04-23	0.8907	1.0	0.8169
35018	WingedStone	3118	18	2222	2010-02-25	2010-02-25	2011-04-10	24	2011-08-30	2011-11-14	0.0076	0.0065	0.014
301356	Jamwa	4625	2	3821	2010-06-09	2010-06-09	2015-12-29	101	2014-10-07	2014-11-16	0.4756	0.459	0.5743
345432	_AJ_	1138	17	1136	2010-09-11	2010-09-11	2010-09-11	1	2010-09-11	2010-09-11	1.0	1.0	1.0
314635	Christian Ledermann	1127	1	939	2010-07-06	2010-07-06	2010-08-16	51	2012-03-25	2012-08-10	0.1008	0.0918	0.1973
3139330	Metpally	1119	0	1107	2015-08-10	2015-08-10	NULL	2	2015-08-11	2015-08-11	0.9747	1.0	0.2927
232642	PrimusK	9563	1	7524	2010-02-12	2010-02-12	2010-05-22	48	2011-04-09	2011-05-17	0.3244	0.291	0.5637
1535212	danbjoseph	1455	0	1273	2015-07-22	2015-07-22	NULL	6	2015-08-14	2015-08-21	0.0021	0.0021	0.0019
1122708	zaizone	2658	0	1379	2013-09-11	2013-09-11	NULL	7	2013-12-13	2013-09-28	0.004	0.0024	0.0125
999	mikelmaron	1188	0	322	2009-10-28	2009-10-28	NULL	79	2012-04-21	2012-01-21	0.017	0.0069	0.0366
429920	othuol	2412	0	2142	2011-04-14	2011-04-14	NULL	39	2012-12-19	2012-12-20	0.6632	0.7097	0.4362
3139249	Sarah Latoza	1208	0	1201	2015-08-10	2015-08-10	NULL	2	2015-08-13	2015-08-12	0.9179	0.9175	1.0
3165119	Tim Miller	657	0	586	2015-08-19	2015-08-19	NULL	1	2015-08-20	2015-08-20	0.7149	0.7173	0.6961
98876	rsoden	763	72	763	2009-04-21	2009-04-21	2009-04-21	2	2009-05-02	2009-04-29	0.003	0.0033	0.0
245634	NickJOB	746	4	597	2011-11-19	2011-11-19	2011-11-19	9	2012-07-01	2012-09-14	0.0063	0.006	0.008
3139318	hlaw-yahoo	574	0	570	2015-08-10	2015-08-10	NULL	1	2015-08-10	2015-08-10	1.0	1.0	1.0
3139514	arnoux_yhoo	559	0	557	2015-08-10	2015-08-10	NULL	2	2015-08-11	2015-08-11	0.9876	1.0	0.2222
1815735	Giblet	928	0	906	2015-10-14	2015-10-14	NULL	2	2015-10-15	2015-10-15	0.0036	0.006	0.0002
3139312	pakJeem	763	0	570	2015-08-10	2015-08-10	NULL	1	2015-08-10	2015-08-10	0.8366	1.0	0.5643
478924	flupflip	679	0	625	2012-02-19	2012-02-19	NULL	1	2012-02-19	2012-02-19	0.3105	0.3537	0.1286
3139493	abrarsheikh	815	0	815	2015-08-10	2015-08-10	NULL	2	2015-08-11	2015-08-11	0.9807	1.0	0.0
3139325	Sean Hu	900	0	894	2015-08-10	2015-08-10	NULL	2	2015-08-11	2015-08-11	0.9259	1.0	0.0769
1213353	Ouma	665	6	651	2013-01-28	2013-01-28	2013-11-22	5	2013-08-28	2013-11-10	0.0229	0.0225	0.1085
579394	ekala	534	0	475	2012-01-04	2012-01-04	NULL	2	2012-01-05	2012-01-05	0.916	0.9979	0.5514
562199	jameli	549	0	548	2011-11-30	2011-11-30	NULL	1	2011-11-30	2011-11-30	1.0	1.0	NULL
531109	Deed91	558	0	532	2011-10-03	2011-10-03	NULL	8	2012-12-29	2013-03-08	0.3814	0.3961	0.2167
719422	pund	841	0	840	2015-08-10	2015-08-10	NULL	1	2015-08-10	2015-08-10	1.0	1.0	NULL
3356190	Max Fiege	743	0	735	2015-11-13	2015-11-13	NULL	1	2015-11-14	2015-11-14	0.793	0.7955	0.6154
429956	mwaura	606	0	588	2012-11-28	2012-11-28	NULL	2	2013-01-09	2013-01-19	1.0	1.0	1.0
261018	kevole	552	0	426	2010-04-09	2010-04-09	NULL	21	2011-10-31	2011-11-15	0.9805	1.0	0.9197
319678	tordenmalm	854	2	846	2010-09-09	2010-09-09	2011-01-01	4	2010-10-16	2010-10-12	0.128	0.1345	0.0208
6458	user_6458	635	2	312	2012-08-29	2012-08-29	2015-10-28	8	2015-01-07	2015-10-15	0.0476	0.0674	0.0371
2043776	Drewbo	600	0	600	2015-07-28	2015-07-28	NULL	1	2015-07-29	2015-07-29	0.0862	0.0946	0.0
3165110	kaizhi	644	0	644	2015-08-19	2015-08-19	NULL	1	2015-08-20	2015-08-20	0.9135	1.0	0.0
2267193	caromimo	906	0	903	2015-11-14	2015-11-14	NULL	2	2015-11-15	2015-11-15	0.7078	0.7525	0.0375
677828	JackHarber	551	0	531	2012-05-09	2012-05-09	NULL	3	2012-05-10	2012-05-09	0.9804	1.0	0.6452
521872	Bentez	583	0	528	2011-09-14	2011-09-14	NULL	4	2011-09-29	2011-09-23	0.9932	1.0	0.9322
125259	abc26324	746	1	746	2013-11-18	2013-11-18	2014-02-02	2	2013-12-26	2013-12-21	0.0004	0.0005	0.0
261052	millicentoo	850	0	516	2010-04-14	2010-04-14	NULL	27	2012-01-29	2012-10-14	0.9341	0.9981	0.8499
769728	mathareriver	685	0	381	2012-08-04	2012-08-04	NULL	6	2012-12-02	2012-12-01	0.6073	1.0	0.407
110656	eebrah	561	1	527	2010-09-04	2010-09-04	2010-09-04	16	2013-03-29	2014-01-17	0.8565	1.0	0.2656
3139492	hshahyahoo	636	0	636	2015-08-10	2015-08-10	NULL	2	2015-08-11	2015-08-11	1.0	1.0	-0.0
24440	jaakkoh	542	0	256	2012-05-27	2012-05-27	NULL	1	2012-05-27	2012-05-27	0.001	0.0009	0.0013
338611	marek kleciak	575	0	361	2011-03-28	2011-03-28	NULL	4	2012-07-29	2012-03-20	0.0003	0.0002	0.0004
1295	robert	554	6	539	2008-02-03	2008-02-03	2008-02-03	1	2008-02-03	2008-02-03	0.0016	0.002	0.0002
224440	Syl	8	0	0	2012-10-03	NULL	NULL	2	2012-10-04	2012-10-04	0.0001	0.0	0.0001
88164	Med	2	0	0	2013-03-24	NULL	NULL	1	2013-03-24	2013-03-24	0.0	0.0	0.0
392438	paddyoneil	501	1	489	2011-01-06	2011-01-06	2011-01-06	1	2011-01-07	2011-01-07	1.0	1.0	1.0
3165250	yaoliu	446	0	446	2015-08-19	2015-08-19	NULL	1	2015-08-20	2015-08-20	0.9409	1.0	0.0
2148477	eosano	534	7	534	2014-07-22	2014-07-22	2014-07-22	5	2014-10-29	2014-11-29	0.0127	0.0133	0.0
599371	iskenderun	470	9	444	2012-02-04	2012-02-04	2012-02-04	5	2012-11-06	2012-12-21	0.011	0.0111	0.0099
3139332	Suhas S	509	0	508	2015-08-10	2015-08-10	NULL	1	2015-08-10	2015-08-10	1.0	1.0	NULL
1486839	ypid	450	0	0	2013-09-08	NULL	NULL	7	2013-12-11	2013-11-21	0.1098	0.0	0.1102
194012	Gitonga	1017	8	865	2010-04-09	2010-04-09	2010-04-13	15	2010-08-22	2010-08-11	0.0541	0.0512	0.08
3156549	ddubyaw	520	0	516	2015-08-17	2015-08-17	NULL	1	2015-08-17	2015-08-17	0.9924	1.0	0.5
70260	Gerit Wagner	438	0	418	2010-11-25	2010-11-25	NULL	1	2010-11-25	2010-11-25	0.0003	0.0005	0.0
3213901	@peterokwara	449	0	449	2015-09-04	2015-09-04	NULL	1	2015-09-04	2015-09-04	0.9978	1.0	0.0
3165249	schapman	501	0	417	2015-08-19	2015-08-19	NULL	1	2015-08-20	2015-08-20	0.9471	1.0	0.75
3139476	zhidongke	445	0	445	2015-08-10	2015-08-10	NULL	2	2015-08-11	2015-08-11	0.9978	1.0	0.0
3139300	Pablo Lacerda	473	0	472	2015-08-10	2015-08-10	NULL	2	2015-08-11	2015-08-10	1.0	1.0	1.0
3084447	Naibot	954	6	906	2015-07-23	2015-07-23	2015-08-04	10	2015-08-09	2015-08-06	0.063	0.0652	0.0384
421504	u_kubota	449	0	449	2013-09-29	2013-09-29	NULL	1	2013-09-29	2013-09-29	0.0001	0.0001	0.0
429943	chairman huruma	526	0	491	2011-04-07	2011-04-07	NULL	9	2012-02-02	2012-03-16	0.9869	1.0	0.8333
113669	AnyFile	457	1	456	2016-01-11	2016-01-11	2016-01-11	1	2016-01-12	2016-01-12	0.0047	0.0056	0.0001
3404311	am116	458	0	151	2015-11-21	2015-11-21	NULL	1	2015-11-21	2015-11-21	0.1851	0.0762	0.6215
3139465	Florent Lamoureux	449	0	390	2015-08-10	2015-08-10	NULL	2	2015-08-11	2015-08-11	0.9912	1.0	0.9365
18141	Hobby Navigator	525	10	351	2008-01-16	2008-06-05	2008-06-05	6	2009-02-26	2009-06-25	0.0016	0.0028	0.0008
513735	Daniel Otieno	448	0	359	2011-08-31	2011-08-31	NULL	7	2012-07-06	2011-12-16	0.9697	1.0	0.8641
1794962	wawasp	451	0	254	2013-11-04	2013-11-04	NULL	1	2013-11-04	2013-11-04	0.9637	1.0	0.9206
3139311	Roman Efimov	439	0	419	2015-08-10	2015-08-10	NULL	1	2015-08-10	2015-08-10	1.0	1.0	1.0
151957	ugeni	498	0	489	2011-01-06	2011-01-06	NULL	2	2011-01-08	2011-01-07	0.307	0.4256	0.019
192021	jmwenda	493	0	421	2011-06-07	2011-06-07	NULL	18	2014-03-15	2014-04-12	0.2936	0.2982	0.2697
181135	Manu1400	398	0	0	2013-05-17	NULL	NULL	14	2013-11-19	2013-10-23	0.0015	0.0	0.0041
494109	drfuse	408	0	274	2011-07-22	2011-07-22	NULL	6	2012-01-06	2012-01-11	0.8144	1.0	0.5903
3165123	knkteja	368	0	278	2015-08-19	2015-08-19	NULL	1	2015-08-20	2015-08-20	0.9813	1.0	0.9278
3139513	RatanHudda	292	0	287	2015-08-10	2015-08-10	NULL	1	2015-08-11	2015-08-11	1.0	1.0	1.0
3139317	mugdhakulkarni	300	0	287	2015-08-10	2015-08-10	NULL	1	2015-08-10	2015-08-10	0.9901	1.0	0.8125
1438944	WillieShu	285	0	284	2013-10-21	2013-10-21	NULL	1	2013-10-21	2013-10-21	0.0725	0.0837	0.0019
9112	donsmith	299	33	299	2007-06-27	2007-06-27	2007-06-27	1	2007-06-28	2007-06-28	0.1494	0.164	0.0
2831095	okhi-ke	295	0	271	2015-04-15	2015-04-15	NULL	15	2015-08-15	2015-08-26	0.9248	1.0	0.5
3411625	nsushka	285	0	285	2015-11-24	2015-11-24	NULL	1	2015-11-25	2015-11-25	1.0	1.0	NULL
3164269	yjamal	310	0	270	2015-08-19	2015-08-19	NULL	1	2015-08-19	2015-08-19	1.0	1.0	1.0
336460	robgeb	308	0	268	2012-08-15	2012-08-15	NULL	2	2013-11-10	2012-11-11	0.0006	0.0008	0.0003
17497	katpatuka	386	109	385	2008-09-07	2008-09-07	2008-09-07	3	2009-01-06	2009-02-03	0.0	0.0	0.0
3139310	Bryan Maxwell	275	0	274	2015-08-10	2015-08-10	NULL	1	2015-08-10	2015-08-10	1.0	1.0	1.0
3139516	sian clark	402	0	377	2015-08-10	2015-08-10	NULL	1	2015-08-11	2015-08-11	0.9734	1.0	0.6944
3139488	jeremyv	413	0	395	2015-08-10	2015-08-10	NULL	2	2015-08-11	2015-08-11	0.9857	1.0	0.75
199108	barilla	308	0	307	2014-11-17	2014-11-17	NULL	1	2014-11-17	2014-11-17	0.002	0.0022	0.0001
3139480	praveens	318	0	317	2015-08-10	2015-08-10	NULL	2	2015-08-11	2015-08-11	0.9785	1.0	0.125
3139468	OpMaped	389	0	389	2015-08-10	2015-08-10	NULL	2	2015-08-11	2015-08-11	1.0	1.0	NULL
1228099	Joshua Mwema	316	0	305	2013-02-26	2013-02-26	NULL	14	2013-05-08	2013-03-20	1.0	1.0	1.0
178186	mdk	419	0	205	2014-11-11	2014-11-11	NULL	1	2014-11-12	2014-11-12	0.0002	0.0001	0.0002
657892	Sefer	344	6	273	2012-08-03	2012-08-03	2012-08-03	1	2012-08-03	2012-08-03	0.0011	0.0012	0.0008
555655	JamesLC	286	0	0	2015-01-03	NULL	NULL	1	2015-01-03	2015-01-03	0.0374	0.0	0.127
3139356	sraizada	292	0	288	2015-08-10	2015-08-10	NULL	1	2015-08-10	2015-08-10	0.9966	1.0	0.8
3139478	bliq00	334	0	334	2015-08-10	2015-08-10	NULL	1	2015-08-11	2015-08-11	1.0	1.0	NULL
3139334	Justine Yahoo	287	0	283	2015-08-10	2015-08-10	NULL	1	2015-08-10	2015-08-10	1.0	1.0	1.0
165869	chdr	329	0	329	2011-09-13	2011-09-13	NULL	4	2012-01-25	2012-01-17	0.0007	0.0007	0.0
3139484	KarinaWong	378	0	372	2015-08-10	2015-08-10	NULL	2	2015-08-11	2015-08-11	0.9869	1.0	0.5455
563773	mrpacmanmap	325	2	317	2012-02-08	2012-02-08	2012-02-08	2	2012-02-09	2012-02-08	0.0017	0.0019	0.0003
3128730	gcchung	436	0	427	2015-08-10	2015-08-10	NULL	5	2015-08-15	2015-08-17	0.3362	0.3497	0.1184
3139319	AKDharam	362	0	362	2015-08-10	2015-08-10	NULL	1	2015-08-10	2015-08-10	0.9679	1.0	0.0
3139328	Mewtant24	316	0	225	2015-08-10	2015-08-10	NULL	1	2015-08-10	2015-08-10	1.0	1.0	1.0
3345287	lala jeccy	326	0	287	2015-11-13	2015-11-13	NULL	4	2015-11-29	2015-12-07	0.668	1.0	0.194
204528	jlundine	413	0	389	2010-11-16	2010-11-16	NULL	6	2011-08-29	2012-06-28	0.1235	0.2066	0.0164
105050	Männedorf	324	0	304	2011-03-25	2011-03-25	NULL	2	2012-03-09	2013-01-24	0.0027	0.003	0.001
3139326	VeraYang	301	0	301	2015-08-10	2015-08-10	NULL	1	2015-08-10	2015-08-10	1.0	1.0	NULL
34684	Superic	348	0	283	2015-08-19	2015-08-19	NULL	1	2015-08-20	2015-08-20	0.9971	1.0	0.9848
1611	Harry Wood	340	0	313	2009-06-25	2009-06-25	NULL	4	2010-01-06	2009-11-12	0.0011	0.0014	0.0003
3139512	mohitgoenka	334	0	334	2015-08-10	2015-08-10	NULL	2	2015-08-11	2015-08-11	1.0	1.0	NULL
30587	IknowJoseph	312	0	286	2009-07-15	2009-07-15	NULL	4	2010-12-13	2010-02-05	0.0005	0.0007	0.0001
570551	kr12	394	5	323	2013-05-29	2013-05-29	2013-05-29	1	2013-05-29	2013-05-29	0.0009	0.002	0.0002
3139337	ndash1234	385	0	383	2015-08-10	2015-08-10	NULL	1	2015-08-10	2015-08-10	1.0	1.0	1.0
3165252	ddlatham	323	0	322	2015-08-19	2015-08-19	NULL	1	2015-08-20	2015-08-20	0.8116	1.0	0.0132
3165118	rocir	285	0	285	2015-08-19	2015-08-19	NULL	1	2015-08-20	2015-08-20	1.0	1.0	NULL
3139487	AlexSeyf	293	0	283	2015-08-10	2015-08-10	NULL	2	2015-08-11	2015-08-11	1.0	1.0	1.0
3165251	LucasRuprecht	211	0	170	2015-08-19	2015-08-19	NULL	1	2015-08-20	2015-08-20	0.9378	1.0	0.7455
2202932	esther11	1	0	0	2014-08-05	NULL	NULL	1	2014-08-05	2014-08-05	0.0001	0.0	0.0008
511250	CPM	31	1	17	2011-09-02	2011-09-02	2011-09-02	1	2011-09-02	2011-09-02	0.0807	0.0536	0.209
24965	Ævar Arnfjörð Bjarmason	1	0	0	2009-09-08	NULL	NULL	1	2009-09-08	2009-09-08	0.0	0.0	0.0
3165115	megapenguinx	186	0	169	2015-08-19	2015-08-19	NULL	1	2015-08-20	2015-08-20	0.9789	1.0	0.8095
2380527	lamannaca	1	0	0	2014-10-06	NULL	NULL	1	2014-10-06	2014-10-06	0.5	NULL	0.5
92274	adjuva	25	0	0	2010-11-14	NULL	NULL	11	2013-07-19	2013-09-13	0.0002	0.0	0.0003
2703561	kimani philip	8	0	7	2015-02-25	2015-02-25	NULL	1	2015-02-25	2015-02-25	0.5714	0.5833	0.5
3165149	lalikesiraju	127	0	89	2015-08-19	2015-08-19	NULL	1	2015-08-20	2015-08-20	1.0	1.0	1.0
514293	Abungu	20	0	20	2011-09-01	2011-09-01	NULL	1	2011-09-01	2011-09-01	1.0	1.0	-0.0
722137	OSMF Redaction Account	68	0	0	2012-07-20	NULL	NULL	1	2012-07-20	2012-07-20	0.0	NULL	0.0
2147741	eddymesh	12	0	1	2014-06-26	2014-06-26	NULL	1	2014-06-26	2014-06-26	0.9231	1.0	0.9167
2219338	RichRico	11	0	0	2014-11-02	NULL	NULL	3	2015-03-24	2015-03-29	0.0	0.0	0.0
70696	xybot	228	0	0	2010-02-08	NULL	NULL	60	2011-03-01	2010-12-15	0.0001	0.0	0.0001
499783	Myevit	51	0	27	2014-04-22	2014-04-22	NULL	3	2014-04-30	2014-05-10	0.0789	0.0599	0.1231
2794596	AnthonyKariuki	4	0	4	2015-03-30	2015-03-30	NULL	1	2015-03-30	2015-03-30	1.0	1.0	NULL
7037	Gregory Williams	251	91	251	2007-09-07	2007-09-07	2007-09-07	2	2007-09-14	2007-09-13	0.0003	0.0004	0.0
9839	Ronald	72	0	71	2010-08-01	2010-08-01	NULL	1	2010-08-01	2010-08-01	0.0015	0.0018	0.0001
3139511	yingyingwang	214	0	169	2015-08-10	2015-08-10	NULL	1	2015-08-11	2015-08-11	1.0	1.0	1.0
152289	cgu66	6	0	0	2009-10-10	NULL	NULL	6	2011-06-30	2011-06-30	0.0	0.0	0.0001
796456	kiwikenyan	8	0	7	2012-08-11	2012-08-11	NULL	1	2012-08-11	2012-08-11	0.0101	0.0145	0.0032
1813850	2snm1	1	0	1	2013-12-01	2013-12-01	NULL	1	2013-12-01	2013-12-01	0.0065	0.0115	0.0
3214024	Margaret Osolo	6	0	6	2015-09-04	2015-09-04	NULL	1	2015-09-04	2015-09-04	1.0	1.0	NULL
322785	BCNorwich	115	0	32	2012-07-02	2013-08-19	NULL	2	2013-01-25	2013-08-12	0.0003	0.0002	0.0004
1811853	olaf1000	2	0	0	2014-04-04	NULL	NULL	2	2014-04-26	2014-04-26	0.0004	0.0	0.0014
2058020	kelseyjnils	13	0	13	2014-05-26	2014-05-26	NULL	1	2014-05-26	2014-05-26	1.0	1.0	NULL
3181344	zzheng	4	0	4	2015-08-25	2015-08-25	NULL	1	2015-08-25	2015-08-25	1.0	1.0	NULL
1784024	jasmin530	134	0	132	2015-07-28	2015-07-28	NULL	2	2015-08-22	2015-08-04	0.0055	0.0062	0.0006
33073	NPO	59	0	16	2008-04-04	2008-04-04	NULL	3	2008-09-20	2008-05-21	1.0	1.0	1.0
310392	meet00	3	0	3	2011-08-14	2011-08-14	NULL	1	2011-08-14	2011-08-14	0.0	0.0	0.0
3186397	Mute20	14	0	14	2015-08-26	2015-08-26	NULL	1	2015-08-26	2015-08-26	0.0519	0.052	0.0
293774	Oli-Wan	4	0	0	2011-01-07	NULL	NULL	3	2011-04-21	2011-03-31	0.0	0.0	0.0
7079	mapwitch	241	0	33	2011-11-21	2011-11-21	NULL	4	2012-06-17	2011-11-28	0.0001	0.0	0.0004
3213995	SNV	8	0	8	2015-09-04	2015-09-04	NULL	1	2015-09-04	2015-09-04	1.0	1.0	NULL
2931961	EdithK	17	0	17	2015-07-20	2015-07-20	NULL	1	2015-07-20	2015-07-20	0.9444	0.9444	NULL
94213	gps-newcomer	51	0	17	2011-08-27	2011-08-27	NULL	1	2011-08-27	2011-08-27	0.0026	0.001	0.011
84263	Robert Whittaker	1	0	0	2013-04-21	NULL	NULL	1	2013-04-21	2013-04-21	0.0	0.0	0.0
230870	eyedol	3	0	1	2011-07-12	2011-07-12	NULL	1	2011-07-12	2011-07-12	0.75	0.5	1.0
1891670	v_munene	61	0	60	2014-01-18	2014-01-18	NULL	1	2014-01-18	2014-01-18	0.7176	1.0	0.04
1198074	DoubleA	30	0	0	2013-05-22	NULL	NULL	13	2013-12-06	2013-12-26	0.0004	0.0	0.0008
218114	ArizonaMapper	6	0	6	2015-09-29	2015-09-29	NULL	1	2015-09-29	2015-09-29	0.0	0.0	0.0
1595225	kebutt	112	0	98	2015-03-02	2015-03-02	NULL	6	2015-03-09	2015-03-10	0.0336	0.0309	0.087
2891973	Ahmed Wurie	1	0	1	2015-05-06	2015-05-06	NULL	1	2015-05-06	2015-05-06	1.0	1.0	NULL
236381	lyrecithare1	21	0	18	2010-02-27	2010-02-27	NULL	2	2010-03-01	2010-02-27	1.0	1.0	1.0
3139486	Mark Nachazel	273	0	273	2015-08-10	2015-08-10	NULL	2	2015-08-11	2015-08-11	0.9856	1.0	0.0
2477964	sabina  baariu	90	0	85	2014-11-21	2014-11-21	NULL	3	2014-11-25	2014-11-22	0.9375	1.0	0.4545
336263	Vincent Mutuku	232	0	116	2012-01-26	2012-01-26	NULL	1	2012-01-26	2012-01-26	0.6824	1.0	0.5179
271307	Tavernsenses	3	0	1	2013-04-06	2013-04-06	NULL	1	2013-04-06	2013-04-06	0.0002	0.0001	0.0007
524186	elMustang07	42	1	39	2014-03-18	2014-03-18	2014-08-01	2	2014-05-25	2014-06-30	0.525	0.75	0.1071
152074	beweta	40	0	5	2013-09-23	2013-09-23	NULL	1	2013-09-23	2013-09-23	0.0001	0.0	0.0001
25504	Head	1	0	0	2010-05-25	NULL	NULL	1	2010-05-25	2010-05-25	0.0	0.0	0.0001
42429	42429	79	0	0	2010-04-08	NULL	NULL	2	2010-10-14	2011-04-11	0.0	0.0	0.0001
3178375	LeTopographeFou	1	0	0	2015-11-29	NULL	NULL	1	2015-11-29	2015-11-29	0.0	0.0	0.0
3244277	Faith Njau	1	0	1	2015-09-17	2015-09-17	NULL	1	2015-09-17	2015-09-17	1.0	1.0	NULL
393385	gontadu	120	0	107	2011-03-27	2011-03-27	NULL	2	2011-06-07	2011-06-05	0.0395	0.0556	0.0117
3001243	Ted3456	3	0	3	2015-06-20	2015-06-20	NULL	1	2015-06-20	2015-06-20	1.0	1.0	-0.0
397467	CharlieOscar	4	0	4	2013-01-20	2013-01-20	NULL	1	2013-01-20	2013-01-20	0.0006	0.0007	0.0
85218	Aleks-Berlin	7	0	0	2014-11-25	NULL	NULL	7	2015-09-20	2015-09-20	0.0002	0.0	0.0002
1849360	Alex Masita	10	0	10	2013-12-28	2013-12-28	NULL	1	2013-12-28	2013-12-28	0.0719	0.0714	-0.0
2343647	George Oduor	3	0	2	2014-09-18	2014-09-18	NULL	1	2014-09-18	2014-09-18	1.0	1.0	1.0
3139510	Gnanavel	192	0	188	2015-08-10	2015-08-10	NULL	2	2015-08-11	2015-08-11	1.0	1.0	1.0
385790	manicrjs	211	0	180	2011-03-21	2011-03-21	NULL	3	2011-05-17	2011-04-04	0.0008	0.0012	0.0003
1816329	DennisOdhiambo	37	0	20	2013-11-23	2013-11-23	NULL	1	2013-11-23	2013-11-23	1.0	1.0	1.0
530154	benaboki	1	0	1	2011-09-30	2011-09-30	NULL	1	2011-09-30	2011-09-30	NULL	1.0	-0.0
3359905	Tererp	43	0	43	2015-11-05	2015-11-05	NULL	2	2015-11-07	2015-11-07	0.9556	1.0	0.0
429952	Felix okinyi	241	0	239	2013-04-08	2013-04-08	NULL	20	2013-06-01	2013-05-30	1.0	1.0	1.0
554987	branimirez	39	0	22	2012-12-17	2012-12-17	NULL	1	2012-12-17	2012-12-17	0.0003	0.0002	0.0013
145231	woodpeck_repair	23	0	0	2014-02-03	NULL	NULL	2	2015-01-25	2014-04-06	0.0	0.0	0.0
3139485	schen24	274	0	262	2015-08-10	2015-08-10	NULL	2	2015-08-11	2015-08-11	1.0	1.0	1.0
3227922	isaac matata	3	0	3	2015-11-24	2015-11-24	NULL	1	2015-11-24	2015-11-24	1.0	1.0	NULL
1016290	Amaroussi	1	0	0	2014-08-04	NULL	NULL	1	2014-08-04	2014-08-04	0.0	0.0	0.0
78656	Walter Schlögl	21	0	0	2012-01-14	NULL	NULL	8	2014-05-19	2015-01-17	0.0	0.0	0.0001
2447642	dunkang	152	0	152	2014-11-06	2014-11-06	NULL	1	2014-11-06	2014-11-06	1.0	1.0	-0.0
2485301	Sihama	31	0	26	2014-11-25	2014-11-25	NULL	1	2014-11-25	2014-11-25	1.0	1.0	1.0
3139469	TomekGulik	240	0	212	2015-08-10	2015-08-10	NULL	2	2015-08-11	2015-08-11	0.9756	1.0	0.8235
1240849	ediyes	3	0	2	2015-04-22	2015-04-22	NULL	3	2015-06-18	2015-06-18	0.0	0.0	0.0
3139523	Hitesh Thakker	185	0	185	2015-08-10	2015-08-10	NULL	1	2015-08-11	2015-08-11	1.0	1.0	NULL
1212758	videren	2	0	0	2013-01-27	NULL	NULL	1	2013-01-27	2013-01-27	1.0	NULL	1.0
1298408	nginyii	4	0	4	2013-03-24	2013-03-24	NULL	1	2013-03-24	2013-03-24	1.0	1.0	NULL
16558	tiger_old	8	0	0	2010-08-10	NULL	NULL	1	2010-08-10	2010-08-10	0.0	0.0	0.0
3213903	Dunkan50	193	0	188	2015-09-04	2015-09-04	NULL	1	2015-09-04	2015-09-04	0.7751	1.0	0.082
904758	William Payne	10	0	8	2012-09-21	2012-09-21	NULL	1	2012-09-21	2012-09-21	1.0	1.0	1.0
38588	mentor	1	0	0	2014-06-16	NULL	NULL	1	2014-06-16	2014-06-16	0.0	0.0	0.0
2013614	kartenmalergidi	102	0	62	2015-01-17	2015-01-17	NULL	1	2015-01-17	2015-01-17	0.0049	0.0033	0.0175
170672	1248	1	0	0	2009-12-09	NULL	NULL	1	2009-12-09	2009-12-09	0.0	0.0	0.0001
2898416	1masha	1	0	1	2015-05-08	2015-05-08	NULL	1	2015-05-08	2015-05-08	1.0	1.0	NULL
2714537	sgornick	2	0	1	2015-02-28	2015-02-28	NULL	2	2015-03-01	2015-03-01	1.0	1.0	NULL
3260103	batac joe	12	0	2	2015-10-07	2015-10-07	NULL	1	2015-10-07	2015-10-07	1.0	1.0	1.0
26299	uboot	16	0	0	2008-04-03	NULL	NULL	4	2011-02-24	2010-01-13	0.0	0.0	0.0
311318	luiswoo	86	0	56	2012-01-17	2012-01-17	NULL	1	2012-01-17	2012-01-17	0.0001	0.0	0.0001
355242	Bryce C Nesbitt	12	0	0	2011-11-15	NULL	NULL	4	2013-03-19	2012-04-27	0.0	0.0	0.0
1651798	oldenburg69	4	0	2	2013-11-15	2013-11-15	NULL	1	2013-11-15	2013-11-15	0.0034	0.002	0.012
2560523	Robowolfer	1	0	0	2015-02-11	NULL	NULL	1	2015-02-11	2015-02-11	0.0	0.0	0.0001
283266	Edmund_Humenberger	77	2	60	2011-01-09	2011-01-09	2014-01-06	2	2012-07-09	2013-06-21	0.0021	0.0028	0.0011
454012	Feldo	55	1	55	2015-11-15	2015-11-15	2015-11-15	1	2015-11-15	2015-11-15	0.0	0.0	0.0
398864	Kubadilisha	11	0	7	2011-01-22	2011-01-22	NULL	1	2011-01-23	2011-01-23	1.0	1.0	1.0
2343649	Lauryne	2	0	1	2014-09-18	2014-09-18	NULL	1	2014-09-18	2014-09-18	0.6667	1.0	0.5
207249	rainerU	2	0	1	2011-01-08	2011-01-08	NULL	1	2011-01-08	2011-01-08	0.0	0.0	0.0
77446	Flacus	1	0	0	2010-03-26	NULL	NULL	1	2010-03-26	2010-03-26	0.0001	0.0	0.0001
69102	Mathbau	4	0	0	2010-09-21	NULL	NULL	1	2010-09-21	2010-09-21	0.0	0.0	0.0
114161	Polarbear	2	0	0	2010-08-13	NULL	NULL	1	2010-08-13	2010-08-13	0.0	0.0	0.0
1912712	dmutie	1	0	0	2014-02-01	NULL	NULL	1	2014-02-01	2014-02-01	NULL	NULL	NULL
2835928	nikhilprabhakar	3	0	1	2015-09-08	2015-09-08	NULL	1	2015-09-08	2015-09-08	0.0	0.0	0.0
2343677	hondigo	1	0	1	2014-09-18	2014-09-18	NULL	1	2014-09-18	2014-09-18	1.0	1.0	NULL
3432866	Kemsyjr	2	0	1	2015-12-04	2015-12-04	NULL	1	2015-12-04	2015-12-04	1.0	1.0	1.0
1417	maning	20	0	0	2010-01-13	NULL	NULL	1	2010-01-13	2010-01-13	0.0	0.0	0.0
352832	Morrolan	7	0	7	2011-11-24	2011-11-24	NULL	1	2011-11-24	2011-11-24	0.0005	0.0013	0.0
3356208	Sydney25	7	0	7	2015-11-13	2015-11-13	NULL	1	2015-11-14	2015-11-14	0.0025	0.0025	0.0
1722705	Peter Vojtek	14	0	13	2014-06-29	2014-06-29	NULL	1	2014-06-29	2014-06-29	0.0001	0.0001	0.0002
2279520	Oichi	22	0	20	2014-08-21	2014-08-21	NULL	1	2014-08-21	2014-08-21	1.0	1.0	1.0
13192	delphiN	1	0	0	2010-08-12	NULL	NULL	1	2010-08-12	2010-08-12	0.0	0.0	0.0
3139314	rain63	106	0	97	2015-08-10	2015-08-10	NULL	1	2015-08-10	2015-08-10	1.0	1.0	1.0
3162608	nawiti	187	2	177	2015-08-20	2015-08-20	2015-08-20	2	2015-08-23	2015-08-23	0.2026	0.1975	0.3704
692835	RahelOyugi	50	0	47	2012-05-31	2012-05-31	NULL	1	2012-05-31	2012-05-31	0.9434	1.0	0.5
3213954	Sharon Leina	112	0	112	2015-09-04	2015-09-04	NULL	1	2015-09-04	2015-09-04	1.0	1.0	NULL
3052145	ricgoodman	18	0	6	2015-07-11	2015-07-11	NULL	1	2015-07-11	2015-07-11	0.7826	0.75	0.8
38066	ArjanO	19	0	15	2013-09-23	2013-09-23	NULL	1	2013-09-23	2013-09-23	0.0003	0.0003	0.0003
42123	Ropino	250	0	0	2009-08-10	NULL	NULL	1	2009-08-10	2009-08-10	0.0001	0.0	0.0002
3139517	Utkarsh Shrivastava	106	0	78	2015-08-10	2015-08-10	NULL	2	2015-08-11	2015-08-11	1.0	1.0	1.0
1127998	kuikihoro	4	0	4	2012-12-11	2012-12-11	NULL	1	2012-12-11	2012-12-11	1.0	1.0	NULL
2393618	PC Shack	1	0	0	2015-03-27	NULL	NULL	1	2015-03-27	2015-03-27	1.0	NULL	1.0
2554698	ruthmaben	3	0	0	2015-04-01	NULL	NULL	2	2015-06-21	2015-05-25	0.0	0.0	0.0
3407014	Gio254	16	0	16	2015-11-23	2015-11-23	NULL	1	2015-11-23	2015-11-23	1.0	1.0	NULL
252326	awafula	1	0	1	2010-03-26	2010-03-26	NULL	1	2010-03-26	2010-03-26	1.0	1.0	NULL
2429819	Ruoro	84	0	28	2014-10-28	2014-10-28	NULL	1	2014-10-28	2014-10-28	0.9438	1.0	0.918
994181	antenna@	2	0	0	2012-10-31	NULL	NULL	1	2012-10-31	2012-10-31	0.0015	0.0	0.0034
260908	tptrust	1	0	0	2010-04-09	NULL	NULL	1	2010-04-09	2010-04-09	NULL	NULL	NULL
2815749	Ukang'a	7	0	5	2015-04-09	2015-04-09	NULL	3	2015-04-15	2015-04-12	1.0	1.0	1.0
521191	martin maringa	12	0	12	2011-09-13	2011-09-13	NULL	1	2011-09-13	2011-09-13	1.0	1.0	-0.0
5730	Muki	20	0	20	2013-12-17	2013-12-17	NULL	1	2013-12-17	2013-12-17	0.0498	0.0592	0.0
336481	KostjaReim	3	0	3	2010-08-23	2010-08-23	NULL	1	2010-08-23	2010-08-23	1.0	1.0	-0.0
3139489	vmsangeetha	204	0	173	2015-08-10	2015-08-10	NULL	2	2015-08-11	2015-08-11	0.9808	1.0	0.8857
1994572	modiyo	215	0	202	2014-03-20	2014-03-20	NULL	2	2014-04-13	2014-03-22	0.9389	1.0	0.4815
233248	zors1843	26	0	5	2013-01-04	2013-01-04	NULL	2	2013-02-22	2013-03-13	0.0001	0.0	0.0002
392827	pnorman_mechanical	30	0	0	2014-07-30	NULL	NULL	2	2014-08-04	2014-08-04	0.0	0.0	0.0
76471	TitanK	14	0	9	2010-10-29	2010-10-29	NULL	1	2010-10-29	2010-10-29	1.0	1.0	1.0
77114	LLAQWA	1	0	0	2014-10-28	NULL	NULL	1	2014-10-28	2014-10-28	0.0	0.0	0.0
12614	rabenkind	1	0	0	2011-01-08	NULL	NULL	1	2011-01-08	2011-01-08	0.0	0.0	0.0
196617	venerdi	19	0	11	2014-05-09	2014-05-09	NULL	1	2014-05-09	2014-05-09	0.0	0.0	0.0001
191112	tekim	8	0	8	2010-10-08	2010-10-08	NULL	1	2010-10-08	2010-10-08	0.0	0.0	0.0
474574	purity	28	0	27	2011-06-21	2011-06-21	NULL	1	2011-06-21	2011-06-21	1.0	1.0	NULL
32466	Dave W Farthing	14	0	7	2008-06-30	2008-06-30	NULL	1	2008-06-30	2008-06-30	0.0004	0.0004	0.0004
540114	bosingwa	22	0	6	2011-10-21	2011-10-21	NULL	1	2011-10-21	2011-10-21	1.0	1.0	1.0
4951	PeterEastern	45	0	34	2013-01-17	2013-01-17	NULL	2	2013-05-24	2013-08-02	0.0	0.0001	0.0
346068	GOduori	219	1	204	2015-07-08	2015-07-08	2015-12-27	10	2015-08-29	2015-09-20	0.1602	0.1569	0.2239
3213964	Mwangi Wambui	75	0	75	2015-09-04	2015-09-04	NULL	1	2015-09-04	2015-09-04	1.0	1.0	NULL
474566	Eunice Kirii	16	0	13	2011-06-21	2011-06-21	NULL	1	2011-06-21	2011-06-21	0.0443	0.0362	1.0
1169982	Laurence46	5	0	4	2013-02-23	2013-02-23	NULL	1	2013-02-23	2013-02-23	0.0556	0.0769	0.0263
290680	wheelmap_visitor	11	0	0	2012-06-25	NULL	NULL	6	2014-09-29	2015-04-16	0.0	0.0	0.0
16135	nimix	1	0	0	2012-07-20	NULL	NULL	1	2012-07-20	2012-07-20	0.0001	0.0	0.0001
3227911	mary muturi	75	0	63	2015-11-02	2015-11-02	NULL	2	2015-11-22	2015-11-30	1.0	1.0	1.0
578205	RonaldFabel	6	0	6	2012-02-09	2012-02-09	NULL	1	2012-02-09	2012-02-09	1.0	1.0	NULL
2276388	paulyonga	2	0	2	2014-08-25	2014-08-25	NULL	1	2014-08-25	2014-08-25	0.0029	0.0202	0.0
6124	Tiny	117	0	78	2014-05-08	2014-05-08	NULL	1	2014-05-08	2014-05-08	0.0008	0.0008	0.001
1227812	Tiany	43	0	43	2013-04-24	2013-04-24	NULL	5	2013-05-27	2013-06-05	1.0	1.0	-0.0
13467	Ian Checkley	186	13	80	2007-10-20	2007-10-20	2007-10-20	4	2007-10-25	2007-10-24	0.0046	0.0026	0.0102
2454337	kamicut	118	0	118	2015-07-29	2015-07-29	NULL	1	2015-07-29	2015-07-29	0.2305	0.2346	0.0
2644101	Chetan_Gowda	9	0	1	2015-09-08	2015-09-08	NULL	1	2015-09-08	2015-09-08	0.0	0.0	0.0001
392442	Whosewatsis	111	0	83	2011-01-06	2011-01-06	NULL	1	2011-01-07	2011-01-07	0.9911	1.0	0.9655
2727503	aport200	4	0	0	2015-05-29	NULL	NULL	1	2015-05-29	2015-05-29	1.0	NULL	1.0
3213957	Abbasjnr	12	0	12	2015-09-04	2015-09-04	NULL	1	2015-09-04	2015-09-04	1.0	1.0	NULL
28145	amillar	1	0	0	2009-06-17	NULL	NULL	1	2009-06-18	2009-06-18	0.0	0.0	0.0
464332	bkass	1	0	1	2014-03-24	2014-03-24	NULL	1	2014-03-24	2014-03-24	0.0004	0.0004	0.0
13832	Peter14	161	0	2	2013-12-13	2015-12-13	NULL	24	2014-05-01	2014-02-24	0.0001	0.0	0.0002
286581	Phippen	7	0	5	2011-03-16	2011-03-16	NULL	1	2011-03-16	2011-03-16	0.0015	0.0033	0.0006
991809	petrilk	155	0	151	2012-11-22	2012-11-22	NULL	2	2012-11-24	2012-11-24	0.0173	0.0183	0.0058
2108432	Paul Ouma	3	0	2	2014-06-05	2014-06-05	NULL	1	2014-06-05	2014-06-05	1.0	1.0	1.0
3227909	michael opiyo	274	0	206	2015-11-16	2015-11-16	NULL	1	2015-11-16	2015-11-16	0.9892	1.0	0.9577
3171172	riskfifie	126	0	122	2015-08-21	2015-08-21	NULL	1	2015-08-22	2015-08-22	0.3642	0.3567	1.0
1791419	Felix Kirathe	27	0	17	2013-10-31	2013-10-31	NULL	2	2014-08-28	2015-03-05	1.0	1.0	1.0
520239	Gutsycat	1	0	0	2015-11-02	NULL	NULL	1	2015-11-03	2015-11-03	0.0001	0.0	0.0002
18675	JeLuF	180	0	85	2010-01-12	2010-01-12	NULL	3	2010-01-14	2010-01-14	0.0004	0.0003	0.0006
3043782	DK_VJCS	1	0	0	2015-07-08	NULL	NULL	1	2015-07-08	2015-07-08	0.0017	NULL	0.0017
1244807	Oberpfälzer	10	0	0	2014-11-09	NULL	NULL	1	2014-11-09	2014-11-09	0.0	0.0	0.0003
253683	sinopitt	1	0	0	2012-10-06	NULL	NULL	1	2012-10-06	2012-10-06	0.0	0.0	0.0
6975	ulfl	2	0	0	2009-01-01	NULL	NULL	2	2009-06-29	2009-06-29	0.0	0.0	0.0001
2277688	GenevaSiobhan	12	0	12	2014-08-20	2014-08-20	NULL	1	2014-08-20	2014-08-20	1.0	1.0	NULL
5359	user_5359	45	0	0	2010-08-29	NULL	NULL	7	2012-07-14	2013-04-23	0.0002	0.0	0.0004
1103866	Alienx	64	0	60	2013-05-11	2013-05-11	NULL	5	2014-02-15	2014-06-22	0.0027	0.0037	0.0005
559500	johanemilsson	263	0	81	2011-12-20	2011-12-20	NULL	5	2013-02-02	2012-02-09	0.0007	0.0002	0.0047
514285	donyango	12	0	11	2011-09-01	2011-09-01	NULL	1	2011-09-01	2011-09-01	0.8	1.0	0.25
232312	ike88	16	0	6	2010-05-27	2010-05-27	NULL	1	2010-05-27	2010-05-27	0.0007	0.0004	0.0015
19612	brianh	1	0	1	2013-04-03	2013-04-03	NULL	1	2013-04-04	2013-04-04	0.0	0.0	0.0
179778	JulienBalas	15	0	0	2014-07-14	NULL	NULL	1	2014-07-15	2014-07-15	0.0	0.0	0.0001
669372	Shamsia Dala	226	0	202	2012-04-27	2012-04-27	NULL	4	2012-05-11	2012-05-05	0.9912	1.0	0.9231
278800	tbicr	4	0	0	2014-11-07	NULL	NULL	1	2014-11-07	2014-11-07	0.0001	0.0	0.0003
590702	NixOdieny	4	0	2	2012-01-26	2012-01-26	NULL	3	2013-01-05	2013-02-18	1.0	1.0	1.0
158826	cquest	2	0	0	2012-05-25	NULL	NULL	1	2012-05-25	2012-05-25	0.0	0.0	0.0
1034178	viptrack	8	0	8	2013-04-08	2013-04-08	NULL	1	2013-04-08	2013-04-08	0.0012	0.0015	0.0
3213324	Taariq Twaha	117	0	112	2015-09-04	2015-09-04	NULL	1	2015-09-04	2015-09-04	1.0	1.0	1.0
3585	SlowRider	7	0	0	2007-11-01	NULL	NULL	1	2007-11-02	2007-11-02	0.0	0.0	0.0002
415989	Chasia	2	0	2	2011-12-05	2011-12-05	NULL	1	2011-12-05	2011-12-05	0.04	0.0408	0.0
3165248	akashyap	176	0	176	2015-08-19	2015-08-19	NULL	1	2015-08-20	2015-08-20	1.0	1.0	NULL
360780	mrichman	4	0	4	2013-06-19	2013-06-19	NULL	1	2013-06-19	2013-06-19	0.0005	0.0005	0.0
22301	Mark Iliffe	103	0	103	2010-05-25	2010-05-25	NULL	2	2010-05-26	2010-05-25	0.0097	0.0247	0.0
1443131	shantell wambui	1	0	1	2013-05-13	2013-05-13	NULL	1	2013-05-13	2013-05-13	NULL	1.0	-0.0
279647	nj3ma	2	0	2	2013-11-06	2013-11-06	NULL	1	2013-11-06	2013-11-06	0.2222	0.2222	NULL
1970	zmarties	1	0	0	2014-05-24	NULL	NULL	1	2014-05-25	2014-05-25	0.0004	0.0	0.0007
5735	ColinMarquardt	15	0	0	2010-01-12	NULL	NULL	2	2010-09-01	2010-02-13	0.0001	0.0	0.0003
3165245	kevintu	99	0	99	2015-08-19	2015-08-19	NULL	1	2015-08-20	2015-08-20	0.8319	1.0	0.0
527956	Leonidasufsc	6	0	0	2015-12-09	NULL	NULL	1	2015-12-09	2015-12-09	0.0002	0.0	0.0026
547959	Allan Lykke Christensen	12	0	5	2011-11-02	2011-11-02	NULL	1	2011-11-02	2011-11-02	1.0	1.0	1.0
243308	keng	4	0	2	2012-03-20	2012-03-20	NULL	2	2012-03-21	2012-03-21	0.0009	0.0006	0.0018
1228112	Finn Boykew	1	0	0	2013-02-12	NULL	NULL	1	2013-02-12	2013-02-12	NULL	NULL	NULL
605229	HulkKE	5	0	5	2012-02-15	2012-02-15	NULL	2	2012-02-22	2012-02-26	1.0	1.0	-0.0
1992089	mortonsaulo	3	0	2	2014-03-19	2014-03-19	NULL	1	2014-03-19	2014-03-19	1.0	1.0	1.0
2623950	Dzeriiiy	2	0	2	2015-02-06	2015-02-06	NULL	1	2015-02-06	2015-02-06	1.0	1.0	NULL
65148	tixuwuoz	1	0	0	2010-09-22	NULL	NULL	1	2010-09-22	2010-09-22	0.0	0.0	0.0
2826988	Naomi Kenya	23	0	13	2015-04-28	2015-04-28	NULL	1	2015-04-28	2015-04-28	0.6216	0.619	0.625
474781	Apollowokabi12	2	0	1	2011-06-21	2011-06-21	NULL	1	2011-06-21	2011-06-21	1.0	1.0	NULL
8164	fjbehr	91	1	89	2011-10-09	2011-10-09	2011-10-09	3	2011-10-14	2011-10-09	0.0027	0.0055	0.0001
3271693	Zach Ellis	67	0	64	2015-10-13	2015-10-13	NULL	1	2015-10-13	2015-10-13	0.0218	0.0272	0.0042
5211	emvee	2	0	0	2010-09-16	NULL	NULL	1	2010-09-17	2010-09-17	0.0	0.0	0.0
949952	David Lemayian	190	0	95	2014-09-25	2014-09-25	NULL	2	2015-05-11	2015-10-16	0.7451	1.0	0.5938
76114	Letus	6	0	6	2011-06-28	2011-06-28	NULL	1	2011-06-29	2011-06-29	0.0	0.0	0.0
187085	must1n	9	0	6	2010-04-06	2010-04-06	NULL	1	2010-04-06	2010-04-06	0.0	0.0	0.0
453695	RR81	186	0	142	2012-10-23	2012-10-23	NULL	2	2013-05-08	2012-11-30	0.0019	0.0021	0.0015
7464	Odiug	1	0	0	2013-10-12	NULL	NULL	1	2013-10-12	2013-10-12	0.0	0.0	0.0
3214086	poppingtonic	9	0	9	2015-09-04	2015-09-04	NULL	1	2015-09-04	2015-09-04	1.0	1.0	NULL
1974317	Vincent Mswahili	1	0	1	2014-03-26	2014-03-26	NULL	1	2014-03-26	2014-03-26	1.0	1.0	NULL
2107477	HeikoRehm	8	0	8	2014-06-05	2014-06-05	NULL	1	2014-06-05	2014-06-05	1.0	1.0	-0.0
508796	Matrixster	7	0	7	2011-08-19	2011-08-19	NULL	1	2011-08-19	2011-08-19	1.0	1.0	-0.0
711823	kenmuriuki	1	0	1	2012-06-25	2012-06-25	NULL	1	2012-06-25	2012-06-25	1.0	1.0	NULL
334393	olo81	62	0	30	2013-01-23	2013-01-23	NULL	1	2013-01-23	2013-01-23	0.0003	0.0002	0.001
398086	lesko987	34	0	0	2013-08-13	NULL	NULL	3	2013-08-31	2013-08-19	0.0001	0.0	0.0001
1759476	ConnorLeech	7	0	7	2014-02-21	2014-02-21	NULL	1	2014-02-22	2014-02-22	1.0	1.0	NULL
3139347	mding	166	0	156	2015-08-10	2015-08-10	NULL	1	2015-08-10	2015-08-10	0.8877	1.0	0.3226
687500	Jkabera	96	0	46	2012-05-24	2012-05-24	NULL	8	2012-07-05	2012-06-08	0.932	1.0	0.8772
49031	craigloftus	4	0	4	2012-11-03	2012-11-03	NULL	1	2012-11-03	2012-11-03	0.0	0.0	0.0
32786	Netzwolf	1	0	0	2013-01-26	NULL	NULL	1	2013-01-26	2013-01-26	0.0	0.0	0.0
1790725	Timonjue	3	0	1	2015-06-24	2015-10-10	NULL	2	2015-08-17	2015-07-30	0.75	1.0	0.6667
488491	njorogembugua	1	0	1	2011-07-14	2011-07-14	NULL	1	2011-07-14	2011-07-14	0.3333	0.3333	NULL
1026544	Sistah	1	0	1	2012-12-07	2012-12-07	NULL	1	2012-12-07	2012-12-07	NULL	1.0	-0.0
681674	africanway	2	0	2	2013-11-05	2013-11-05	NULL	1	2013-11-05	2013-11-05	0.0	0.0	0.0
537590	Tomi Toivio	7	0	3	2012-07-30	2012-07-30	NULL	1	2012-07-30	2012-07-30	0.4375	0.375	0.5
3165122	Kompfner	258	0	258	2015-08-19	2015-08-19	NULL	1	2015-08-20	2015-08-20	0.9281	1.0	0.0
2815066	eryon1800	1	0	0	2015-04-09	NULL	NULL	1	2015-04-09	2015-04-09	0.0019	0.0	0.025
1871907	davidajowi	1	0	1	2014-01-07	2014-01-07	NULL	1	2014-01-07	2014-01-07	1.0	1.0	NULL
3139316	Doupan Guo	209	0	205	2015-08-10	2015-08-10	NULL	1	2015-08-10	2015-08-10	0.9127	1.0	0.1667
3139349	anushriprabhu	261	0	255	2015-08-10	2015-08-10	NULL	1	2015-08-10	2015-08-10	0.9739	1.0	0.4615
16315	-jha-	13	0	6	2011-01-23	2011-01-23	NULL	1	2011-01-23	2011-01-23	0.0001	0.0	0.0001
229494	swampcottage	4	0	4	2010-02-17	2010-02-17	NULL	1	2010-02-17	2010-02-17	1.0	1.0	-0.0
3139491	srimani	186	0	186	2015-08-10	2015-08-10	NULL	2	2015-08-11	2015-08-11	0.9947	1.0	0.0
2343674	Goddie	2	0	2	2014-09-18	2014-09-18	NULL	1	2014-09-18	2014-09-18	1.0	1.0	-0.0
3139479	Deepalakshmi Dharani	138	0	135	2015-08-10	2015-08-10	NULL	1	2015-08-11	2015-08-11	1.0	1.0	1.0
109852	Reinier Battenberg	132	0	128	2010-06-13	2010-06-13	NULL	4	2012-08-01	2011-09-16	0.0086	0.0104	0.0013
1651815	MAKHETI	1	0	0	2013-07-17	NULL	NULL	1	2013-07-17	2013-07-17	1.0	NULL	1.0
3042407	ameliegericke	5	0	5	2015-07-07	2015-07-07	NULL	1	2015-07-07	2015-07-07	0.0019	0.0019	NULL
2407086	linneamoller	4	0	4	2014-10-23	2014-10-23	NULL	1	2014-10-23	2014-10-23	0.0339	0.0339	NULL
205449	plettman	12	0	3	2009-12-11	2009-12-11	NULL	1	2009-12-11	2009-12-11	0.0001	0.0001	0.0002
3213935	SteveBanner	79	0	73	2015-09-04	2015-09-04	NULL	1	2015-09-04	2015-09-04	1.0	1.0	1.0
2183897	byronleparan	8	0	8	2015-04-28	2015-04-28	NULL	1	2015-04-28	2015-04-28	1.0	1.0	NULL
543072	lamacchiacosta	31	0	31	2014-11-01	2014-11-01	NULL	1	2014-11-01	2014-11-01	0.0011	0.0016	0.0
1493643	Matt McM	1	0	0	2015-02-12	NULL	NULL	1	2015-02-13	2015-02-13	1.0	NULL	1.0
644920	ihema	3	0	2	2012-04-04	2012-04-04	NULL	1	2012-04-04	2012-04-04	1.0	1.0	1.0
3404308	aacarr5	49	0	49	2015-11-21	2015-11-21	NULL	1	2015-11-21	2015-11-21	0.5833	0.5833	NULL
31075	wieland	1	0	0	2011-08-29	NULL	NULL	1	2011-08-29	2011-08-29	0.0	0.0	0.0001
3386535	gino_sanders	24	0	22	2015-11-14	2015-11-14	NULL	1	2015-11-14	2015-11-14	0.2609	0.25	0.5
3439880	simeonoriko	32	0	32	2015-12-07	2015-12-07	NULL	1	2015-12-07	2015-12-07	0.8889	1.0	0.0
3165114	Aramsh	158	0	141	2015-08-19	2015-08-19	NULL	1	2015-08-20	2015-08-20	1.0	1.0	1.0
16591	neuhausr	2	0	0	2015-07-31	NULL	NULL	1	2015-07-31	2015-07-31	0.0	0.0	0.0
2951064	unveu	76	0	74	2015-08-14	2015-08-14	NULL	1	2015-08-14	2015-08-14	0.2135	0.2578	0.029
42191	Jano John Akim Franke	1	0	0	2013-02-15	NULL	NULL	1	2013-02-15	2013-02-15	0.0	0.0	0.0
179179	cjmartin	176	0	143	2015-08-19	2015-08-19	NULL	1	2015-08-20	2015-08-20	0.9167	0.9108	0.9429
3213941	maina carol	27	0	24	2015-09-04	2015-09-04	NULL	1	2015-09-04	2015-09-04	1.0	1.0	1.0
619657	Jon Fjolnir Albertsson	14	0	14	2012-06-06	2012-06-06	NULL	1	2012-06-06	2012-06-06	0.0008	0.0008	0.0
47565	osmfd	10	0	1	2015-12-18	2015-12-18	NULL	1	2015-12-18	2015-12-18	0.0001	0.0	0.0008
3165155	mrintellectual	150	0	137	2015-08-19	2015-08-19	NULL	1	2015-08-20	2015-08-20	0.9554	1.0	0.65
500413	beiti	33	0	33	2014-11-16	2014-11-16	NULL	1	2014-11-16	2014-11-16	0.5323	0.569	0.0
3139313	Abhay Gupta	201	0	194	2015-08-10	2015-08-10	NULL	1	2015-08-10	2015-08-10	1.0	1.0	1.0
1758189	A Solution Co Ltd	5	0	5	2013-09-27	2013-09-27	NULL	1	2013-09-27	2013-09-27	1.0	1.0	NULL
1218293	error27	1	0	1	2013-02-01	2013-02-01	NULL	1	2013-02-01	2013-02-01	1.0	1.0	NULL
1057876	hansemann1234	217	0	213	2014-08-16	2014-08-16	NULL	2	2015-02-02	2015-02-17	0.0004	0.0004	0.0001
104962	techlady	86	0	17	2013-07-20	2013-07-20	NULL	1	2013-07-21	2013-07-21	0.0001	0.0	0.0001
445671	flierfy	24	0	8	2012-10-01	2012-10-01	NULL	1	2012-10-01	2012-10-01	0.0003	0.0002	0.0006
1794874	fredmanglis	6	0	3	2014-10-28	2014-10-28	NULL	2	2014-11-02	2014-11-02	0.0536	0.0577	0.05
651869	Aurimas Fišeras	10	0	4	2014-05-16	2014-05-16	NULL	1	2014-05-16	2014-05-16	0.0	0.0	0.0
2673403	bolonotix	4	0	4	2015-03-27	2015-03-27	NULL	1	2015-03-27	2015-03-27	1.0	1.0	NULL
986333	moses wahor	44	0	1	2013-06-19	2013-06-19	NULL	1	2013-06-19	2013-06-19	0.9778	1.0	0.9773
118021	maggot27	36	0	0	2014-02-21	NULL	NULL	3	2015-03-24	2014-06-01	0.0003	0.0	0.0004
67862	HolgerJeromin	32	0	8	2011-10-10	2011-12-23	NULL	5	2012-07-01	2012-02-23	0.0002	0.0001	0.0003
859486	Tan-kip	29	0	29	2013-05-16	2013-05-16	NULL	1	2013-05-16	2013-05-16	0.3222	0.3222	NULL
95383	Ian Small	22	0	0	2009-01-29	NULL	NULL	1	2009-01-29	2009-01-29	1.0	NULL	1.0
227137	Dommel	1	0	0	2010-02-03	NULL	NULL	1	2010-02-03	2010-02-03	1.0	NULL	1.0
1243428	EMWK	1	0	1	2013-02-28	2013-02-28	NULL	1	2013-02-28	2013-02-28	NULL	1.0	-0.0
2761749	wachiram76	33	0	33	2015-05-06	2015-05-06	NULL	2	2015-06-06	2015-06-21	0.3474	0.5156	0.0
51600	brandoncote	1	0	0	2014-06-09	NULL	NULL	1	2014-06-09	2014-06-09	0.0	0.0	0.0
111410	Dave Stanley	94	0	93	2015-10-22	2015-10-22	NULL	3	2015-11-27	2015-10-31	0.0002	0.0007	0.0
3227908	Gitonga Johnstone	79	0	78	2015-09-11	2015-09-11	NULL	4	2015-11-13	2015-11-29	1.0	1.0	1.0
1988531	Munyaoe	71	0	70	2014-03-19	2014-03-19	NULL	3	2014-03-21	2014-03-21	0.8987	0.8974	1.0
3201239	adam55502	149	0	133	2015-08-31	2015-08-31	NULL	1	2015-08-31	2015-08-31	0.903	1.0	0.5
2838481	joemakeni	5	0	4	2015-04-18	2015-04-18	NULL	1	2015-04-18	2015-04-18	1.0	1.0	1.0
3449571	Mapper-B	130	4	106	2015-12-11	2015-12-11	2015-12-11	1	2015-12-11	2015-12-11	0.5628	0.5381	0.7059
3139321	christinehong	85	0	85	2015-08-10	2015-08-10	NULL	1	2015-08-10	2015-08-10	1.0	1.0	NULL
2343684	Dennis Omondi	1	0	1	2014-09-18	2014-09-18	NULL	1	2014-09-18	2014-09-18	1.0	1.0	NULL
69853	Central America	4	0	4	2015-11-09	2015-11-09	NULL	1	2015-11-09	2015-11-09	0.0	0.0	0.0
2529271	editedterrain	2	0	1	2014-12-19	2014-12-19	NULL	1	2014-12-19	2014-12-19	0.0556	0.0417	0.0833
1858859	Ligindogo	11	0	7	2013-12-28	2013-12-28	NULL	1	2013-12-28	2013-12-28	1.0	1.0	1.0
2339121	Jipange	6	0	5	2014-09-16	2014-09-16	NULL	1	2014-09-16	2014-09-16	1.0	1.0	1.0
160826	drneal	112	2	106	2009-08-26	2009-08-26	2009-08-27	6	2011-11-28	2012-08-26	0.1487	0.1464	0.2069
2252378	japhethkip	2	0	1	2014-08-11	2014-08-11	NULL	1	2014-08-11	2014-08-11	1.0	1.0	1.0
438201	Nj3ma	11	0	11	2011-05-31	2011-05-31	NULL	6	2011-06-15	2011-06-12	0.9167	0.9167	NULL
812740	westis	24	0	7	2013-09-02	2013-09-02	NULL	2	2013-09-22	2013-10-07	0.0003	0.0001	0.0036
648592	phidelys	3	0	2	2012-04-06	2012-04-06	NULL	1	2012-04-06	2012-04-06	1.0	1.0	NULL
3087085	ngp811	20	0	20	2015-07-23	2015-07-23	NULL	2	2015-08-01	2015-08-06	0.7143	0.7143	NULL
1241146	fidelia	240	0	234	2013-03-14	2013-03-14	NULL	29	2013-05-29	2013-05-19	1.0	1.0	1.0
474570	Auma Tom	52	0	52	2011-06-21	2011-06-21	NULL	1	2011-06-21	2011-06-21	1.0	1.0	NULL
4902	mbuege	154	0	142	2011-01-19	2011-01-19	NULL	1	2011-01-19	2011-01-19	0.0006	0.0012	0.0001
3139345	mpetach	165	0	165	2015-08-10	2015-08-10	NULL	1	2015-08-10	2015-08-10	1.0	1.0	NULL
768145	Jotam	112	0	27	2015-06-06	2015-08-06	NULL	4	2015-08-01	2015-08-06	0.0008	0.0005	0.001
3272089	nicowanjala	1	0	1	2015-09-29	2015-09-29	NULL	1	2015-09-29	2015-09-29	1.0	1.0	NULL
1193827	raubraupe	9	0	0	2014-07-10	NULL	NULL	1	2014-07-10	2014-07-10	0.0001	0.0	0.0004
2748195	karitotp	4	0	1	2015-07-23	2015-09-04	NULL	3	2015-08-22	2015-08-26	0.0	0.0	0.0
24247	Vlad	89	0	83	2015-05-27	2015-05-27	NULL	1	2015-05-27	2015-05-27	0.0001	0.0001	0.0
2773866	kreuzschnabel	9	0	2	2015-10-07	2015-10-07	NULL	1	2015-10-07	2015-10-07	0.0001	0.0	0.0001
56597	Oberaffe	79	0	10	2010-05-11	2014-09-14	NULL	3	2012-06-11	2014-01-25	0.0	0.0	0.0001
156528	raglar	108	0	102	2015-01-30	2015-01-30	NULL	1	2015-01-31	2015-01-31	0.0005	0.0005	0.0003
514291	JUSTUS	27	0	26	2011-08-31	2011-08-31	NULL	1	2011-08-31	2011-08-31	0.931	1.0	0.3333
42619	kerosin	1	0	0	2011-01-21	NULL	NULL	1	2011-01-21	2011-01-21	0.0	0.0	0.0001
433827	Ninfa	72	0	72	2011-04-18	2011-04-18	NULL	1	2011-04-18	2011-04-18	1.0	1.0	-0.0
63107	brogo	1	0	0	2015-10-28	NULL	NULL	1	2015-10-28	2015-10-28	0.0	0.0	0.0
564773	Hartmut44	1	0	1	2011-12-07	2011-12-07	NULL	1	2011-12-07	2011-12-07	1.0	1.0	NULL
1883308	wasgeezy	1	0	0	2014-01-14	NULL	NULL	1	2014-01-14	2014-01-14	1.0	NULL	1.0
384773	kookync	1	0	1	2010-12-17	2010-12-17	NULL	1	2010-12-17	2010-12-17	NULL	1.0	-0.0
9796	Ben VdA	29	0	29	2012-06-13	2012-06-13	NULL	1	2012-06-14	2012-06-14	0.0004	0.0009	0.0
3166401	bshiundu	13	0	8	2015-08-20	2015-08-20	NULL	1	2015-08-20	2015-08-20	1.0	1.0	1.0
385046	Palolo	1	0	1	2015-08-19	2015-08-19	NULL	1	2015-08-20	2015-08-20	0.0	0.0	0.0
2224	Kolossos	1	0	0	2012-10-19	NULL	NULL	1	2012-10-19	2012-10-19	0.0004	0.0	0.0008
347165	Nkinyili	107	0	104	2010-09-21	2010-09-21	NULL	3	2010-09-26	2010-09-28	0.964	1.0	0.4286
3139315	Rnog	158	0	156	2015-08-10	2015-08-10	NULL	1	2015-08-10	2015-08-10	0.9349	1.0	0.1538
124550	bvivi	10	0	5	2015-07-28	2015-07-28	NULL	1	2015-07-28	2015-07-28	0.0001	0.0	0.0001
367380	Mloni	126	0	24	2010-12-31	2010-12-31	NULL	2	2012-07-04	2013-12-28	0.0062	0.006	0.0062
314722	MapUserOne	4	0	4	2011-06-23	2011-06-23	NULL	1	2011-06-23	2011-06-23	0.0015	0.002	0.0
468271	Njoroge	1	0	0	2011-06-10	NULL	NULL	1	2011-06-10	2011-06-10	NULL	NULL	NULL
1819294	Merlin_76	8	0	5	2013-11-26	2013-11-26	NULL	1	2013-11-26	2013-11-26	0.6667	1.0	0.4286
3427796	Harrison Nene	11	0	11	2015-12-02	2015-12-02	NULL	1	2015-12-02	2015-12-02	1.0	1.0	NULL
3214103	Loise Mwai	5	0	4	2015-09-04	2015-09-04	NULL	1	2015-09-04	2015-09-04	0.8333	1.0	0.5
1478147	innocensia	24	0	24	2013-05-23	2013-05-23	NULL	2	2013-06-01	2013-06-06	0.0004	0.0007	0.0
61148	Freier Radikaler	19	0	8	2011-04-04	2011-04-04	NULL	1	2011-04-04	2011-04-04	0.0002	0.0001	0.0003
2823342	dennis82	3	0	3	2015-04-13	2015-04-13	NULL	1	2015-04-13	2015-04-13	1.0	1.0	NULL
3139522	LakisK	264	0	230	2015-08-10	2015-08-10	NULL	2	2015-08-11	2015-08-11	1.0	1.0	1.0
3381684	MANOJPANCHAL	4	0	4	2015-11-12	2015-11-12	NULL	1	2015-11-12	2015-11-12	1.0	1.0	NULL
2226712	dannykath	6	0	5	2015-07-22	2015-07-22	NULL	4	2015-08-11	2015-08-17	0.0	0.0	0.0
602776	Noka Fahimi	155	0	147	2012-02-11	2012-02-11	NULL	3	2012-02-14	2012-02-15	0.1037	0.1095	0.0523
325682	katembu	5	0	4	2010-07-29	2010-07-29	NULL	1	2010-07-29	2010-07-29	1.0	1.0	NULL
455573	decibyte	97	0	4	2013-06-17	2013-06-17	NULL	1	2013-06-17	2013-06-17	0.9898	0.8	1.0
540100	seedorf	220	0	220	2011-11-28	2011-11-28	NULL	1	2011-11-28	2011-11-28	1.0	1.0	-0.0
372568	vinn	150	0	106	2011-10-17	2011-10-17	NULL	3	2011-10-18	2011-10-18	0.0002	0.0003	0.0001
31138	5EE	157	0	0	2009-09-06	NULL	NULL	1	2009-09-06	2009-09-06	0.0002	0.0	0.0005
69259	DnaX	4	0	4	2013-05-29	2013-05-29	NULL	1	2013-05-29	2013-05-29	0.0	0.0	0.0
1224487	ERMissions	1	0	0	2013-02-13	NULL	NULL	1	2013-02-13	2013-02-13	0.0007	0.0	0.008
3165121	ayanray	176	0	176	2015-08-19	2015-08-19	NULL	1	2015-08-20	2015-08-20	0.9514	1.0	0.0
19862	dantje	9	0	7	2008-06-09	2008-06-09	NULL	1	2008-06-10	2008-06-10	0.0002	0.0002	0.0001
2241778	kip140	2	0	1	2014-08-07	2014-08-07	NULL	1	2014-08-07	2014-08-07	1.0	1.0	1.0
609578	Muraya	36	0	36	2012-03-02	2012-03-02	NULL	1	2012-03-02	2012-03-02	1.0	1.0	NULL
525002	shenriod	14	0	11	2013-02-08	2013-02-08	NULL	1	2013-02-08	2013-02-08	0.0002	0.0002	0.0001
88337	ruph	3	0	2	2015-12-29	2015-12-29	NULL	1	2015-12-29	2015-12-29	0.0	0.0	0.0
170038	Nanopixel	1	0	0	2012-08-31	NULL	NULL	1	2012-08-31	2012-08-31	0.0005	0.0	0.0007
3449565	KeenanHan	167	0	167	2015-12-11	2015-12-11	NULL	1	2015-12-11	2015-12-11	0.3139	0.3139	NULL
1778799	SomeoneElse_Revert	1	0	0	2015-11-30	NULL	NULL	1	2015-12-01	2015-12-01	0.0	0.0	0.0
3165265	khaiguy	205	0	156	2015-08-19	2015-08-19	NULL	1	2015-08-20	2015-08-20	0.9856	1.0	0.9423
535126	Isaiah	12	0	10	2011-10-10	2011-10-10	NULL	1	2011-10-10	2011-10-10	1.0	1.0	1.0
451142	vizion	10	0	10	2011-05-08	2011-05-08	NULL	1	2011-05-08	2011-05-08	0.9091	0.9091	NULL
20163	bri g	18	0	0	2010-10-18	NULL	NULL	1	2010-10-19	2010-10-19	0.0	0.0	0.0001
74900	FischersFritz	48	6	41	2009-11-23	2009-11-23	2009-11-23	1	2009-11-23	2009-11-23	0.0	0.0	0.0
308	MichaelCollinson	185	2	9	2008-11-05	2008-12-12	2008-12-12	2	2008-11-25	2008-12-13	0.0	0.0	0.0001
474183	ratrun	52	0	11	2015-09-04	2015-10-18	NULL	30	2015-11-04	2015-10-29	0.0001	0.0001	0.0001
43972	chris66	92	0	72	2011-01-19	2011-01-19	NULL	1	2011-01-19	2011-01-19	0.0002	0.0002	0.0001
513724	annastacia	106	0	94	2011-12-05	2011-12-05	NULL	2	2011-12-06	2011-12-05	0.9907	1.0	0.9231
3171160	Hafeez144	162	0	159	2015-08-21	2015-08-21	NULL	1	2015-08-22	2015-08-22	0.9101	0.9086	1.0
564222	golfgeek	1	0	0	2011-12-04	NULL	NULL	1	2011-12-04	2011-12-04	0.0001	0.0	0.0003
2523109	mariannair	1	0	1	2014-12-21	2014-12-21	NULL	1	2014-12-21	2014-12-21	0.0294	0.0625	0.0
2402416	pzib	41	0	10	2014-10-15	2014-10-15	NULL	1	2014-10-15	2014-10-15	1.0	1.0	1.0
834086	vpettenati	2	0	0	2015-04-03	NULL	NULL	2	2015-04-30	2015-04-30	0.0	0.0	0.0
2078482	LS_Gossau	96	3	96	2014-12-13	2014-12-13	2014-12-13	1	2014-12-13	2014-12-13	0.0459	0.0651	0.0
437598	dmgroom_ct	1	0	0	2013-01-26	NULL	NULL	1	2013-01-26	2013-01-26	0.0	0.0	0.0
692836	Daughty	131	0	122	2012-05-31	2012-05-31	NULL	1	2012-05-31	2012-05-31	1.0	1.0	1.0
218571	Morani	12	0	9	2015-07-14	2015-07-14	NULL	2	2015-08-04	2015-08-18	0.0225	0.0197	0.0395
703999	riteshdoshi	3	0	1	2012-06-14	2012-06-14	NULL	1	2012-06-14	2012-06-14	1.0	1.0	1.0
3139474	NikitaVarma	191	0	145	2015-08-10	2015-08-10	NULL	2	2015-08-11	2015-08-11	1.0	1.0	1.0
31257	Ed Avis	76	0	73	2010-01-13	2010-01-13	NULL	1	2010-01-13	2010-01-13	0.0004	0.0004	0.0002
3165263	Tlincoln	55	0	26	2015-08-19	2015-08-19	NULL	1	2015-08-20	2015-08-20	1.0	1.0	1.0
22726	cabal	121	0	121	2007-12-29	2007-12-29	NULL	2	2009-08-12	2011-03-16	0.001	0.0011	0.0
383494	charles juma	80	0	80	2010-12-14	2010-12-14	NULL	1	2010-12-14	2010-12-14	0.9877	1.0	0.0
593205	msdess	45	0	38	2015-01-31	2015-01-31	NULL	1	2015-01-31	2015-01-31	0.0001	0.0001	0.0
1850261	Amrish Shah	5	0	5	2013-12-20	2013-12-20	NULL	1	2013-12-20	2013-12-20	1.0	1.0	NULL
307202	alester	2	0	0	2011-12-12	NULL	NULL	2	2011-12-14	2011-12-14	0.0	0.0	0.0
383550	elizabeth kinyua	19	0	19	2010-12-14	2010-12-14	NULL	1	2010-12-14	2010-12-14	1.0	1.0	-0.0
129447	lmwangi	24	0	18	2009-06-01	2009-06-01	NULL	4	2011-04-06	2010-10-29	0.1	0.0865	0.1875
3213907	charles njoroge muchoki	44	0	39	2015-09-04	2015-09-04	NULL	2	2015-10-23	2015-09-13	1.0	1.0	1.0
483101	Aikus	8	0	8	2012-05-18	2012-05-18	NULL	2	2012-05-19	2012-05-19	0.0035	0.0042	0.0
631857	j_iglar	3	0	2	2013-10-20	2013-10-20	NULL	1	2013-10-20	2013-10-20	0.0349	0.0385	0.0294
1617449	aceman444	2	0	0	2013-08-22	NULL	NULL	2	2013-09-30	2013-09-30	0.0	0.0	0.0
3165266	robinhess	252	0	223	2015-08-19	2015-08-19	NULL	1	2015-08-20	2015-08-20	0.5339	1.0	0.1165
514275	Emmanuel Ngore	6	0	6	2011-09-01	2011-09-01	NULL	1	2011-09-01	2011-09-01	0.6667	1.0	0.0
202858	kellerma	1	0	0	2011-01-08	NULL	NULL	1	2011-01-09	2011-01-09	0.0	0.0	0.0
761416	Petur Jansson	1	0	1	2013-10-22	2013-10-22	NULL	1	2013-10-22	2013-10-22	0.0001	0.0001	0.0
3311557	DiveFlyer007	7	0	6	2015-10-15	2015-10-15	NULL	2	2015-10-18	2015-10-17	1.0	1.0	1.0
116004	ThurnerRupert	1	0	1	2011-07-05	2011-07-05	NULL	1	2011-07-06	2011-07-06	0.0037	0.0053	0.0
413785	dvdshosh	2	0	2	2011-02-24	2011-02-24	NULL	1	2011-02-24	2011-02-24	1.0	1.0	NULL
1829683	Luis36995	8	0	1	2014-07-16	2014-07-24	NULL	4	2014-10-14	2014-09-06	0.0	0.0	0.0
420883	joedal-osm	75	0	39	2013-02-03	2013-02-03	NULL	7	2013-06-19	2013-04-02	0.0	0.0	0.0001
1711029	benson gathu	2	0	2	2013-08-11	2013-08-11	NULL	2	2013-08-13	2013-08-13	1.0	1.0	-0.0
236134	Particlem	25	0	25	2011-01-06	2011-01-06	NULL	1	2011-01-07	2011-01-07	0.0043	0.0058	0.0
2289290	kchrismucheke	6	0	4	2014-08-25	2014-08-25	NULL	1	2014-08-26	2014-08-26	0.8571	1.0	0.6667
31917	soylentgreen	207	0	146	2013-11-23	2013-11-23	NULL	1	2013-11-24	2013-11-24	0.0069	0.0075	0.0059
2511706	calfarome	1	0	0	2015-07-23	NULL	NULL	1	2015-07-23	2015-07-23	0.0	0.0	0.0
477692	Kiprono	1	0	1	2011-08-24	2011-08-24	NULL	1	2011-08-24	2011-08-24	1.0	1.0	NULL
1183539	MicahMacAllen	6	0	6	2013-01-03	2013-01-03	NULL	1	2013-01-03	2013-01-03	0.3333	1.0	0.0
64578	Serpens	35	0	0	2009-12-19	NULL	NULL	16	2012-09-30	2012-04-20	0.0025	0.0	0.0075
37109	Baruch	1	0	0	2009-06-18	NULL	NULL	1	2009-06-19	2009-06-19	0.0	0.0	0.0001
231800	neaj	2	0	1	2010-11-23	2010-11-23	NULL	1	2010-11-23	2010-11-23	0.002	0.001	0.3333
3227929	Faina Issa	38	0	38	2015-09-11	2015-09-11	NULL	1	2015-09-11	2015-09-11	1.0	1.0	NULL
2304720	Saajansii	264	0	259	2015-08-10	2015-08-10	NULL	2	2015-08-11	2015-08-11	0.9962	1.0	0.8333
2343654	Cephas Nderi	35	0	35	2014-09-18	2014-09-18	NULL	1	2014-09-18	2014-09-18	0.9722	1.0	0.0
3378955	emrouweler	68	0	58	2015-11-11	2015-11-11	NULL	3	2015-11-12	2015-11-13	0.7312	0.8923	0.3571
80011	Sarah4	7	0	7	2011-06-06	2011-06-06	NULL	1	2011-06-06	2011-06-06	0.0161	0.0191	0.0
28895	PurpleMustang	23	0	1	2012-06-09	2012-06-09	NULL	1	2012-06-10	2012-06-10	0.0	0.0	0.0001
193865	andrewofthebike	6	0	1	2009-11-05	2009-11-05	NULL	1	2009-11-05	2009-11-05	1.0	1.0	1.0
1331036	geofreygachie	1	0	1	2013-04-05	2013-04-05	NULL	1	2013-04-05	2013-04-05	NULL	1.0	-0.0
35243	chasu	4	0	0	2009-09-05	NULL	NULL	1	2009-09-05	2009-09-05	0.0001	0.0	0.0004
3165112	Mmsandgren	4	0	0	2015-08-19	NULL	NULL	1	2015-08-20	2015-08-20	0.2857	NULL	0.2857
2344498	hybridOL	6	0	0	2014-10-08	NULL	NULL	1	2014-10-09	2014-10-09	0.0001	0.0	0.0003
453875	Uhkabu	174	0	171	2013-11-28	2013-11-28	NULL	3	2013-12-01	2013-12-01	0.0048	0.0054	0.0007
344834	Bertrand Fan	214	0	196	2015-08-19	2015-08-19	NULL	1	2015-08-20	2015-08-20	1.0	1.0	1.0
67244	cgfoz	19	0	16	2011-12-08	2011-12-08	NULL	1	2011-12-09	2011-12-09	0.1638	0.6667	0.0326
280679	Tom Layo	139	0	95	2013-08-07	2013-08-07	NULL	1	2013-08-07	2013-08-07	0.0001	0.0002	0.0001
297215	pmatogo	28	0	2	2010-06-02	2010-06-02	NULL	1	2010-06-02	2010-06-02	1.0	1.0	1.0
67832	joost schouppe	208	0	0	2014-04-14	NULL	NULL	1	2014-04-14	2014-04-14	0.0004	0.0	0.0052
3057995	oini	1	0	0	2015-09-11	NULL	NULL	1	2015-09-11	2015-09-11	0.0	0.0	0.0
2824628	SteveMash	2	0	1	2015-04-13	2015-04-13	NULL	2	2015-04-14	2015-04-14	1.0	1.0	NULL
1251210	Irungu	3	0	3	2013-03-06	2013-03-06	NULL	1	2013-03-06	2013-03-06	1.0	1.0	NULL
61561	emes	3	0	3	2013-08-20	2013-08-20	NULL	1	2013-08-21	2013-08-21	0.0	0.0001	0.0
533514	Kim Nooij	16	0	12	2012-09-06	2012-09-06	NULL	1	2012-09-06	2012-09-06	0.0028	0.0023	0.0062
2280809	tembea	4	0	1	2014-08-21	2014-08-21	NULL	1	2014-08-21	2014-08-21	1.0	1.0	1.0
223946	Brian Herbert	33	0	32	2015-01-19	2015-01-19	NULL	1	2015-01-19	2015-01-19	0.02	0.0205	0.012
701297	erjiang	48	0	48	2014-05-14	2014-05-14	NULL	1	2014-05-14	2014-05-14	0.0009	0.0014	0.0
2385962	roaven	1	0	0	2015-02-28	NULL	NULL	1	2015-02-28	2015-02-28	0.0	0.0	0.0002
660503	David Nzalu	64	0	58	2012-05-10	2012-05-10	NULL	4	2012-06-03	2012-06-10	0.9143	1.0	0.5
134282	Simon D12345	5	0	5	2014-04-04	2014-04-04	NULL	1	2014-04-04	2014-04-04	1.0	1.0	-0.0
514329	moengasusan	4	0	3	2011-09-01	2011-09-01	NULL	1	2011-09-01	2011-09-01	1.0	1.0	1.0
2512300	samely	28	0	28	2015-07-21	2015-07-21	NULL	1	2015-07-21	2015-07-21	0.0	0.0	0.0
818791	moosekenya	228	0	142	2012-08-20	2012-08-20	NULL	7	2012-09-18	2012-08-27	0.6129	0.5917	0.6515
26838	springmeyer	1	0	0	2012-06-03	NULL	NULL	1	2012-06-03	2012-06-03	0.0005	0.0	0.0021
1995843	Edward Maina	1	0	1	2014-03-21	2014-03-21	NULL	1	2014-03-21	2014-03-21	1.0	1.0	NULL
474563	mwawasig	46	0	44	2011-06-21	2011-06-21	NULL	1	2011-06-21	2011-06-21	0.4466	0.4314	1.0
514287	kenochieng	31	0	10	2011-09-01	2011-09-01	NULL	1	2011-09-01	2011-09-01	1.0	1.0	1.0
1514664	Ivolino	21	0	15	2014-12-25	2014-12-25	NULL	2	2014-12-26	2014-12-25	0.0049	0.0057	0.0036
70757	Simbamangu	19	0	19	2015-01-09	2015-01-09	NULL	1	2015-01-09	2015-01-09	0.003	0.0036	0.0
464321	stellamaris	115	0	114	2013-11-21	2013-11-21	NULL	1	2013-11-21	2013-11-21	0.3075	0.3193	0.0588
1770640	cndavano	40	0	40	2013-10-10	2013-10-10	NULL	1	2013-10-10	2013-10-10	0.9756	1.0	0.0
425742	A O	1	0	0	2011-05-27	NULL	NULL	1	2011-05-28	2011-05-28	NULL	NULL	NULL
2366968	Margaret-1	179	1	178	2014-11-25	2014-11-25	2014-11-25	2	2014-11-27	2014-11-27	0.6303	0.7982	0.0164
136860	indigomc	1	0	0	2014-11-30	NULL	NULL	1	2014-11-30	2014-11-30	0.0	0.0	0.0
123574	Bigglefaffer	14	0	0	2009-05-10	NULL	NULL	1	2009-05-10	2009-05-10	0.8235	NULL	0.8235
3424411	msudra	1	0	1	2015-11-30	2015-11-30	NULL	1	2015-11-30	2015-11-30	1.0	1.0	NULL
68842	noperante	1	0	0	2010-10-31	NULL	NULL	1	2010-10-31	2010-10-31	0.0	0.0	0.0
282860	GO_OSM	59	0	25	2013-07-18	2013-07-18	NULL	1	2013-07-18	2013-07-18	0.0004	0.0002	0.0011
3139501	Murali Krishna	230	0	202	2015-08-10	2015-08-10	NULL	2	2015-08-11	2015-08-11	1.0	1.0	1.0
216549	Michael Were	8	0	7	2010-06-02	2010-06-02	NULL	2	2010-12-24	2010-09-13	0.1905	0.35	0.0455
3139483	keaki	118	0	91	2015-08-10	2015-08-10	NULL	1	2015-08-11	2015-08-11	0.9916	1.0	0.9643
701372	Aredhel	1	0	0	2012-08-09	NULL	NULL	1	2012-08-09	2012-08-09	0.0002	0.0	0.0005
213831	Josef73	216	0	0	2013-08-19	NULL	NULL	10	2013-11-09	2013-10-10	0.0213	0.0	0.0241
4073	Jason R Surratt	262	0	259	2010-12-20	2011-01-06	NULL	2	2010-12-29	2011-01-07	0.0054	0.0068	0.0003
3104852	t_muteti	4	0	4	2015-11-05	2015-11-05	NULL	1	2015-11-05	2015-11-05	0.1026	0.1026	NULL
324047	J_W	1	0	1	2010-07-26	2010-07-26	NULL	1	2010-07-26	2010-07-26	0.002	0.0094	0.0
351532	tothod	1	0	0	2012-10-10	NULL	NULL	1	2012-10-10	2012-10-10	0.0	0.0	0.0
204105	mronnie	3	0	3	2009-12-02	2009-12-02	NULL	2	2010-02-15	2010-03-11	0.0196	0.021	0.0
64805	HBR	80	0	62	2011-01-19	2011-01-19	NULL	1	2011-01-20	2011-01-20	0.0004	0.0004	0.0005
2778924	Ido Marom	88	0	75	2015-10-01	2015-10-01	NULL	1	2015-10-01	2015-10-01	0.0008	0.0012	0.0003
44659	Phil Shipley	99	0	1	2010-01-14	2010-01-14	NULL	1	2010-01-14	2010-01-14	0.0	0.0	0.0001
1533650	nyaikae	1	0	0	2014-08-08	NULL	NULL	1	2014-08-09	2014-08-09	0.0003	0.0	0.005
444117	radlmane	14	0	7	2012-06-25	2012-06-25	NULL	2	2012-06-26	2012-06-25	0.0069	0.0038	0.0365
564823	sydney moziah	33	0	33	2013-05-16	2013-05-16	NULL	1	2013-05-16	2013-05-16	1.0	1.0	-0.0
3139340	Amitkasat	233	0	197	2015-08-10	2015-08-10	NULL	1	2015-08-10	2015-08-10	0.8759	1.0	0.5217
9001	ianaf4you	37	0	0	2007-11-05	NULL	NULL	3	2007-11-23	2007-12-04	0.0001	0.0	0.002
527748	kuila	296	0	247	2011-09-27	2011-09-27	NULL	3	2011-10-12	2011-10-05	1.0	1.0	1.0
355617	pnorman	1	0	1	2011-10-20	2011-10-20	NULL	1	2011-10-20	2011-10-20	0.0	0.0	0.0
474572	Bernard Njenga	30	0	20	2011-06-21	2011-06-21	NULL	2	2011-06-22	2011-06-21	0.4918	1.0	0.2439
121415	edvac	1	0	0	2011-12-13	NULL	NULL	1	2011-12-13	2011-12-13	0.0	0.0	0.0
103253	gormur	9	0	0	2012-06-03	NULL	NULL	3	2012-10-17	2013-02-08	0.0	0.0	0.0
392440	stinkymatt	143	8	141	2011-01-06	2011-01-06	2011-01-06	1	2011-01-07	2011-01-07	1.0	1.0	1.0
152217	T Tisler	407	0	393	2011-01-06	2011-01-06	NULL	1	2011-01-07	2011-01-07	0.9146	0.9204	0.7778
3103111	M Carpenter	162	0	145	2015-07-28	2015-07-28	NULL	1	2015-07-29	2015-07-29	0.8223	1.0	0.3269
251068	misabrzi	245	0	4	2013-12-28	2013-12-28	NULL	1	2013-12-28	2013-12-28	0.0023	0.0001	0.0075
346151	mark1st	5	0	4	2010-09-13	2010-09-13	NULL	1	2010-09-13	2010-09-13	1.0	1.0	1.0
2343641	KANYOTU	2	0	2	2014-09-18	2014-09-18	NULL	1	2014-09-18	2014-09-18	1.0	1.0	-0.0
38265	Atuti	13	0	0	2012-02-22	NULL	NULL	1	2012-02-22	2012-02-22	1.0	NULL	1.0
625269	mlberg	231	0	226	2013-05-08	2014-04-19	NULL	4	2014-06-08	2014-12-27	0.4611	0.4945	0.1136
508	Welshie	213	19	205	2007-10-26	2007-10-26	2007-10-26	3	2008-01-31	2008-01-26	0.0004	0.0005	0.0001
2567001	GEOID100	12	0	4	2015-01-12	2015-01-12	NULL	1	2015-01-12	2015-01-12	0.8571	1.0	0.8
28052	CvR	2	0	0	2008-03-26	NULL	NULL	1	2008-03-26	2008-03-26	0.0011	0.0	0.0014
481116	bigalxyz123	286	1	181	2013-06-10	2013-06-10	2014-01-18	5	2014-01-31	2014-01-11	0.0002	0.0002	0.0004
2502128	olbap	30	0	30	2014-12-05	2014-12-05	NULL	1	2014-12-05	2014-12-05	1.0	1.0	NULL
579465	Julianar	1	0	1	2012-01-05	2012-01-05	NULL	1	2012-01-05	2012-01-05	1.0	1.0	NULL
1734925	Ikoplan	34	0	34	2013-09-05	2013-09-05	NULL	1	2013-09-05	2013-09-05	0.4048	1.0	0.0
1222460	nyarkarungu	86	0	85	2013-02-20	2013-02-20	NULL	2	2013-02-21	2013-02-21	0.735	0.7265	NULL
2629845	joseph humble	4	0	2	2015-02-09	2015-02-09	NULL	1	2015-02-09	2015-02-09	0.8	1.0	0.6667
162827	Hb-	2	0	2	2015-05-19	2015-05-19	NULL	1	2015-05-19	2015-05-19	0.0004	0.0008	0.0
368215	wandsecacher	1	0	0	2014-04-27	NULL	NULL	1	2014-04-27	2014-04-27	0.0001	0.0	0.0002
2525464	Betzema	26	0	26	2015-02-12	2015-02-12	NULL	1	2015-02-12	2015-02-12	1.0	1.0	NULL
429994	makuru jackson	293	0	284	2011-04-07	2011-04-07	NULL	2	2011-04-11	2011-04-10	0.9966	1.0	0.9
440940	Wax	4	0	4	2011-09-09	2011-09-09	NULL	2	2011-09-10	2011-09-10	1.0	1.0	-0.0
3165111	RachitaChandra	300	0	173	2015-08-19	2015-08-19	NULL	1	2015-08-20	2015-08-20	0.9901	1.0	0.9769
402624	bdiscoe	79	0	55	2015-02-09	2015-02-09	NULL	1	2015-02-09	2015-02-09	0.0	0.0	0.0
110263	werner2101	7	0	0	2010-07-27	NULL	NULL	2	2012-12-29	2011-04-06	0.0	0.0	0.0
2868897	samkipyegon	29	0	17	2015-04-28	2015-04-28	NULL	2	2015-08-23	2015-09-28	0.6304	0.5313	0.8571
712523	MarcH123	1	0	1	2012-06-26	2012-06-26	NULL	1	2012-06-26	2012-06-26	1.0	1.0	NULL
2110714	captain_slow	70	0	68	2015-07-24	2015-07-24	NULL	1	2015-07-24	2015-07-24	0.0008	0.0008	0.0002
1783785	R0bst3r	27	0	0	2015-03-19	NULL	NULL	7	2015-06-14	2015-08-25	0.0004	0.0	0.001
711265	irasesu	25	0	22	2014-07-20	2014-07-20	NULL	1	2014-07-20	2014-07-20	0.0001	0.0001	0.0001
68982	kisaa	1	0	0	2015-05-22	NULL	NULL	1	2015-05-22	2015-05-22	0.0	0.0	0.0
1771851	Steven_Boyd	32	0	12	2015-07-24	2015-07-24	NULL	2	2015-07-27	2015-07-29	0.0007	0.0003	0.0023
28609	bcrosby	2	0	2	2010-12-17	2010-12-17	NULL	1	2010-12-17	2010-12-17	0.0	0.0	0.0
736	Steve Chilton	1	0	0	2009-02-22	NULL	NULL	1	2009-02-23	2009-02-23	0.0	0.0	0.0
243041	Jon Parsons	5	0	5	2010-03-08	2010-03-08	NULL	2	2011-04-01	2010-08-11	1.0	1.0	NULL
1348169	Eddy Onditi	62	0	16	2013-04-11	2013-04-11	NULL	4	2013-04-22	2013-05-02	0.9254	0.8	0.9787
1945995	Joe Kewl	22	0	22	2014-02-20	2014-02-20	NULL	1	2014-02-20	2014-02-20	1.0	1.0	NULL
1788345	nairobivy	58	0	57	2013-10-28	2013-10-28	NULL	1	2013-10-28	2013-10-28	1.0	1.0	1.0
2721194	Murira	1	0	1	2015-03-02	2015-03-02	NULL	1	2015-03-02	2015-03-02	1.0	1.0	NULL
203541	ez_duce	2	0	1	2014-04-24	2014-04-24	NULL	1	2014-04-24	2014-04-24	0.0	0.0	0.0
1858399	Nyaosi	1	0	1	2013-12-27	2013-12-27	NULL	1	2013-12-28	2013-12-28	1.0	1.0	NULL
345001	Vys	8	0	8	2010-11-15	2010-11-15	NULL	1	2010-11-15	2010-11-15	0.0343	0.0442	0.0
2984146	Romyo	163	0	127	2015-06-20	2015-06-20	NULL	3	2015-07-15	2015-06-30	0.2508	0.2571	0.2308
51324	OPerivar	295	0	89	2009-09-02	2009-09-02	NULL	1	2009-09-02	2009-09-02	0.0004	0.0002	0.0005
3385081	krh52	92	0	92	2015-11-14	2015-11-14	NULL	1	2015-11-14	2015-11-14	1.0	1.0	NULL
2483437	Dessale	4	0	2	2014-11-24	2014-11-24	NULL	1	2014-11-24	2014-11-24	1.0	1.0	1.0
161619	FvGordon	236	0	10	2015-02-02	2015-02-02	NULL	4	2015-06-09	2015-10-16	0.0002	0.0001	0.0002
1631208	lkorir	85	0	85	2013-07-10	2013-07-10	NULL	2	2013-07-21	2013-07-29	0.977	1.0	0.0
912433	wohnung058	2	0	2	2014-03-29	2014-03-29	NULL	1	2014-03-29	2014-03-29	0.0	0.0	0.0
474571	evelyneshuma	17	0	17	2011-06-21	2011-06-21	NULL	1	2011-06-21	2011-06-21	0.4359	0.4722	0.0
257518	JohnGage	22	0	11	2012-10-24	2012-10-24	NULL	2	2013-09-02	2013-04-12	0.2292	0.1447	0.55
18069	Claudius Henrichs	281	0	0	2010-01-14	NULL	NULL	6	2012-03-05	2010-03-23	0.0004	0.0	0.0011
3139475	Prateeksha C	322	0	284	2015-08-10	2015-08-10	NULL	2	2015-08-11	2015-08-11	0.9641	1.0	0.76
917105	kolben	4	0	3	2012-09-25	2012-09-25	NULL	1	2012-09-25	2012-09-25	1.0	1.0	1.0
474505	Martinmaina	99	0	99	2011-06-21	2011-06-21	NULL	1	2011-06-21	2011-06-21	1.0	1.0	-0.0
1203657	Jan van Bekkum	136	0	110	2015-03-10	2015-03-10	NULL	3	2015-03-19	2015-03-11	0.0008	0.0013	0.0003
72235	Basstoelpel	171	7	171	2012-09-07	2012-09-07	2012-09-07	1	2012-09-07	2012-09-07	0.0002	0.0002	0.0
44221	dcp	6	0	1	2011-08-15	2011-08-15	NULL	1	2011-08-15	2011-08-15	0.0	0.0	0.0
22108	afonin	1	0	0	2009-09-24	NULL	NULL	1	2009-09-24	2009-09-24	0.0	0.0	0.0
3213825	JeffOinga	45	0	45	2015-09-04	2015-09-04	NULL	2	2015-09-05	2015-09-04	1.0	1.0	-0.0
692840	jkitheka	187	0	184	2012-05-31	2012-05-31	NULL	2	2012-06-02	2012-05-31	0.9791	1.0	0.4286
172867	AmiFritz	217	0	122	2012-12-24	2012-12-24	NULL	2	2012-12-26	2012-12-24	0.0001	0.0001	0.0001
297047	osm-hft-jun10	31	0	30	2010-06-02	2010-06-02	NULL	1	2010-06-02	2010-06-02	0.047	0.0559	0.0081
2076135	wilsonandolo	1	0	1	2015-01-12	2015-01-12	NULL	1	2015-01-12	2015-01-12	0.0001	0.0001	0.0
992965	lizzz_msp	3	0	1	2014-10-31	2014-10-31	NULL	1	2014-10-31	2014-10-31	0.0003	0.0003	0.0003
2377377	abel801	82	0	0	2015-03-13	NULL	NULL	8	2015-06-23	2015-07-19	0.0001	0.0	0.0001
39457	Markus59	1	0	0	2014-06-10	NULL	NULL	1	2014-06-10	2014-06-10	0.0	0.0	0.0
515559	awcs	8	0	6	2013-06-19	2013-06-19	NULL	1	2013-06-19	2013-06-19	0.0432	0.048	0.0333
344031	gazaking	66	0	14	2010-09-08	2010-09-08	NULL	2	2010-12-12	2011-03-13	1.0	1.0	1.0
1758931	Jack Pham	2	0	2	2013-10-17	2013-10-17	NULL	1	2013-10-17	2013-10-17	0.0001	0.0001	0.0
513716	kalonje	68	0	68	2011-08-30	2011-08-30	NULL	1	2011-08-30	2011-08-30	1.0	1.0	-0.0
1702867	Mark Davies1664	22	0	14	2013-08-02	2013-08-02	NULL	4	2014-11-18	2014-08-18	0.9565	1.0	0.8889
2225528	Jajuok	1	0	0	2014-07-31	NULL	NULL	1	2014-07-31	2014-07-31	1.0	NULL	1.0
101073	hoho0101	5	0	4	2010-01-10	2010-01-10	NULL	1	2010-01-10	2010-01-10	0.0007	0.0013	0.0002
223437	rrbaker	6	0	6	2013-01-18	2013-01-18	NULL	1	2013-01-18	2013-01-18	0.0022	0.0024	0.0
2791123	Chief_	29	0	15	2015-03-28	2015-03-28	NULL	1	2015-03-28	2015-03-28	0.9667	1.0	0.9333
3512429	wimeising	2	0	2	2016-01-08	2016-01-08	NULL	1	2016-01-08	2016-01-08	1.0	1.0	NULL
39688	Math1985	1	0	0	2014-07-07	NULL	NULL	1	2014-07-07	2014-07-07	0.0	0.0	0.0
3356215	new_jersey_devil	422	0	419	2015-11-13	2015-11-13	NULL	1	2015-11-14	2015-11-14	0.9194	0.9416	0.2143
3370663	Cristina11	9	0	9	2015-11-08	2015-11-08	NULL	1	2015-11-08	2015-11-08	0.0506	0.0506	NULL
220397	TomasB	2	0	2	2012-11-04	2012-11-04	NULL	1	2012-11-04	2012-11-04	0.0032	0.0035	0.0
1547726	Jonchege	46	0	45	2013-06-14	2013-06-14	NULL	2	2013-06-28	2013-07-05	0.2347	0.3	0.0217
488646	NetConstructor	13	0	5	2011-09-19	2011-09-19	NULL	1	2011-09-19	2011-09-19	0.004	0.0097	0.0029
527950	gmwakule	3	0	3	2013-01-25	2013-01-25	NULL	1	2013-01-26	2013-01-26	1.0	0.75	-0.0
3213908	StartappzKE	175	0	173	2015-09-04	2015-09-04	NULL	1	2015-09-04	2015-09-04	1.0	1.0	1.0
1816172	geekswagger	98	0	98	2013-11-23	2013-11-23	NULL	1	2013-11-23	2013-11-23	0.9159	1.0	0.0
3139320	StephanLee	381	0	322	2015-08-10	2015-08-10	NULL	1	2015-08-10	2015-08-10	1.0	1.0	1.0
251543	ChrissW-R1	2	0	0	2015-12-18	NULL	NULL	1	2015-12-19	2015-12-19	0.0001	0.0	0.0002
3227906	chepkoech laboso	193	0	116	2015-11-16	2015-11-16	NULL	5	2015-11-27	2015-11-25	0.965	1.0	0.9167
3213972	Erick Emadau	60	0	60	2015-09-04	2015-09-04	NULL	1	2015-09-04	2015-09-04	0.9375	1.0	0.0
618618	allanodhiambo	11	0	11	2012-03-06	2012-03-06	NULL	1	2012-03-06	2012-03-06	1.0	1.0	NULL
2014887	Till Aurousseau	14	0	12	2014-04-03	2014-04-03	NULL	2	2014-08-16	2014-06-19	1.0	1.0	1.0
474565	jomoga	5	0	4	2011-06-21	2011-06-21	NULL	2	2011-06-22	2011-06-21	0.1087	0.1	0.1667
3180922	baena	181	0	180	2015-08-25	2015-08-25	NULL	1	2015-08-25	2015-08-25	0.9837	1.0	0.25
663559	geochrome	31	0	3	2015-01-24	2015-01-24	NULL	1	2015-01-24	2015-01-24	0.0004	0.0	0.0013
353101	David Peters	2	0	2	2014-08-27	2014-08-27	NULL	1	2014-08-27	2014-08-27	0.0001	0.0002	0.0
7574	SE16	160	0	160	2015-08-16	2015-08-16	NULL	2	2015-08-23	2015-08-19	0.0057	0.0061	0.0
404039	Brio	1	0	1	2011-02-04	2011-02-04	NULL	1	2011-02-04	2011-02-04	NULL	1.0	-0.0
2580007	BZVPNR	20	0	20	2015-11-25	2015-11-25	NULL	1	2015-11-25	2015-11-25	0.0002	0.0002	0.0
2059888	Mutahi	13	1	13	2014-05-04	2014-05-04	2014-05-04	1	2014-05-04	2014-05-04	1.0	1.0	-0.0
2483501	Aaliyah Lakeman	24	0	24	2014-11-25	2014-11-25	NULL	1	2014-11-25	2014-11-25	0.6857	0.6857	NULL
3139473	RohitDesh	339	0	301	2015-08-10	2015-08-10	NULL	2	2015-08-11	2015-08-11	0.9941	1.0	0.95
514279	xerxesowuor	33	0	27	2011-09-01	2011-09-01	NULL	1	2011-09-01	2011-09-01	0.7174	1.0	0.3158
452762	uni154	11	0	10	2014-01-01	2014-01-01	NULL	1	2014-01-01	2014-01-01	0.0887	0.1124	0.0286
435017	Umkal	2	0	2	2011-11-06	2011-11-06	NULL	1	2011-11-07	2011-11-07	0.0	0.0	0.0
29320	Komяpa	1	0	0	2015-07-23	NULL	NULL	1	2015-07-23	2015-07-23	0.0	0.0	0.0
429923	mickey mat	78	0	65	2011-04-15	2011-08-26	NULL	14	2013-02-02	2012-12-25	0.6446	1.0	0.2321
3397088	sfeliz001	53	1	50	2015-11-18	2015-11-18	2015-11-18	2	2015-11-19	2015-11-18	0.791	0.7813	1.0
3203529	ikonz110	2	0	2	2015-09-01	2015-09-01	NULL	1	2015-09-01	2015-09-01	0.2857	1.0	0.0
1709411	Shlublu	2	0	0	2015-12-16	NULL	NULL	1	2015-12-16	2015-12-16	0.0	0.0	0.0005
2131679	Muriithij	26	0	18	2014-06-18	2014-06-18	NULL	1	2014-06-18	2014-06-18	0.963	1.0	0.8889
153982	Ochieng Teddy	2	0	2	2014-10-17	2014-10-17	NULL	1	2014-10-18	2014-10-18	0.0045	0.0049	0.0
3516	BiIbo	3	0	0	2009-02-13	NULL	NULL	1	2009-02-14	2009-02-14	0.0	0.0	0.0
2957670	nobi811	10	0	10	2015-08-10	2015-08-10	NULL	1	2015-08-10	2015-08-10	0.2703	0.2632	-0.0
513730	Emmaculate Ngesa	42	0	35	2011-08-30	2011-08-30	NULL	1	2011-08-30	2011-08-30	1.0	1.0	1.0
510836	Rub21	3	0	0	2014-12-09	NULL	NULL	1	2014-12-09	2014-12-09	0.0	0.0	0.0
75999	Sergey Ushakov	2	0	0	2013-09-26	NULL	NULL	1	2013-09-26	2013-09-26	0.0	0.0	0.0001
474600	kombo	16	0	16	2011-06-21	2011-06-21	NULL	1	2011-06-21	2011-06-21	1.0	1.0	-0.0
131735	Dave Northumberland	1	0	0	2009-06-17	NULL	NULL	1	2009-06-17	2009-06-17	NULL	NULL	NULL
1823346	عقبة بن نافع	2	0	0	2016-01-15	NULL	NULL	1	2016-01-16	2016-01-16	0.0005	0.0	0.0008
1828156	shee207kim	23	0	18	2013-12-03	2013-12-03	NULL	1	2013-12-03	2013-12-03	0.8214	1.0	0.5
51045	Geogast	19	0	7	2010-09-22	2012-11-22	NULL	2	2011-10-23	2012-10-11	0.0	0.0	0.0
3165267	Arel Cordero	213	0	90	2015-08-19	2015-08-19	NULL	1	2015-08-20	2015-08-20	0.9301	1.0	0.8849
2057798	Sarvihepo	367	0	365	2015-10-29	2015-10-29	NULL	3	2015-12-07	2015-12-03	0.0019	0.002	0.0001
42690	Peter Dörrie	281	8	203	2008-06-05	2008-06-05	2008-06-13	5	2008-09-09	2008-09-03	0.0081	0.0105	0.0051
3227913	Collins Nyamunga	7	0	7	2015-12-11	2015-12-11	NULL	1	2015-12-11	2015-12-11	1.0	1.0	NULL
1728489	innocensia_import	114	0	3	2014-02-17	2014-02-17	NULL	1	2014-02-17	2014-02-17	1.0	1.0	1.0
400795	Ayub Gitonga	1	0	0	2011-09-01	NULL	NULL	1	2011-09-01	2011-09-01	NULL	NULL	NULL
3392660	CaptMAB	8	0	6	2015-11-23	2015-11-23	NULL	1	2015-11-23	2015-11-23	1.0	1.0	1.0
2297791	Tambo Josh	3	0	0	2014-08-30	NULL	NULL	1	2014-08-30	2014-08-30	1.0	NULL	1.0
18004	Javi Sanchez	1	0	1	2011-08-19	2011-08-19	NULL	1	2011-08-19	2011-08-19	0.0001	0.0001	0.0
3139324	neelanjana	221	0	195	2015-08-10	2015-08-10	NULL	1	2015-08-10	2015-08-10	1.0	1.0	1.0
527923	Chip Kingsbury	2	0	1	2011-09-26	2011-09-26	NULL	1	2011-09-26	2011-09-26	0.2857	0.25	0.3333
2819117	RobertKluijver	4	0	4	2015-04-10	2015-04-10	NULL	1	2015-04-10	2015-04-10	1.0	1.0	NULL
