user_id	user_name	count	blankcount	v1count	firstedit	firsteditv1	firsteditblank	days_active	mean_date	mean_date_weighted
775808	Rory Keegan	4938	0	4894	2012-08-04	2012-08-04	NULL	5	2012-09-04	2012-08-18
1485475	crepels	3915	0	3804	2013-06-09	2013-06-09	NULL	7	2013-11-29	2013-06-29
31580	Spudooli	3500	21	3441	2008-04-25	2008-04-25	2008-04-25	3	2008-05-03	2008-04-28
833786	barnaclebarnes_linz	26688	13	26218	2012-08-29	2012-08-29	2012-09-06	21	2012-12-21	2012-10-08
634897	seaone	1	0	1	2012-03-21	2012-03-21	NULL	1	2012-03-21	2012-03-21
131721	Publius	969	4	508	2009-06-04	2009-06-04	2011-05-23	13	2010-12-28	2010-03-04
252775	LINZ Data Upload	42244	27	41187	2010-05-13	2010-05-13	2010-11-27	52	2012-06-10	2013-09-13
61992	derekc	7145	39	6749	2008-08-25	2008-08-25	2008-08-25	8	2009-03-13	2008-09-05
1560805	GeoffL	3469	0	3417	2013-06-19	2013-06-19	NULL	21	2014-02-22	2014-02-14
81451	Tali'sman	6438	2	232	2009-02-07	2009-02-07	2009-02-07	1	2009-02-07	2009-02-07
84937	Neil Penman	816	5	706	2010-04-17	2010-04-17	2010-04-17	6	2010-05-05	2010-04-25
66045	greatmaster	3926	0	2645	2012-05-21	2012-05-21	NULL	36	2013-04-28	2013-06-06
102173	Jonathan Chen	1284	0	633	2009-02-25	2009-02-25	NULL	29	2009-03-26	2009-03-09
306740	muriwai_wanderers	3243	0	2492	2010-07-01	2010-07-19	NULL	41	2011-04-01	2012-02-09
142831	Rudy355	420086	54	308995	2009-07-07	2009-07-09	2009-11-13	944	2012-01-30	2011-10-27
1227701	mrsid_linz	63979	158	63979	2013-02-23	2013-02-23	2013-02-23	12	2013-05-14	2013-06-09
423330	Larifari77	11899	0	9888	2011-08-29	2011-08-29	NULL	29	2012-02-23	2012-02-27
84058	lisa1	1310	7	384	2008-12-27	2008-12-27	2008-12-27	1	2008-12-27	2008-12-27
409326	MErh	2848	0	2757	2013-05-15	2013-05-15	NULL	6	2013-05-19	2013-05-19
2318	Latze	3339	0	3336	2011-09-27	2011-09-27	NULL	2	2011-09-28	2011-09-28
7742	sygopet	5932	4	1842	2007-07-06	2007-07-06	2007-11-24	43	2008-03-19	2007-12-01
5992	StupidGenius	9433	242	9433	2007-02-11	2007-02-11	2007-02-11	15	2007-02-26	2007-02-19
1919345	hazzik	2789	0	2121	2014-02-05	2014-02-05	NULL	3	2014-02-07	2014-02-05
1857909	NMat	1	0	1	2013-12-27	2013-12-27	NULL	1	2013-12-28	2013-12-28
1043490	MartynC	1653	0	577	2012-11-11	2012-11-11	NULL	15	2012-11-23	2012-11-26
460645	John o	3163	0	431	2011-05-27	2011-05-27	NULL	30	2011-06-23	2011-06-13
28079	madmax	1169	36	1035	2008-03-10	2008-03-10	2008-03-20	7	2008-04-02	2008-03-31
777817	Paulic03	2024	0	1990	2012-08-27	2012-08-27	NULL	1	2012-08-28	2012-08-28
1430787	Robert Ancell	136566	0	121353	2013-05-09	2013-05-09	NULL	180	2014-08-01	2014-08-07
10829	myfanwy	298703	294	151526	2007-07-22	2007-07-22	2007-07-23	855	2011-02-19	2010-06-28
341519	lcmortensen	17410	79	13598	2010-09-02	2010-09-02	2010-10-29	204	2012-09-18	2013-07-09
50033	RossB	9481	8	7226	2008-07-13	2008-07-13	2008-09-11	74	2008-10-18	2008-10-18
205970	Glen Barnes	1234	0	726	2010-05-19	2010-05-19	NULL	7	2010-12-17	2010-12-02
1851007	charfor	1	0	1	2013-12-20	2013-12-20	NULL	1	2013-12-21	2013-12-21
775818	Oliver13	1178	0	53	2012-08-03	2012-08-03	NULL	2	2012-08-06	2012-08-08
71453	Wolfgang Fahl	1800	0	363	2008-10-12	2008-10-12	NULL	12	2008-10-30	2008-11-06
277782	more-ron	9003	4	8458	2010-04-28	2010-04-28	2010-05-18	34	2012-10-10	2013-06-27
109653	andrewsimpson	10422	27	5905	2009-03-22	2009-03-22	2009-03-22	44	2010-02-14	2009-10-31
577904	dagon	5094	2	4157	2012-07-01	2012-07-01	2013-06-08	68	2013-01-13	2013-03-06
398817	ullus	3086	0	3049	2014-07-18	2014-07-18	NULL	2	2014-08-12	2014-08-31
223036	DRMorris	1	0	1	2010-01-22	2010-01-22	NULL	1	2010-01-23	2010-01-23
5974	samlarsen1	10259	53	2099	2008-07-16	2008-07-16	2009-02-13	13	2009-04-04	2009-02-09
17066	mapbutcher	827	1	822	2007-11-22	2007-11-22	2007-11-27	4	2007-11-26	2007-11-27
349415	barnaclebarnes	2688	0	2291	2010-12-01	2010-12-01	NULL	19	2011-09-23	2012-03-05
8102	kmf	6473	414	6473	2007-07-02	2007-07-02	2007-07-02	5	2007-07-06	2007-07-04
948250	Spindizzy	211	0	190	2012-10-04	2012-10-04	NULL	1	2012-10-05	2012-10-05
31450	sanna	1	0	0	2008-07-31	NULL	NULL	1	2008-08-01	2008-08-01
491030	wmf	1	0	1	2011-07-18	2011-07-18	NULL	1	2011-07-19	2011-07-19
1811853	olaf1000	1	0	0	2014-04-12	NULL	NULL	1	2014-04-13	2014-04-13
1841055	Webscope	1	0	1	2013-12-13	2013-12-13	NULL	1	2013-12-13	2013-12-13
472957	tippobot	1	0	0	2011-06-18	NULL	NULL	1	2011-06-19	2011-06-19
155432	Solarnz	1	0	0	2009-10-24	NULL	NULL	1	2009-10-24	2009-10-24
213594	Hagman	1	0	1	2011-03-31	2011-03-31	NULL	1	2011-04-01	2011-04-01
627777	JulienLesueur	1	0	1	2012-03-13	2012-03-13	NULL	1	2012-03-14	2012-03-14
696093	mks234	1	0	0	2012-06-04	NULL	NULL	1	2012-06-05	2012-06-05
1554107	jgpacker	1	0	1	2015-01-07	2015-01-07	NULL	1	2015-01-08	2015-01-08
2431361	Saeid_Guru	1	0	0	2014-10-29	NULL	NULL	1	2014-10-29	2014-10-29
39457	Markus59	1	0	0	2013-12-22	NULL	NULL	1	2013-12-23	2013-12-23
2329058	nzearthman	1	0	0	2014-09-12	NULL	NULL	1	2014-09-12	2014-09-12
2292009	twebber	2	0	2	2014-08-26	2014-08-26	NULL	2	2014-10-09	2014-10-09
178186	mdk	1	0	0	2012-04-16	NULL	NULL	1	2012-04-16	2012-04-16
1702616	Andre Steinhausen	1	0	1	2014-05-18	2014-05-18	NULL	1	2014-05-18	2014-05-18
135329	ajashton	1	0	0	2012-04-17	NULL	NULL	1	2012-04-18	2012-04-18
29084	stoecker	1	0	0	2008-09-03	NULL	NULL	1	2008-09-04	2008-09-04
2384190	johnmel	2	0	1	2014-10-08	2014-10-08	NULL	1	2014-10-09	2014-10-09
31075	wieland	1	0	0	2010-12-26	NULL	NULL	1	2010-12-27	2010-12-27
366338	vallnz	1	0	1	2010-11-03	2010-11-03	NULL	1	2010-11-03	2010-11-03
190389	HHCacher	1	0	0	2012-11-11	NULL	NULL	1	2012-11-12	2012-11-12
2476698	Zartminthar	2	0	1	2014-12-18	2014-12-18	NULL	1	2014-12-19	2014-12-19
1819248	sylvester444	1	0	0	2013-11-27	NULL	NULL	1	2013-11-28	2013-11-28
1816796	JaceKiwi	1	0	1	2013-11-23	2013-11-23	NULL	1	2013-11-24	2013-11-24
2348792	Steveking	1	0	1	2014-09-20	2014-09-20	NULL	1	2014-09-21	2014-09-21
4467	Rosscoe	2	0	0	2009-08-03	NULL	NULL	1	2009-08-03	2009-08-03
2310810	nzric	1	0	0	2014-09-04	NULL	NULL	1	2014-09-04	2014-09-04
5748	pschonmann	2	0	0	2012-12-09	NULL	NULL	1	2012-12-10	2012-12-10
923840	YingY	1	0	1	2012-09-26	2012-09-26	NULL	1	2012-09-27	2012-09-27
673398	t0mmie	1	0	1	2012-05-03	2012-05-03	NULL	1	2012-05-04	2012-05-04
2041830	The Battery Clinic	2	0	0	2014-04-22	NULL	NULL	1	2014-04-22	2014-04-22
411783	SergeiChe	1	0	0	2012-03-14	NULL	NULL	1	2012-03-15	2012-03-15
201359	wambacher	1	0	1	2014-11-07	2014-11-07	NULL	1	2014-11-08	2014-11-08
2384126	speediea	1	0	1	2014-10-12	2014-10-12	NULL	1	2014-10-13	2014-10-13
1836471	Blobo123	1	0	1	2014-06-05	2014-06-05	NULL	1	2014-06-06	2014-06-06
764041	porriss	1	0	1	2013-02-02	2013-02-02	NULL	1	2013-02-03	2013-02-03
644736	Jared Church	1	0	1	2012-03-31	2012-03-31	NULL	1	2012-04-01	2012-04-01
444638	evbuilder	1	0	0	2011-04-26	NULL	NULL	1	2011-04-27	2011-04-27
563236	Shortian	1	0	1	2011-12-01	2011-12-01	NULL	1	2011-12-02	2011-12-02
47135	Spudmn	237	2	101	2008-06-24	2008-06-24	2008-06-24	6	2009-07-29	2009-08-17
1964068	Pretere	1	0	1	2014-03-03	2014-03-03	NULL	1	2014-03-03	2014-03-03
18776	Max Vasilev	1	0	0	2013-12-13	NULL	NULL	1	2013-12-14	2013-12-14
1966072	Robin Stark	1	0	1	2014-03-03	2014-03-03	NULL	1	2014-03-04	2014-03-04
575077	rjmackay	1	0	1	2013-04-03	2013-04-03	NULL	1	2013-04-03	2013-04-03
110263	werner2101	232	0	150	2013-10-25	2013-10-25	NULL	1	2013-10-25	2013-10-25
1936024	Dezroy	1	0	1	2014-02-15	2014-02-15	NULL	1	2014-02-15	2014-02-15
297482	don-vip	1	0	0	2011-06-04	NULL	NULL	1	2011-06-04	2011-06-04
1930638	CityLuva123	1	0	1	2014-02-12	2014-02-12	NULL	1	2014-02-12	2014-02-12
43641	Jou64	247	0	189	2013-09-29	2013-09-29	NULL	2	2013-09-30	2013-09-30
469071	craigds	1	0	1	2011-06-11	2011-06-11	NULL	1	2011-06-12	2011-06-12
4499	Jochen Topf	230	0	116	2007-11-17	2011-02-13	NULL	2	2009-07-02	2011-02-09
20942	NAMENLOS	1	0	1	2009-05-18	2009-05-18	NULL	1	2009-05-19	2009-05-19
14291	mmr	1	0	1	2009-03-05	2009-03-05	NULL	1	2009-03-06	2009-03-06
398086	lesko987	1	0	0	2013-09-12	NULL	NULL	1	2013-09-13	2013-09-13
417023	vrivett	1	0	1	2011-03-03	2011-03-03	NULL	1	2011-03-04	2011-03-04
1963092	flyingllama	1	0	1	2014-03-02	2014-03-02	NULL	1	2014-03-03	2014-03-03
24452	Speight	221	0	86	2010-12-09	2010-12-09	NULL	1	2010-12-10	2010-12-10
26726	lonvia	1	0	1	2009-02-19	2009-02-19	NULL	1	2009-02-20	2009-02-20
1247495	xy92	250	0	250	2013-03-04	2013-03-04	NULL	3	2013-03-26	2013-03-06
378426	20vkp61	167	0	115	2010-12-01	2010-12-01	NULL	1	2010-12-02	2010-12-02
1009633	MrYellowDuck	98	0	43	2012-10-28	2012-10-28	NULL	1	2012-10-28	2012-10-28
621426	hendo	63	0	58	2012-03-09	2012-03-09	NULL	1	2012-03-09	2012-03-09
646110	NoxLupus	202	0	202	2014-04-01	2014-04-01	NULL	1	2014-04-02	2014-04-02
528168	Sufloxian	56	0	53	2011-09-27	2011-09-27	NULL	1	2011-09-27	2011-09-27
319757	bobnzer	57	0	25	2010-07-16	2010-07-16	NULL	1	2010-07-16	2010-07-16
2301032	spiderNZ	170	0	154	2015-01-13	2015-01-13	NULL	1	2015-01-13	2015-01-13
541078	Cartograffiti	132	0	71	2011-10-21	2011-10-21	NULL	4	2012-10-22	2013-02-28
1963715	AndreasSanio	98	0	12	2014-03-03	2014-03-03	NULL	1	2014-03-03	2014-03-03
212897	richtest	88	0	88	2012-01-23	2012-01-23	NULL	1	2012-01-24	2012-01-24
935037	Ewen Hill	197	0	174	2012-10-18	2012-10-18	NULL	4	2014-03-14	2014-08-23
1944528	ausclan	139	0	36	2014-08-25	2014-08-25	NULL	1	2014-08-25	2014-08-25
442674	NZMedic	68	0	0	2011-04-22	NULL	NULL	1	2011-04-23	2011-04-23
130472	fx99	64	0	51	2009-12-30	2009-12-30	NULL	6	2013-03-03	2012-04-12
424416	NZ mapping	129	0	49	2011-03-19	2011-03-19	NULL	2	2011-03-23	2011-03-20
21836	Xenia	86	0	3	2007-12-19	2007-12-19	NULL	1	2007-12-19	2007-12-19
294689	samgrahk	190	0	123	2014-07-11	2014-07-11	NULL	3	2014-09-09	2014-09-15
348680	awnz	68	0	37	2010-09-18	2010-09-18	NULL	2	2011-01-20	2011-01-27
401087	fffff	155	0	118	2011-01-28	2011-01-28	NULL	12	2013-10-15	2014-03-11
82288	Olly Betts	99	0	0	2009-01-19	NULL	NULL	1	2009-01-19	2009-01-19
1190998	gjdillonprice	91	0	72	2013-01-08	2013-01-08	NULL	1	2013-01-08	2013-01-08
722137	OSMF Redaction Account	166	0	0	2012-07-21	NULL	NULL	1	2012-07-22	2012-07-22
985667	adow031	140	0	134	2012-10-18	2012-10-18	NULL	2	2012-10-19	2012-10-18
70696	xybot	56	0	0	2008-12-12	NULL	NULL	30	2011-02-09	2011-01-20
452023	Rob-DJC	69	0	21	2011-05-10	2011-05-10	NULL	1	2011-05-10	2011-05-10
441617	bubonicfred	197	0	107	2011-04-21	2011-04-21	NULL	1	2011-04-22	2011-04-22
38928	petenz	117	0	70	2010-04-20	2010-04-20	NULL	4	2011-07-01	2011-04-26
233422	abbst	58	0	58	2014-01-27	2014-01-27	NULL	1	2014-01-28	2014-01-28
735805	StephenDavis	78	0	74	2012-09-06	2012-11-13	NULL	11	2013-05-02	2013-07-01
24668	rcoup	72	0	19	2008-01-24	2012-09-03	NULL	4	2012-02-23	2009-09-18
408791	vjprema	82	0	52	2011-02-14	2011-02-14	NULL	1	2011-02-14	2011-02-14
2675	Eckhart Wörner	66	0	22	2014-12-22	2014-12-22	NULL	1	2014-12-23	2014-12-23
346586	iansyd	114	0	27	2010-10-09	2010-10-09	NULL	1	2010-10-09	2010-10-09
46482	Leon K	125	0	80	2011-02-27	2011-02-27	NULL	4	2012-04-11	2012-07-23
65032	locke	97	0	20	2013-10-27	2013-10-27	NULL	1	2013-10-28	2013-10-28
51552	kfg	1	0	0	2008-09-13	NULL	NULL	1	2008-09-14	2008-09-14
NULL	NULL	43	6	43	2008-06-05	2008-06-05	2008-06-05	1	2008-06-06	2008-06-06
4907	Spideog	12	0	12	2008-11-22	2008-11-22	NULL	1	2008-11-23	2008-11-23
1968164	Dion Peters	667	0	120	2014-03-04	2014-03-05	NULL	4	2014-03-22	2014-03-15
508668	LoJac	6	0	4	2011-08-19	2011-08-19	NULL	1	2011-08-19	2011-08-19
2177196	Robertlross	1	0	1	2014-07-10	2014-07-10	NULL	1	2014-07-10	2014-07-10
2030855	Hollows	1	0	1	2014-04-21	2014-04-21	NULL	1	2014-04-22	2014-04-22
8328	benpre	42	0	0	2007-12-15	NULL	NULL	1	2007-12-16	2007-12-16
47285	zenbu	376	11	280	2008-06-24	2008-06-24	2008-07-27	14	2008-08-08	2008-09-03
520286	0zlw	13	0	5	2011-09-11	2011-09-11	NULL	1	2011-09-11	2011-09-11
2219338	RichRico	3	0	1	2014-09-01	2014-09-01	NULL	3	2014-10-10	2014-10-10
87121	Rhys Lewis	39	0	13	2010-01-29	2010-01-29	NULL	5	2010-11-05	2010-06-19
48939	MONOWAI	1	0	0	2008-07-01	NULL	NULL	1	2008-07-01	2008-07-01
571972	smeenz	16	0	7	2011-12-19	2011-12-19	NULL	1	2011-12-20	2011-12-20
1376089	Logan Rhyne	1	0	0	2013-04-20	NULL	NULL	1	2013-04-21	2013-04-21
152289	cgu66	9	0	0	2009-08-17	NULL	NULL	8	2011-10-06	2011-11-22
474245	Inanga	8	0	6	2013-09-24	2013-09-24	NULL	1	2013-09-24	2013-09-24
2477013	Michael Lawton	431	0	207	2014-11-21	2014-11-21	NULL	8	2014-12-05	2014-12-08
181135	Manu1400	3	0	0	2013-05-23	NULL	NULL	3	2013-10-13	2013-10-13
992907	moviemichael	8	0	3	2012-10-20	2012-10-20	NULL	3	2012-10-30	2012-10-26
1800819	nessport20	14	0	10	2013-11-10	2013-11-10	NULL	3	2013-12-02	2013-12-16
47882	Javier Sanchez	8	0	8	2011-12-27	2011-12-27	NULL	1	2011-12-27	2011-12-27
1893940	TimK01	35	0	31	2014-01-20	2014-01-20	NULL	3	2014-01-25	2014-01-30
502699	Gavin Ho	11	0	0	2011-08-08	NULL	NULL	1	2011-08-08	2011-08-08
293774	Oli-Wan	2	0	0	2011-10-25	NULL	NULL	1	2011-10-25	2011-10-25
1724995	mpresling	15	0	14	2014-11-19	2014-11-19	NULL	2	2014-11-24	2014-11-21
2580665	Guiyemc	42	0	26	2015-01-16	2015-01-16	NULL	3	2015-01-18	2015-01-17
1338432	KaterinaGuesselis	32	0	29	2013-05-10	2013-05-10	NULL	2	2013-05-14	2013-05-17
338838	JWilco	7	0	7	2010-08-27	2010-08-27	NULL	1	2010-08-27	2010-08-27
365907	rata_tata	1	0	1	2010-11-07	2010-11-07	NULL	1	2010-11-07	2010-11-07
561226	tbanchuin	1	0	1	2011-12-01	2011-12-01	NULL	1	2011-12-01	2011-12-01
122144	karbas	1	0	1	2013-12-25	2013-12-25	NULL	1	2013-12-26	2013-12-26
40397	Zartbitter	14	0	4	2011-05-20	2011-05-20	NULL	1	2011-05-21	2011-05-21
51722	Chris Parker	259	0	243	2013-12-05	2013-12-05	NULL	4	2013-12-09	2013-12-08
524231	Ia!n	35	0	35	2011-09-19	2011-09-19	NULL	1	2011-09-19	2011-09-19
170928	Antmannz	36	0	20	2009-09-12	2009-09-12	NULL	1	2009-09-12	2009-09-12
2222418	ZephireNZ	12	0	12	2014-07-29	2014-07-29	NULL	1	2014-07-30	2014-07-30
381538	ZD Rivenz	6	0	0	2010-12-09	NULL	NULL	1	2010-12-09	2010-12-09
145231	woodpeck_repair	13	0	0	2011-03-04	NULL	NULL	5	2013-05-03	2012-02-22
150632	razvan85	3	0	2	2009-10-24	2009-10-24	NULL	1	2009-10-25	2009-10-25
1158381	wh68	702	0	382	2013-02-01	2013-02-01	NULL	4	2013-05-01	2013-05-18
78656	Walter Schlögl	4	0	0	2010-10-16	NULL	NULL	4	2011-08-30	2011-08-30
7260	studerap	3	0	0	2008-07-24	NULL	NULL	1	2008-07-24	2008-07-24
537869	MrHaywee	26	0	26	2011-10-14	2011-10-14	NULL	1	2011-10-15	2011-10-15
2014461	Gbnz	4	0	4	2014-04-02	2014-04-02	NULL	1	2014-04-03	2014-04-03
1240849	ediyes	15	0	11	2014-07-17	2014-07-17	NULL	3	2014-07-26	2014-07-26
421641	zener	9	0	4	2011-03-14	2011-03-15	NULL	4	2011-03-24	2011-03-20
38588	mentor	20	0	0	2015-01-20	NULL	NULL	1	2015-01-21	2015-01-21
26299	uboot	485	0	0	2008-04-03	NULL	NULL	2	2010-07-12	2008-04-11
311318	luiswoo	1	0	0	2013-12-05	NULL	NULL	1	2013-12-06	2013-12-06
355242	Bryce C Nesbitt	5	0	4	2013-09-04	2015-01-24	NULL	2	2014-05-16	2014-10-15
206718	Mark Windsor	14	0	5	2009-12-09	2009-12-09	NULL	2	2010-12-10	2011-07-07
527674	brewmanz	1	0	1	2011-09-26	2011-09-26	NULL	1	2011-09-26	2011-09-26
361746	raupach	7	0	2	2012-09-27	2012-09-27	NULL	1	2012-09-28	2012-09-28
4792	Baumi	30	0	22	2008-04-22	2008-04-22	NULL	1	2008-04-23	2008-04-23
443756	Pete Blythe	2	0	2	2011-04-24	2011-04-24	NULL	1	2011-04-25	2011-04-25
46239	MatthieuMartin	1	0	0	2014-11-10	NULL	NULL	1	2014-11-11	2014-11-11
40957	Schwoggel	1	0	1	2010-04-01	2010-04-01	NULL	1	2010-04-01	2010-04-01
19879	Peter Ebden	34	0	16	2007-11-25	2007-11-25	NULL	1	2007-11-25	2007-11-25
1521271	V8fan12	4	0	4	2013-06-06	2013-06-06	NULL	1	2013-06-06	2013-06-06
1431075	helmboy	6	0	3	2013-05-09	2013-05-09	NULL	1	2013-05-09	2013-05-09
42123	Ropino	12	0	0	2009-09-08	NULL	NULL	2	2010-02-12	2010-06-23
1198074	DoubleA	1	0	0	2013-12-13	NULL	NULL	1	2013-12-13	2013-12-13
31385	Skippern	2	0	0	2012-10-31	NULL	NULL	1	2012-11-01	2012-11-01
714293	nqndwc	5	0	1	2013-10-11	2013-10-11	NULL	1	2013-10-11	2013-10-11
652507	ZafNZ	5	0	3	2012-04-09	2012-04-09	NULL	1	2012-04-09	2012-04-09
398151	altermind	19	0	3	2013-12-15	2013-12-15	NULL	1	2013-12-15	2013-12-15
594614	oifach_i	22	0	22	2012-01-27	2012-01-27	NULL	1	2012-01-28	2012-01-28
375972	Jatin Waichal	2	0	1	2010-11-26	2010-11-26	NULL	1	2010-11-27	2010-11-27
117890	Jonathan Trott	1	0	0	2009-09-25	NULL	NULL	1	2009-09-25	2009-09-25
425320	Al Ronberg	8	0	3	2011-03-22	2011-03-22	NULL	1	2011-03-22	2011-03-22
55610	Streetdude	466	0	0	2009-03-18	NULL	NULL	2	2009-03-20	2009-03-20
1503154	AntNZ	7	0	6	2013-05-31	2013-05-31	NULL	1	2013-05-31	2013-05-31
2530112	ulimasao	1	0	0	2014-12-20	NULL	NULL	1	2014-12-20	2014-12-20
295840	wills135	9	0	5	2010-06-01	2010-06-01	NULL	1	2010-06-01	2010-06-01
524500	wheelmap_android	1	0	0	2014-12-21	NULL	NULL	1	2014-12-22	2014-12-22
100408	rossarn	44	0	44	2012-09-27	2012-09-27	NULL	1	2012-09-27	2012-09-27
290680	wheelmap_visitor	31	0	0	2010-11-25	NULL	NULL	10	2012-04-19	2012-12-07
2577050	xc3	3	0	2	2015-01-15	2015-01-15	NULL	1	2015-01-15	2015-01-15
1694420	Little Brother	45	0	0	2013-09-11	NULL	NULL	4	2014-04-25	2014-07-24
1893685	Heat Pump Company	1	0	0	2014-01-20	NULL	NULL	1	2014-01-20	2014-01-20
1840739	dvapeconz	3	0	3	2013-12-12	2013-12-12	NULL	1	2013-12-13	2013-12-13
217461	twistadias	19	0	0	2010-01-16	NULL	NULL	1	2010-01-16	2010-01-16
2306749	shvrm	1	0	0	2015-01-18	NULL	NULL	1	2015-01-19	2015-01-19
406109	Onco_p53	45	0	29	2013-11-12	2013-11-12	NULL	1	2013-11-12	2013-11-12
2545972	Stephen Barfoot	1	0	1	2014-12-30	2014-12-30	NULL	1	2014-12-31	2014-12-31
28145	amillar	2	0	0	2011-04-10	NULL	NULL	1	2011-04-10	2011-04-10
633840	zmar	16	0	13	2012-11-28	2012-11-28	NULL	1	2012-11-29	2012-11-29
78792	ispyisail	30	0	23	2011-07-18	2011-07-18	NULL	1	2011-07-18	2011-07-18
399745	W Edwards	6	0	4	2012-01-23	2012-01-23	NULL	1	2012-01-23	2012-01-23
543273	Phil Donovan	31	0	31	2012-05-17	2012-05-17	NULL	1	2012-05-18	2012-05-18
163494	DataBitz	42	0	0	2009-08-27	NULL	NULL	1	2009-08-27	2009-08-27
151818	Grant Lusher	23	0	3	2009-07-31	2009-07-31	NULL	1	2009-08-01	2009-08-01
625741	glenntno1	3	0	3	2012-03-12	2012-03-12	NULL	1	2012-03-13	2012-03-13
24547	Evan	16	0	0	2009-01-30	NULL	NULL	1	2009-01-30	2009-01-30
1887313	calebjm	8	0	0	2014-01-16	NULL	NULL	1	2014-01-16	2014-01-16
289334	Soldier Boy	1	0	1	2011-12-29	2011-12-29	NULL	1	2011-12-30	2011-12-30
558742	AndrewRSUNZ	4	0	4	2011-11-23	2011-11-23	NULL	1	2011-11-24	2011-11-24
1224467	NZGraham	3	0	3	2013-05-05	2013-05-05	NULL	2	2013-05-22	2013-05-16
1758931	Jack Pham	2	0	2	2013-10-17	2013-10-17	NULL	1	2013-10-17	2013-10-17
554873	nicofuns	3	0	2	2011-12-27	2011-12-27	NULL	1	2011-12-27	2011-12-27
609371	thatewen	17	0	17	2012-02-22	2012-02-22	NULL	1	2012-02-23	2012-02-23
6975	ulfl	11	0	0	2008-02-16	NULL	NULL	6	2008-11-17	2008-09-15
28559	Stemby	1	0	0	2014-02-04	NULL	NULL	1	2014-02-05	2014-02-05
292085	PeterBrandZA	251	0	232	2010-05-25	2010-05-25	NULL	2	2010-06-05	2010-05-29
228821	arnetnz	30	0	0	2010-02-04	NULL	NULL	1	2010-02-04	2010-02-04
529904	Vits	3	0	2	2011-10-31	2011-10-31	NULL	1	2011-11-01	2011-11-01
1818805	Mariam Israel	2	0	1	2013-11-25	2013-11-25	NULL	1	2013-11-26	2013-11-26
1327380	Taukinukufili Luani	356	0	356	2013-04-04	2013-04-04	NULL	1	2013-04-04	2013-04-04
628260	Nicekiwi	10	0	4	2013-10-07	2013-10-07	NULL	1	2013-10-07	2013-10-07
1598956	sgoo_nz	5	0	5	2013-06-30	2013-06-30	NULL	1	2013-07-01	2013-07-01
473745	Ben Reynwar	4	0	4	2011-06-20	2011-06-20	NULL	1	2011-06-21	2011-06-21
211154	ËdzëronK	2	0	0	2012-05-20	NULL	NULL	1	2012-05-21	2012-05-21
209460	AlexZolotarev	2	0	2	2014-05-26	2014-05-26	NULL	1	2014-05-27	2014-05-27
302428	puddingpimp	2	0	2	2010-06-11	2010-06-11	NULL	1	2010-06-11	2010-06-11
284400	Tarla	24	0	22	2010-05-08	2010-05-08	NULL	1	2010-05-08	2010-05-08
115064	Wulf4096	36	0	32	2011-05-26	2011-05-26	NULL	7	2012-08-02	2012-06-05
103867	MarkKB	501	0	0	2009-03-04	NULL	NULL	1	2009-03-04	2009-03-04
1869404	MurWade	10	0	6	2014-03-03	2014-03-03	NULL	1	2014-03-03	2014-03-03
1964336	mike9999	15	0	5	2014-03-03	2014-03-03	NULL	1	2014-03-03	2014-03-03
206808	Terminus	257	0	163	2010-06-02	2010-06-02	NULL	1	2010-06-02	2010-06-02
2185474	geomap94	12	0	12	2014-07-14	2014-07-14	NULL	2	2014-07-18	2014-07-17
85195	ark911	6	0	0	2008-12-14	NULL	NULL	1	2008-12-14	2008-12-14
1917695	pratyeka	14	0	14	2014-02-04	2014-02-04	NULL	1	2014-02-04	2014-02-04
455811	stevenm-s	11	0	9	2013-05-12	2013-11-02	NULL	2	2013-08-08	2013-10-18
32751	Graham Asher	16	0	16	2014-02-14	2014-02-14	NULL	1	2014-02-15	2014-02-15
909881	andypea	27	0	27	2012-09-23	2012-09-23	NULL	1	2012-09-23	2012-09-23
69399	JoeRichards	1	0	1	2008-12-29	2008-12-29	NULL	1	2008-12-29	2008-12-29
253483	kkeniffnz	45	0	0	2010-03-29	NULL	NULL	1	2010-03-29	2010-03-29
13436	hkucharek	9	0	2	2010-11-11	2010-11-11	NULL	1	2010-11-12	2010-11-12
1708944	rickcho	2	0	2	2014-07-27	2014-07-27	NULL	1	2014-07-27	2014-07-27
112620	confuciou	446	0	0	2009-04-01	NULL	NULL	1	2009-04-01	2009-04-01
35185	JDHnz	25	0	3	2008-05-24	2008-05-24	NULL	1	2008-05-25	2008-05-25
26733	cm4233	9	0	0	2008-12-16	NULL	NULL	1	2008-12-16	2008-12-16
47323	enzedrail	27	0	16	2012-01-16	2012-01-16	NULL	2	2012-01-19	2012-01-20
49351	Dieter Schmeer	1	0	0	2011-04-27	NULL	NULL	1	2011-04-28	2011-04-28
611771	thaifishman	1	0	1	2012-02-27	2012-02-27	NULL	1	2012-02-28	2012-02-28
7568	user_7568	5	0	5	2007-09-20	2007-09-20	NULL	1	2007-09-21	2007-09-21
521406	jeremyhurdle	2	0	2	2011-10-02	2011-10-02	NULL	1	2011-10-02	2011-10-02
563778	AndrewRNZsunz	2	0	2	2011-12-09	2011-12-09	NULL	1	2011-12-09	2011-12-09
126132	Mark98	1	0	1	2010-07-26	2010-07-26	NULL	1	2010-07-27	2010-07-27
190869	elbatrop	9	0	6	2011-03-27	2011-03-27	NULL	6	2012-10-03	2012-06-22
409174	Dougstg	4	0	4	2011-02-15	2011-02-15	NULL	2	2011-02-21	2011-02-21
38239	Daeron	6	0	1	2010-01-31	2010-01-31	NULL	1	2010-02-01	2010-02-01
528114	litehouse	1	0	1	2011-09-29	2011-09-29	NULL	1	2011-09-29	2011-09-29
2680	xylome	4	0	0	2010-11-09	NULL	NULL	1	2010-11-10	2010-11-10
2433167	Mohammed7	308	0	237	2014-11-20	2014-11-20	NULL	9	2014-12-03	2014-12-04
288656	cmEey	4	0	4	2011-02-28	2011-02-28	NULL	1	2011-03-01	2011-03-01
1199844	Saspiron	350	0	133	2013-01-14	2013-01-14	NULL	4	2013-04-22	2013-02-01
45027	PA94	2	0	0	2010-11-02	NULL	NULL	1	2010-11-03	2010-11-03
2406578	colindt	8	0	0	2014-10-26	NULL	NULL	1	2014-10-26	2014-10-26
569852	Simon Lampen	8	0	2	2011-12-15	2011-12-15	NULL	1	2011-12-15	2011-12-15
649195	Boston Wardrobes	2	0	1	2012-04-06	2012-04-06	NULL	1	2012-04-07	2012-04-07
19630	Hooloovoo	754	1	627	2007-11-24	2007-11-25	2007-11-25	9	2009-04-30	2010-01-14
1171428	jpoc	4	0	4	2012-12-28	2012-12-28	NULL	1	2012-12-29	2012-12-29
6367	mackerski	3	0	0	2008-09-17	NULL	NULL	1	2008-09-17	2008-09-17
67862	HolgerJeromin	7	0	0	2011-10-24	NULL	NULL	3	2012-11-20	2012-09-23
19532	gaku	11	0	9	2011-03-03	2011-03-03	NULL	1	2011-03-04	2011-03-04
204481	Athrun	55	0	37	2009-12-03	2009-12-03	NULL	1	2009-12-03	2009-12-03
512696	richardhconz	15	0	15	2011-10-19	2011-10-19	NULL	1	2011-10-19	2011-10-19
2146326	Darkcheesecake	139	0	124	2014-06-25	2014-06-25	NULL	1	2014-06-26	2014-06-26
486905	Zooki	6	0	6	2011-07-12	2011-07-12	NULL	1	2011-07-12	2011-07-12
163777	Badran	12	0	11	2011-12-09	2011-12-09	NULL	1	2011-12-10	2011-12-10
923271	aldoct	277	0	181	2013-01-29	2013-01-29	NULL	10	2013-06-22	2014-02-04
1869025	michielcox	7	0	4	2014-01-05	2014-01-05	NULL	1	2014-01-06	2014-01-06
16465	tmtm	84	0	83	2008-02-10	2008-02-10	NULL	1	2008-02-10	2008-02-10
354862	UberHiker	199	0	189	2010-10-05	2010-10-05	NULL	6	2011-02-25	2011-03-07
65103	pendethan	23	0	23	2011-05-03	2011-05-03	NULL	1	2011-05-04	2011-05-04
7437	Åndrew	9	0	0	2012-04-04	NULL	NULL	2	2012-04-06	2012-04-05
601360	paulw57	39	0	19	2012-02-08	2012-02-08	NULL	2	2012-02-09	2012-02-09
29651	mikeldub	635	5	536	2008-03-06	2008-03-06	2008-03-06	8	2008-08-30	2008-03-18
181669	DaveMc	10	0	9	2009-10-04	2009-10-04	NULL	2	2010-07-04	2010-12-13
140788	Nigel Jones	61	0	36	2010-08-29	2010-08-29	NULL	1	2010-08-30	2010-08-30
66965	urk	36	0	13	2010-01-30	2010-01-30	NULL	2	2010-02-15	2010-02-02
1173693	moritz_mair	42	0	25	2013-01-14	2013-01-14	NULL	1	2013-01-15	2013-01-15
305703	Tim McNamara	73	0	56	2012-07-28	2013-02-16	NULL	2	2012-11-07	2013-02-10
2248495	malgphh	1	0	1	2014-08-09	2014-08-09	NULL	1	2014-08-10	2014-08-10
128186	malcolmh	92	0	0	2011-06-16	NULL	NULL	12	2013-03-17	2012-09-11
130791	tarlen	173	0	113	2009-06-12	2009-06-12	NULL	1	2009-06-12	2009-06-12
66616	Louise Belcher	44	0	30	2011-11-11	2011-11-11	NULL	1	2011-11-11	2011-11-11
4902	mbuege	86	0	80	2011-03-15	2011-03-15	NULL	1	2011-03-15	2011-03-15
629064	danman_nz	12	0	12	2012-03-14	2012-03-14	NULL	1	2012-03-15	2012-03-15
1349359	Jaymes Cloninger	8	0	8	2013-07-01	2013-07-01	NULL	1	2013-07-01	2013-07-01
1247521	mcnargent	674	0	626	2013-03-04	2013-03-04	NULL	3	2013-03-26	2013-03-10
383858	digital0533	2	0	0	2014-03-23	NULL	NULL	1	2014-03-24	2014-03-24
1241643	capatau	32	0	24	2013-03-03	2013-03-03	NULL	8	2013-07-03	2013-06-08
275821	Ramzes	89	0	1	2011-02-18	2011-02-18	NULL	3	2011-02-28	2011-02-25
24555	Francois Marier	134	0	117	2014-07-09	2014-07-09	NULL	16	2014-12-11	2014-12-10
2516323	Rental One	1	0	1	2014-12-12	2014-12-12	NULL	1	2014-12-12	2014-12-12
207581	Hjart	97	0	57	2014-05-04	2014-05-04	NULL	2	2014-07-07	2014-06-12
206339	chas678	4	0	4	2010-07-18	2010-07-18	NULL	1	2010-07-18	2010-07-18
2108812	Rene Olmos PT	4	0	2	2014-06-05	2014-06-05	NULL	1	2014-06-06	2014-06-06
329877	opani	8	0	5	2014-02-20	2014-02-20	NULL	1	2014-02-21	2014-02-21
504953	usergray	9	0	9	2013-09-12	2013-09-12	NULL	1	2013-09-12	2013-09-12
1207003	supirior	3	0	3	2013-01-21	2013-01-21	NULL	1	2013-01-22	2013-01-22
1929374	MrPipes	2	0	1	2014-02-11	2014-02-11	NULL	1	2014-02-11	2014-02-11
345990	J_Teal	42	0	25	2010-09-13	2010-09-13	NULL	2	2010-09-14	2010-09-13
2283330	mapsdev1	7	0	7	2014-10-02	2014-10-02	NULL	1	2014-10-02	2014-10-02
455108	hamish_kx	13	0	13	2014-10-21	2014-10-21	NULL	1	2014-10-21	2014-10-21
426504	DeepK	7	0	3	2011-03-24	2011-03-24	NULL	1	2011-03-24	2011-03-24
1921910	manfromnz	2	0	2	2014-02-07	2014-02-07	NULL	1	2014-02-08	2014-02-08
432243	Chippie	110	0	95	2011-04-05	2011-04-05	NULL	6	2011-04-11	2011-04-09
441816	kmilos	1	0	0	2013-03-03	NULL	NULL	1	2013-03-04	2013-03-04
149794	gnail	50	0	49	2009-07-26	2009-07-26	NULL	1	2009-07-26	2009-07-26
1199775	Pete Ravlich	7	0	7	2013-01-14	2013-01-14	NULL	1	2013-01-15	2013-01-15
388020	Hughbert	9	0	2	2011-04-25	2012-01-19	NULL	2	2011-09-07	2011-06-24
75655	DrBen	1	0	0	2009-09-21	NULL	NULL	1	2009-09-22	2009-09-22
852112	Mesana	11	0	11	2013-08-21	2013-08-21	NULL	1	2013-08-21	2013-08-21
221114	frombach	7	0	7	2011-05-30	2011-05-30	NULL	1	2011-05-31	2011-05-31
244257	waynemcdougall	1	0	0	2010-03-10	NULL	NULL	1	2010-03-10	2010-03-10
334000	Trucknutta	20	0	18	2011-03-22	2011-03-22	NULL	1	2011-03-22	2011-03-22
2381507	Tom Dale	120	0	66	2014-10-06	2014-10-06	NULL	2	2014-10-08	2014-10-07
709128	A-n-d-y	22	0	22	2012-06-21	2012-06-21	NULL	1	2012-06-21	2012-06-21
1395353	Miles@NZ	2	0	2	2013-04-27	2013-04-27	NULL	1	2013-04-27	2013-04-27
1862781	Mike D1010	3	0	2	2013-12-31	2013-12-31	NULL	1	2014-01-01	2014-01-01
308	MichaelCollinson	8	0	4	2007-09-23	2007-09-23	NULL	2	2008-04-16	2008-04-16
168657	mosborne01	18	0	15	2009-09-08	2009-09-08	NULL	4	2010-03-03	2009-11-05
1968467	ShakyIsles	18	0	13	2014-04-25	2014-04-25	NULL	2	2014-07-29	2014-08-19
853907	HamishONE	30	0	13	2013-01-16	2013-01-16	NULL	1	2013-01-16	2013-01-16
713172	Rode Pt Chevalier	2	0	1	2012-06-26	2012-06-26	NULL	1	2012-06-27	2012-06-27
2088361	graham_nz	1	0	0	2014-06-03	NULL	NULL	1	2014-06-03	2014-06-03
39391	folbrich	2	1	1	2008-08-02	2008-08-02	2008-08-02	1	2008-08-03	2008-08-03
336934	jase81	1	0	1	2010-08-23	2010-08-23	NULL	1	2010-08-23	2010-08-23
575502	DeffeR	4	0	4	2011-12-27	2011-12-27	NULL	1	2011-12-28	2011-12-28
445916	kiwistar	6	0	2	2011-04-28	2011-04-28	NULL	1	2011-04-29	2011-04-29
162091	Tim Buktu	2	0	1	2009-08-24	2009-08-24	NULL	1	2009-08-24	2009-08-24
175677	KIRBYTIME	3	0	0	2009-09-20	NULL	NULL	1	2009-09-20	2009-09-20
416215	MrDee	2	0	2	2011-11-28	2011-11-28	NULL	1	2011-11-29	2011-11-29
1194963	Whinery	1	0	1	2013-01-10	2013-01-10	NULL	1	2013-01-11	2013-01-11
21778	Andrew McMillan	460	0	133	2007-12-18	2007-12-18	NULL	2	2008-12-29	2007-12-21
455138	Wei Kong	4	0	3	2011-05-16	2011-05-16	NULL	2	2011-05-17	2011-05-17
6809	TimSC_Data_CC0_To_Andy_Allan	11	0	11	2007-06-29	2007-06-29	NULL	1	2007-06-30	2007-06-30
23971	joel MFR	4	0	1	2013-10-21	2013-10-21	NULL	1	2013-10-22	2013-10-22
1617449	aceman444	2	0	0	2013-08-22	NULL	NULL	1	2013-08-23	2013-08-23
1233116	Mudguard	3	0	1	2013-02-18	2013-02-18	NULL	1	2013-02-18	2013-02-18
503992	AuckDoc	2	0	1	2011-08-10	2011-08-10	NULL	1	2011-08-11	2011-08-11
83720	Chris Esther	350	0	0	2008-12-05	NULL	NULL	3	2008-12-06	2008-12-05
1829683	Luis36995	2	0	0	2014-07-18	NULL	NULL	1	2014-07-19	2014-07-19
184143	Rob Penney	71	0	61	2009-10-14	2009-10-14	NULL	1	2009-10-14	2009-10-14
276482	avenue42	22	0	5	2010-04-27	2010-04-27	NULL	4	2012-05-13	2012-07-21
400744	nater	13	0	13	2012-10-04	2012-10-04	NULL	3	2012-10-06	2012-10-05
2511706	calfarome	3	0	2	2015-01-23	2015-01-23	NULL	1	2015-01-24	2015-01-24
1763737	beeptest	2	0	2	2013-10-03	2013-10-03	NULL	1	2013-10-03	2013-10-03
357654	Elyse Z Yu	19	0	0	2010-10-20	NULL	NULL	1	2010-10-20	2010-10-20
484487	tristanb	116	0	74	2012-04-08	2012-04-08	NULL	5	2012-09-22	2012-05-03
7079	mapwitch	20	0	2	2011-12-13	2011-12-13	NULL	1	2011-12-14	2011-12-14
84484	heye	322	1	291	2009-02-07	2009-02-07	2009-02-07	4	2009-09-30	2009-06-17
295819	roggabee	1	0	1	2010-06-01	2010-06-01	NULL	1	2010-06-01	2010-06-01
1892481	skgrange	49	0	49	2015-01-23	2015-01-23	NULL	2	2015-01-24	2015-01-23
2121001	Float Culture	1	0	1	2014-06-12	2014-06-12	NULL	1	2014-06-13	2014-06-13
1769325	romaho	4	0	3	2013-10-15	2013-10-15	NULL	1	2013-10-15	2013-10-15
52797	hofoen	2	0	0	2014-12-12	NULL	NULL	1	2014-12-13	2014-12-13
134872	mawueth	201	1	118	2011-02-13	2011-02-13	2011-02-13	9	2012-02-17	2012-12-17
1755511	tedfrancois42	2	0	1	2013-09-26	2013-09-26	NULL	1	2013-09-27	2013-09-27
39504	malenki	3	0	0	2013-01-25	NULL	NULL	1	2013-01-26	2013-01-26
242060	steroe	48	1	47	2010-03-06	2010-03-06	2010-03-06	1	2010-03-06	2010-03-06
920409	GERSA	2	0	2	2012-09-26	2012-09-26	NULL	1	2012-09-26	2012-09-26
1894910	jamesjones	7	0	0	2014-01-20	NULL	NULL	3	2014-05-25	2014-03-31
1967469	needfirer	6	0	1	2014-03-04	2014-03-04	NULL	1	2014-03-05	2014-03-05
1832883	Jake Strine	4	0	0	2014-05-01	NULL	NULL	3	2014-05-03	2014-05-03
1703	Andrew Findlay	27	19	27	2006-04-16	2006-04-16	2006-04-16	1	2006-04-17	2006-04-17
1227710	WJE	15	0	8	2013-02-12	2013-02-12	NULL	1	2013-02-12	2013-02-12
49111	Markus B	47	0	25	2011-03-12	2011-03-12	NULL	1	2011-03-12	2011-03-12
154118	Map-Frank	2	0	0	2009-08-09	NULL	NULL	1	2009-08-09	2009-08-09
1186884	openstreetmapmeike	25	0	13	2013-01-05	2013-01-05	NULL	1	2013-01-05	2013-01-05
1987270	kevin453	2	0	1	2014-03-16	2014-03-16	NULL	1	2014-03-16	2014-03-16
91764	JeffP_Oz	29	0	3	2010-02-12	2010-02-14	NULL	2	2010-02-14	2010-02-14
255614	HamishB	157	0	24	2010-12-02	2010-12-03	NULL	8	2011-01-02	2010-12-21
496299	phrmer	18	0	8	2011-07-31	2011-07-31	NULL	1	2011-07-31	2011-07-31
99629	Ravindra	1	0	0	2012-12-15	NULL	NULL	1	2012-12-15	2012-12-15
2014288	Gatesee	2	0	2	2014-04-02	2014-04-02	NULL	1	2014-04-03	2014-04-03
318506	mkuis	16	0	16	2011-06-08	2011-06-08	NULL	1	2011-06-08	2011-06-08
92274	adjuva	1	0	0	2014-06-21	NULL	NULL	1	2014-06-22	2014-06-22
2263674	morsya	1	0	0	2014-10-27	NULL	NULL	1	2014-10-28	2014-10-28
574799	mpollmeier	15	0	14	2012-01-10	2012-01-10	NULL	9	2013-10-30	2014-01-17
441420	Pegi	1	0	1	2011-04-25	2011-04-25	NULL	1	2011-04-25	2011-04-25
2008415	Zaffle	8	0	8	2014-03-30	2014-03-30	NULL	1	2014-03-30	2014-03-30
68277	Glen Ogilvie	370	0	67	2008-09-17	2008-11-08	NULL	3	2008-10-22	2008-11-08
591757	James Pole	6	0	5	2012-01-22	2012-01-22	NULL	1	2012-01-22	2012-01-22
2048229	lnart	1	0	1	2014-09-16	2014-09-16	NULL	1	2014-09-16	2014-09-16
123336	stevenjgarner	1	0	0	2012-01-12	NULL	NULL	1	2012-01-13	2012-01-13
31231	Andre68	6	0	0	2008-08-12	NULL	NULL	2	2011-10-13	2013-11-22
572841	JKra	2	0	1	2011-12-21	2011-12-21	NULL	1	2011-12-22	2011-12-22
26599	cdavila	30	0	8	2013-01-26	2013-01-26	NULL	1	2013-01-27	2013-01-27
10927	Skywave	1	0	0	2008-01-26	NULL	NULL	1	2008-01-27	2008-01-27
892878	bazza14	38	0	34	2012-09-18	2012-09-18	NULL	1	2012-09-18	2012-09-18
64159	Quelbs	14	0	13	2014-04-17	2014-04-17	NULL	1	2014-04-18	2014-04-18
44659	Phil Shipley	33	0	8	2008-07-28	2008-07-28	NULL	2	2009-04-08	2009-12-01
1874661	clin116	5	0	2	2014-01-09	2014-01-09	NULL	1	2014-01-09	2014-01-09
416060	listoflights	60	3	60	2011-03-10	2011-03-10	2011-03-10	1	2011-03-11	2011-03-11
9001	ianaf4you	3495	5	2549	2008-03-12	2008-03-12	2008-04-05	25	2008-04-22	2008-05-03
526039	duncankl	2903	0	2183	2013-02-16	2013-02-16	NULL	11	2013-07-18	2013-06-04
2139188	SushiMasta	23	0	21	2014-06-22	2014-06-22	NULL	1	2014-06-22	2014-06-22
75061	dcbm	2	0	1	2010-10-31	2010-10-31	NULL	1	2010-10-31	2010-10-31
1430414	Nick Goloborodko	6	0	6	2013-05-08	2013-05-08	NULL	1	2013-05-09	2013-05-09
103253	gormur	31	0	9	2012-01-16	2012-01-16	NULL	2	2012-04-02	2012-01-27
1198527	Casey000	1	0	0	2013-01-13	NULL	NULL	1	2013-01-14	2013-01-14
8400	Nils	1	0	1	2008-04-12	2008-04-12	NULL	1	2008-04-13	2008-04-13
1475073	dodod	7	0	7	2013-06-20	2013-06-20	NULL	1	2013-06-21	2013-06-21
920687	cutchnz	6	0	4	2012-09-26	2012-09-26	NULL	1	2012-09-26	2012-09-26
1772368	pizzaiolo	19	0	0	2015-01-19	NULL	NULL	1	2015-01-20	2015-01-20
499563	DiarmuidGIS	2	0	1	2012-01-22	2012-01-22	NULL	1	2012-01-22	2012-01-22
76002	salix01	1	0	0	2013-11-27	NULL	NULL	1	2013-11-28	2013-11-28
28052	CvR	3	0	0	2008-03-26	NULL	NULL	1	2008-03-26	2008-03-26
73467	StuartL	26	0	24	2009-06-10	2011-06-04	NULL	3	2010-12-01	2011-09-14
166129	BugBuster	14	0	0	2009-09-30	NULL	NULL	1	2009-09-30	2009-09-30
1943008	kiwi30	735	1	731	2014-02-20	2014-02-20	2014-02-20	2	2014-03-03	2014-02-21
324997	Recycle Boutique	3	0	2	2010-07-28	2010-07-28	NULL	1	2010-07-28	2010-07-28
473173	pakeha07	23	0	23	2011-06-19	2011-06-19	NULL	1	2011-06-19	2011-06-19
329108	nzener	37	0	22	2010-08-27	2010-08-27	NULL	1	2010-08-27	2010-08-27
109652	Junkman	38	0	26	2009-06-28	2009-06-28	NULL	3	2010-01-15	2010-03-30
635764	Rochelle_NZ	29	0	15	2012-03-21	2012-03-21	NULL	1	2012-03-22	2012-03-22
449691	airp3	35	0	9	2011-05-07	2011-05-07	NULL	1	2011-05-07	2011-05-07
1680491	ZL4OI	6	0	2	2014-06-09	2014-06-09	NULL	1	2014-06-09	2014-06-09
736	Steve Chilton	99	4	99	2007-09-17	2007-09-17	2007-09-17	2	2007-09-21	2007-09-18
157276	AMADANON	774	3	568	2009-08-15	2009-08-15	2009-08-15	4	2009-08-22	2009-08-16
1173879	setti	13	0	7	2013-01-23	2013-01-23	NULL	2	2013-01-24	2013-01-23
110046	freietonne-db	3	0	0	2012-12-21	NULL	NULL	1	2012-12-22	2012-12-22
636076	KiwiOca	1	0	0	2012-03-22	NULL	NULL	1	2012-03-22	2012-03-22
1724501	kirisafar	10	0	10	2013-08-25	2013-08-25	NULL	1	2013-08-25	2013-08-25
658978	d4daves	324	0	305	2012-04-14	2012-04-14	NULL	7	2012-07-25	2012-05-25
1069176	landfahrer	25	0	4	2013-12-29	2013-12-29	NULL	1	2013-12-30	2013-12-30
1960024	BuganiniQ	2	0	0	2014-05-06	NULL	NULL	2	2014-05-10	2014-05-10
161619	FvGordon	77	0	3	2014-02-25	2014-12-07	NULL	5	2014-10-23	2014-12-06
172069	ANZACpete	43	0	41	2009-09-14	2009-09-14	NULL	2	2010-07-26	2009-10-13
231047	masch	58	0	38	2012-02-08	2012-02-08	NULL	5	2014-02-13	2013-12-05
1679	andrewpmk	81	0	28	2008-03-15	2008-03-15	NULL	2	2008-07-25	2008-03-21
18069	Claudius Henrichs	10	1	2	2008-09-08	2008-09-08	2008-09-08	5	2010-11-07	2010-05-24
262151	ToeBee	42	0	13	2012-07-22	2012-07-22	NULL	1	2012-07-23	2012-07-23
2511041	Cerebral Palsy Society of NZ	11	0	5	2014-12-14	2014-12-14	NULL	1	2014-12-14	2014-12-14
12783	Thomas Matern	1	0	0	2007-12-09	NULL	NULL	1	2007-12-10	2007-12-10
236412	dcs	8	0	0	2011-03-04	NULL	NULL	1	2011-03-05	2011-03-05
44221	dcp	457	0	152	2011-01-17	2011-01-17	NULL	14	2011-12-24	2011-06-30
4481	Leigh	101	0	101	2012-01-06	2012-01-06	NULL	1	2012-01-06	2012-01-06
652660	Urbankiwi	5	0	5	2012-04-09	2012-04-09	NULL	1	2012-04-09	2012-04-09
467038	MFaulk	100	0	94	2013-02-03	2013-02-03	NULL	3	2014-02-26	2014-03-17
7412	mjulius	4	0	0	2010-03-10	NULL	NULL	2	2010-03-22	2010-03-28
2198462	BlahBlah009	1	0	0	2014-07-20	NULL	NULL	1	2014-07-20	2014-07-20
540547	Karen Harris	2	0	2	2011-10-19	2011-10-19	NULL	1	2011-10-20	2011-10-20
77590	Hendrik75	550	0	348	2010-03-12	2010-03-12	NULL	11	2011-05-15	2010-12-31
670820	ralley	37	0	37	2014-08-29	2014-08-29	NULL	2	2014-08-30	2014-08-29
304785	johnozone	2	0	2	2010-06-16	2010-06-16	NULL	1	2010-06-16	2010-06-16
217052	nsj	692	26	464	2010-01-09	2010-01-09	2010-01-09	13	2010-06-10	2010-05-25
344246	ZubbuZ	4	0	4	2011-01-16	2011-01-16	NULL	1	2011-01-17	2011-01-17
308797	Elimental	6	0	3	2010-06-24	2010-06-24	NULL	1	2010-06-24	2010-06-24
1247500	Geoff Low	183	0	183	2013-03-04	2013-03-04	NULL	2	2013-03-09	2013-03-06
5359	user_5359	9	0	0	2010-09-22	NULL	NULL	4	2011-12-29	2012-02-13
2599411	kobi wan wan	2	0	0	2015-01-24	NULL	NULL	1	2015-01-24	2015-01-24
28378	PHerison	46	0	27	2008-03-27	2008-03-27	NULL	1	2008-03-28	2008-03-28
606768	auckland_outdoors	493	0	457	2012-02-17	2012-02-17	NULL	15	2013-09-07	2013-10-17
5715	Hoylen Sue	10	0	8	2008-09-05	2008-09-05	NULL	1	2008-09-05	2008-09-05
1766304	kimapper	9	0	2	2013-10-06	2013-10-06	NULL	1	2013-10-06	2013-10-06
1713475	Maryw221	9	0	7	2013-08-13	2013-08-13	NULL	1	2013-08-14	2013-08-14
33589	zenfunk	26402	110	8916	2009-02-22	2009-02-22	2009-02-22	16	2011-01-11	2009-03-05
2558017	Gary Elmes	12	0	12	2015-01-07	2015-01-07	NULL	1	2015-01-07	2015-01-07
20013	rcr	1026	0	919	2008-09-18	2009-05-01	NULL	5	2009-07-05	2009-09-12
511629	LeachBoy	690	0	470	2011-08-28	2011-08-28	NULL	16	2011-11-07	2011-11-12
110639	aighes	537	1	195	2012-05-16	2012-05-16	2012-05-16	18	2012-12-04	2012-09-22
1009211	nicolas17	372	0	369	2013-06-09	2013-06-09	NULL	3	2013-06-11	2013-06-10
430384	ace5715	21	0	10	2011-04-01	2011-04-01	NULL	1	2011-04-01	2011-04-01
556420	memismash	56	0	56	2012-08-06	2012-08-06	NULL	2	2012-11-27	2012-10-10
782647	Daniel Brice	6	0	4	2012-08-05	2012-08-05	NULL	1	2012-08-05	2012-08-05
1789107	aa91	16	0	10	2013-10-31	2013-10-31	NULL	1	2013-10-31	2013-10-31
91933	kiwi-craig	18	0	0	2009-01-16	NULL	NULL	3	2009-01-24	2009-01-20
1352486	vmeads	5	0	1	2014-11-26	2014-11-26	NULL	1	2014-11-27	2014-11-27
884128	AK47Xeall	145	0	145	2012-09-15	2012-09-15	NULL	3	2012-09-30	2012-09-16
97928	Al3xius	1	0	0	2010-09-22	NULL	NULL	1	2010-09-23	2010-09-23
1716417	Mark Gladwin	4	0	4	2013-08-17	2013-08-17	NULL	1	2013-08-17	2013-08-17
92128	Flood79	794	0	0	2009-02-02	NULL	NULL	1	2009-02-03	2009-02-03
973600	eBin	1	0	0	2014-07-16	NULL	NULL	1	2014-07-16	2014-07-16
14562	walterra	202	0	33	2008-12-29	2008-12-29	NULL	1	2008-12-29	2008-12-29
582618	Methvan	3	0	1	2012-01-09	2012-01-09	NULL	1	2012-01-09	2012-01-09
365177	gaddman	8	0	3	2010-10-31	2010-10-31	NULL	2	2012-12-03	2012-12-03
935865	Dave2012	799	0	649	2012-10-02	2012-10-02	NULL	28	2012-11-28	2012-11-20
326520	hase007	11	0	11	2010-07-31	2010-07-31	NULL	1	2010-07-31	2010-07-31
520108	legacy92	4	0	4	2011-09-11	2011-09-11	NULL	1	2011-09-11	2011-09-11
1916777	danielcompton	1	0	0	2014-02-03	NULL	NULL	1	2014-02-04	2014-02-04
775819	Jordan Darrow	613	0	613	2012-08-07	2012-08-07	NULL	1	2012-08-07	2012-08-07
207745	NE2	7	0	0	2010-08-06	NULL	NULL	1	2010-08-07	2010-08-07
179566	jmit	21	0	1	2009-10-10	2009-11-23	NULL	2	2009-11-01	2009-11-21
229233	drian	8	0	6	2010-02-04	2010-02-04	NULL	3	2010-03-07	2010-02-17
321541	russellvickery	1	0	0	2013-07-01	NULL	NULL	1	2013-07-01	2013-07-01
1164135	trudymira	2	0	2	2012-12-26	2012-12-26	NULL	1	2012-12-26	2012-12-26
2384654	Flooter	18	0	9	2014-10-08	2014-10-08	NULL	1	2014-10-08	2014-10-08
1839337	howdystranger	17	0	17	2014-02-12	2014-02-12	NULL	1	2014-02-12	2014-02-12
79701	spot101	204	0	103	2009-10-22	2009-10-22	NULL	4	2009-10-24	2009-10-24
465605	alspace	2	0	2	2011-12-29	2011-12-29	NULL	1	2011-12-29	2011-12-29
532250	skao003	97	0	11	2011-10-05	2011-10-05	NULL	4	2011-11-19	2011-10-10
114041	Neil McCallum	23	0	2	2009-04-06	2009-04-06	NULL	2	2010-09-22	2009-05-22
663232	OSMNZ	46	0	18	2012-04-20	2012-04-20	NULL	1	2012-04-21	2012-04-21
3516	BiIbo	15	0	0	2008-06-05	NULL	NULL	4	2008-12-14	2009-01-28
2266986	Andreas Larsson	60	0	60	2014-08-16	2014-08-16	NULL	1	2014-08-17	2014-08-17
156699	johnboyholmes	902	0	683	2009-08-12	2009-08-12	NULL	11	2010-04-28	2009-09-05
1189396	mcla	1	0	1	2013-01-06	2013-01-06	NULL	1	2013-01-07	2013-01-07
59980	Alagos	4	0	3	2008-08-31	2008-08-31	NULL	2	2008-09-02	2008-09-02
511564	Jacob Toye	6	0	4	2012-12-06	2014-02-27	NULL	2	2013-07-19	2013-10-02
1758306	Neon22	111	0	36	2013-09-27	2013-09-27	NULL	2	2013-09-28	2013-09-28
237525	aharvey	64	0	49	2014-03-25	2014-03-25	NULL	3	2014-05-20	2014-04-11
578280	thefrenchnerd	13	0	9	2012-01-02	2012-01-02	NULL	1	2012-01-02	2012-01-02
178786	wiredv	5005	5	4151	2010-04-13	2010-04-13	2011-03-27	45	2011-12-13	2012-04-13
28609	bcrosby	8	0	8	2010-12-17	2010-12-17	NULL	1	2010-12-17	2010-12-17
8821	norky	18	0	4	2008-02-18	2008-02-18	NULL	1	2008-02-18	2008-02-18
51045	Geogast	57	0	0	2010-09-04	NULL	NULL	6	2011-02-01	2010-11-05
338611	marek kleciak	19	0	4	2011-04-10	2011-04-10	NULL	1	2011-04-10	2011-04-10
370167	nz_strabo	24	0	20	2010-11-13	2010-11-13	NULL	1	2010-11-13	2010-11-13
444508	jdimyadi@astravision	124	0	26	2011-04-25	2011-04-25	NULL	1	2011-04-26	2011-04-26
107257	FrViPofm	7	0	7	2012-08-06	2012-08-06	NULL	1	2012-08-06	2012-08-06
305893	Comrayde	8	0	5	2010-06-18	2010-06-18	NULL	1	2010-06-18	2010-06-18
1247497	wholakeituai	95	0	95	2013-03-04	2013-03-04	NULL	1	2013-03-05	2013-03-05
98932	TheKiwis	26	0	0	2009-02-11	NULL	NULL	1	2009-02-11	2009-02-11
25996	pingoo	22	0	19	2012-06-17	2012-06-17	NULL	1	2012-06-17	2012-06-17
87274	EliotB	329	2	312	2009-12-29	2009-12-29	2009-12-29	2	2010-01-02	2009-12-31
1768120	kiwirocker	10	0	10	2013-10-07	2013-10-07	NULL	1	2013-10-08	2013-10-08
818546	GrahamBrowne	7	0	7	2012-08-31	2012-08-31	NULL	1	2012-08-31	2012-08-31
88918	miltonmic	185	3	33	2009-01-05	2009-01-05	2009-01-05	1	2009-01-05	2009-01-05
