user_id	user_name	count	blankcount	v1count	firstedit	firsteditv1	firsteditblank	days_active	mean_date	mean_date_weighted	countlocalness	v1countlocalness
496923	abellaofernandez	40182	0	37468	2011-08-25	2011-08-25	NULL	173	2014-07-12	2014-08-28	0.1039	0.1141
152074	beweta	5412	0	2559	2011-01-08	2011-01-08	NULL	30	2014-06-07	2014-04-19	0.0074	0.0075
12434	nm7s9	21402	1	16595	2008-07-20	2008-07-20	2015-08-27	138	2013-05-06	2012-12-30	0.0277	0.0533
336460	robgeb	47404	4	43262	2011-05-24	2011-05-24	2011-06-06	44	2011-10-04	2011-10-06	0.0992	0.1244
6513	Glen	6625	0	5725	2013-04-01	2013-04-01	NULL	11	2013-04-10	2013-04-08	0.016	0.0207
7168	DaveHansenTiger	110448	1448	110448	2007-11-27	2007-11-27	2007-11-27	1	2007-11-27	2007-11-27	0.0006	0.0006
398919	gMitchellD	53440	23	48518	2011-01-26	2011-01-26	2011-01-26	22	2011-02-06	2011-02-05	0.737	0.9318
120146	TIGERcnl	13074	76	13074	2009-07-10	2009-07-10	2009-07-10	1	2009-07-10	2009-07-10	0.0025	0.0025
310589	hno2	6924	0	5532	2012-09-12	2012-09-12	NULL	16	2013-09-10	2013-04-26	0.0205	0.0233
870195	babas56	5346	0	4941	2012-09-24	2012-09-24	NULL	6	2012-09-27	2012-09-26	0.4899	0.5685
2736609	el_konquistador	6500	8	6500	2015-05-02	2015-05-02	2015-05-02	1	2015-05-02	2015-05-02	0.9825	1.0
50005	n7xsd	6674	0	1702	2008-07-05	2008-07-05	NULL	39	2009-04-11	2009-06-13	0.1259	0.0947
147510	woodpeck_fixbot	101735	0	0	2009-09-25	NULL	NULL	4	2009-11-24	2009-11-12	0.0006	NULL
2533093	carciofo	6	0	0	2015-06-07	NULL	NULL	1	2015-06-07	2015-06-07	0.0	0.0
1783785	R0bst3r	2	0	0	2015-04-02	NULL	NULL	2	2015-04-08	2015-04-08	0.0	0.0
50118	Hawkeye	16	0	11	2012-10-06	2012-10-06	NULL	1	2012-10-06	2012-10-06	0.0001	0.0001
618879	van Rees	2	0	1	2012-12-02	2012-12-07	NULL	2	2012-12-05	2012-12-05	0.0	0.0
10475	riad	8	0	8	2008-03-08	2008-03-08	NULL	1	2008-03-08	2008-03-08	0.0002	0.0002
274546	AskCDE	1	0	0	2010-04-25	NULL	NULL	1	2010-04-25	2010-04-25	0.05	0.0
574563	OldTome	1	0	0	2011-12-26	NULL	NULL	1	2011-12-26	2011-12-26	1.0	NULL
22773	christof	1	0	1	2009-10-10	2009-10-10	NULL	1	2009-10-10	2009-10-10	0.0002	0.0002
103107	EdHillsman	22	0	22	2014-03-17	2014-03-17	NULL	1	2014-03-17	2014-03-17	0.0001	0.0001
3232835	Alexhats	66	0	54	2015-11-29	2015-11-29	NULL	1	2015-11-29	2015-11-29	0.0085	0.0093
28609	bcrosby	6	0	6	2010-12-17	2010-12-17	NULL	1	2010-12-16	2010-12-16	0.0001	0.0001
51045	Geogast	334	0	0	2010-02-07	NULL	NULL	1	2010-02-07	2010-02-07	0.0005	0.0
201359	wambacher	21	0	7	2012-10-17	2012-10-17	NULL	5	2013-10-30	2013-11-14	0.0	0.0
3231072	Robocat18	25	0	25	2015-09-11	2015-09-11	NULL	1	2015-09-11	2015-09-11	0.0531	0.0532
1051550	shravan91	162	0	149	2015-03-09	2015-03-23	NULL	6	2015-03-27	2015-03-27	0.0014	0.0019
7412	mjulius	3	0	0	2010-04-02	NULL	NULL	1	2010-04-02	2010-04-02	0.0	0.0
196244	fotoman607	684	0	636	2009-11-12	2009-11-12	NULL	3	2010-01-31	2010-03-10	1.0	1.0
109570	Vincent Broman	1	0	0	2011-05-09	NULL	NULL	1	2011-05-08	2011-05-08	0.0	0.0
119818	Devin Samarin	32	0	27	2009-07-04	2009-07-04	NULL	3	2012-07-22	2011-03-06	1.0	1.0
427991	ernestoc33	149	0	80	2011-03-27	2011-03-27	NULL	3	2011-03-28	2011-03-27	0.9198	1.0
33321	qwerty10	341	2	299	2011-01-19	2011-01-19	2011-02-24	8	2012-05-19	2011-07-05	0.003	0.0119
1709189	THIRRY	280	0	139	2013-08-09	2013-08-09	NULL	3	2014-11-11	2014-04-07	0.8642	1.0
1905810	natebot13	33	0	21	2014-01-27	2014-01-27	NULL	1	2014-01-27	2014-01-27	0.8462	0.9545
1916848	mike702	2	0	2	2014-02-03	2014-02-03	NULL	1	2014-02-03	2014-02-03	1.0	1.0
278489	ETO Buff	23	0	9	2010-04-29	2010-04-29	NULL	1	2010-04-29	2010-04-29	0.434	1.0
57158	kay_D	52	0	30	2012-11-08	2012-11-08	NULL	3	2012-11-29	2012-11-27	0.0011	0.001
214103	alecdhuse	1970	0	1952	2014-12-02	2014-12-02	NULL	3	2015-04-04	2015-09-03	0.0225	0.0233
82615	roadup	2071	1	1601	2015-11-02	2015-11-02	2015-11-06	5	2015-11-04	2015-11-03	0.2859	0.2903
1408522	Omnific	9	0	0	2014-12-01	NULL	NULL	2	2014-12-07	2014-12-02	0.0	0.0
47978	Christoph Lotz	108	0	104	2014-08-08	2014-08-08	NULL	1	2014-08-08	2014-08-08	0.0004	0.0012
88337	ruph	18	0	16	2013-12-03	2013-12-24	NULL	2	2013-12-14	2013-12-23	0.0001	0.0002
3481606	Alex De Castroverde	3	0	2	2015-12-26	2015-12-26	NULL	1	2015-12-26	2015-12-26	1.0	1.0
2665808	eprowe	3	0	0	2015-02-14	NULL	NULL	1	2015-02-14	2015-02-14	0.6	NULL
90488	ger4rd	2	0	2	2010-09-09	2010-09-09	NULL	1	2010-09-09	2010-09-09	0.0001	0.0001
167417	osm-sputnik	5	0	2	2012-09-15	2012-09-15	NULL	2	2012-10-08	2012-10-12	0.0	0.0
1501508	mash84121	674	0	657	2015-07-06	2015-07-06	NULL	3	2015-07-06	2015-07-06	0.0107	0.011
10353	gorn	17	0	16	2013-11-27	2013-11-27	NULL	1	2013-11-27	2013-11-27	0.0003	0.0005
663559	geochrome	39	0	22	2012-12-13	2012-12-14	NULL	5	2012-12-22	2013-01-01	0.0005	0.0003
3499434	CommandP	7	0	5	2016-01-04	2016-01-04	NULL	1	2016-01-03	2016-01-03	0.875	1.0
1246856	Dewayne Burns	1	0	1	2013-03-04	2013-03-04	NULL	1	2013-03-04	2013-03-04	1.0	0.5
24551	teste18	1	0	1	2013-04-15	2013-04-15	NULL	1	2013-04-15	2013-04-15	0.0	0.0
1782960	emacsen_dwg	1	0	0	2014-11-24	NULL	NULL	1	2014-11-24	2014-11-24	0.0	NULL
1839337	howdystranger	190	0	132	2014-05-29	2014-05-29	NULL	2	2014-06-12	2014-06-11	0.0012	0.0011
604586	kr4z33	43	0	43	2014-12-18	2014-12-18	NULL	1	2014-12-18	2014-12-18	0.0029	0.0036
207745	NE2	586	0	237	2010-07-04	2010-12-11	NULL	21	2011-09-16	2012-04-05	0.0001	0.0001
473471	NE3	18	0	15	2011-06-20	2011-06-20	NULL	2	2011-06-23	2011-06-23	0.0011	0.0018
35112	Jozzy	158	0	113	2009-10-22	2009-10-22	NULL	7	2012-02-04	2012-08-15	0.0038	0.0079
589596	lxbarth	2	0	2	2015-05-14	2015-05-14	NULL	1	2015-05-14	2015-05-14	0.0	0.0
392101	HCWT	63	0	53	2011-01-06	2011-01-06	NULL	1	2011-01-05	2011-01-05	0.6774	1.0
328268	DrHog	105	1	96	2010-08-09	2010-08-09	2010-08-24	3	2011-01-29	2010-08-15	0.0077	0.0091
837066	TonyMa	117	0	107	2013-10-25	2013-10-25	NULL	3	2014-04-18	2013-11-03	0.0041	0.0044
84110	Team mazungu	1	0	1	2010-09-29	2010-09-29	NULL	1	2010-09-29	2010-09-29	0.0	0.0001
1163952	Cart of Graphs	11	0	11	2013-05-16	2013-05-16	NULL	1	2013-05-16	2013-05-16	0.009	0.0171
341907	grouchyoldman	67	0	15	2010-09-30	2010-09-30	NULL	2	2010-11-23	2010-10-01	0.9306	1.0
181166	LWK	1	0	0	2012-11-07	NULL	NULL	1	2012-11-06	2012-11-06	0.0	0.0
364	Edward	10	0	10	2009-01-23	2009-01-23	NULL	1	2009-01-23	2009-01-23	0.0001	0.0002
352985	ecatmur	108	0	98	2015-02-18	2015-02-18	NULL	1	2015-02-18	2015-02-18	0.0008	0.001
3015679	Tony42187	4	0	0	2015-06-26	NULL	NULL	1	2015-06-26	2015-06-26	0.8	0.0
24126	dforsi	2	0	0	2008-04-26	NULL	NULL	2	2009-04-11	2009-04-11	0.0	0.0
3516	BiIbo	32	0	0	2009-02-13	NULL	NULL	2	2009-02-13	2009-02-12	0.0	0.0
451048	bbmiller	1	0	1	2015-03-21	2015-03-21	NULL	1	2015-03-21	2015-03-21	0.0	0.0
384894	Trex2001	113	0	83	2011-05-18	2011-05-18	NULL	1	2011-05-17	2011-05-17	0.0009	0.0008
43667	Malmis	1	0	1	2014-09-04	2014-09-04	NULL	1	2014-09-04	2014-09-04	0.0	0.0
24727	suntri	33	0	33	2011-09-02	2011-09-02	NULL	1	2011-09-02	2011-09-02	0.0065	0.0075
2411240	pluton_od	12	0	11	2015-02-05	2015-02-05	NULL	1	2015-02-04	2015-02-04	0.0077	0.0076
2789998	dentalconciergelasvegas	2	0	1	2015-03-28	2015-03-28	NULL	1	2015-03-27	2015-03-27	1.0	1.0
625474	herbstman	17	0	17	2014-01-19	2014-01-19	NULL	1	2014-01-19	2014-01-19	0.0047	0.0059
17047	KaiRo	99	0	95	2014-08-08	2014-08-08	NULL	3	2015-04-05	2014-08-15	0.0017	0.0026
416346	Brian@Brea	417	0	363	2011-09-12	2011-09-12	NULL	4	2012-07-25	2012-03-02	0.0006	0.0007
12671	sladen	87	0	56	2012-12-12	2012-12-12	NULL	1	2012-12-12	2012-12-12	0.0002	0.0002
48679	geopgeop	630	0	403	2013-12-11	2013-12-11	NULL	3	2014-01-30	2014-02-09	0.45	0.4809
722137	OSMF Redaction Account	1064	0	0	2012-07-18	NULL	NULL	1	2012-07-18	2012-07-18	0.0001	NULL
1952985	Open21	4	0	4	2014-02-25	2014-02-25	NULL	1	2014-02-24	2014-02-24	1.0	1.0
3422306	hska-1115-21	12	0	12	2015-11-30	2015-11-30	NULL	1	2015-11-30	2015-11-30	0.1967	0.1967
2219338	RichRico	669	0	572	2014-10-22	2014-12-22	NULL	26	2015-05-18	2015-06-01	0.0003	0.0005
203688	jorge_o	4	0	1	2013-01-12	2013-02-28	NULL	2	2013-02-04	2013-02-04	0.0	0.0
70696	xybot	11	0	0	2008-12-21	NULL	NULL	8	2010-07-01	2010-08-16	0.0	0.0
10786	stucki1	5	0	0	2012-10-30	NULL	NULL	2	2012-11-02	2012-11-03	0.0	0.0
2818925	bufordt	13	0	11	2015-04-13	2015-04-13	NULL	1	2015-04-13	2015-04-13	1.0	1.0
152289	cgu66	15	0	3	2011-03-31	2013-02-27	NULL	4	2012-09-02	2013-01-09	0.0001	0.0
504834	Cassio90	2	0	0	2012-11-07	NULL	NULL	1	2012-11-06	2012-11-06	0.0003	0.0
123364	Tronikon	115	0	107	2010-06-25	2010-06-25	NULL	3	2012-02-14	2011-04-22	0.0002	0.0003
3496888	phsampaio	2	0	0	2016-01-03	NULL	NULL	1	2016-01-02	2016-01-02	0.0317	0.0
181135	Manu1400	3	0	0	2013-05-17	NULL	NULL	3	2013-12-04	2013-12-04	0.0	0.0
85306	czshredd	627	0	26	2008-12-15	2008-12-15	NULL	2	2008-12-18	2008-12-15	0.7609	0.963
322785	BCNorwich	17	0	4	2012-11-25	2012-12-13	NULL	5	2012-12-08	2012-12-11	0.0	0.0
645457	rumpelsocke	36	0	34	2013-01-06	2013-01-06	NULL	2	2013-01-07	2013-01-06	0.0009	0.0012
419530	grooney87	6	0	6	2011-03-09	2011-03-09	NULL	1	2011-03-09	2011-03-09	1.0	1.0
360392	maxerickson	637	0	499	2013-09-18	2013-09-18	NULL	6	2014-10-27	2014-08-17	0.0003	0.0004
243003	skquinn	12	0	1	2014-11-13	2014-11-13	NULL	1	2014-11-12	2014-11-12	0.0001	0.0
245874	randoogle	2	0	2	2013-10-03	2013-10-03	NULL	2	2014-10-17	2014-10-17	0.0	0.0
398883	FIM	6	0	2	2012-10-17	2012-10-17	NULL	1	2012-10-17	2012-10-17	0.0001	0.0001
307415	Saturn	6	0	6	2011-04-20	2011-04-20	NULL	1	2011-04-20	2011-04-20	0.0002	0.0003
167009	geowas	19	0	19	2012-11-05	2012-11-05	NULL	2	2012-11-07	2012-11-08	0.0002	0.0002
1072240	cmif4	526	0	503	2013-02-05	2013-02-05	NULL	1	2013-02-05	2013-02-05	0.0086	0.0113
2296126	Backstage Dance Studio	1	0	1	2014-09-05	2014-09-05	NULL	1	2014-09-05	2014-09-05	NULL	1.0
86654	e1l52	17	0	17	2012-08-15	2012-08-15	NULL	1	2012-08-15	2012-08-15	0.0002	0.0002
2302485	optimalnode	735	0	331	2014-08-31	2014-08-31	NULL	4	2015-08-29	2015-10-15	0.9351	1.0
1650185	davidgear	1	0	1	2013-07-16	2013-07-16	NULL	1	2013-07-16	2013-07-16	NULL	1.0
28050	kyrbyboy	521	0	0	2008-03-16	NULL	NULL	2	2008-04-05	2008-04-12	0.0124	NULL
1198074	DoubleA	19	0	18	2014-01-19	2014-01-19	NULL	1	2014-01-19	2014-01-19	0.0002	0.0005
2616644	Lulau	14	0	14	2015-11-10	2015-11-10	NULL	1	2015-11-10	2015-11-10	0.0024	0.0025
218114	ArizonaMapper	79	0	79	2016-01-14	2016-01-14	NULL	1	2016-01-13	2016-01-13	0.0003	0.0003
1233790	Concord Hospitality	1	0	1	2013-02-28	2013-02-28	NULL	1	2013-02-28	2013-02-28	0.013	0.0156
322287	LZ1	6	0	0	2010-07-21	NULL	NULL	1	2010-07-21	2010-07-21	1.0	NULL
81285	Ahlzen	26	0	7	2012-10-17	2012-10-17	NULL	1	2012-10-17	2012-10-17	0.0001	0.0
42429	42429	100	0	55	2009-03-08	2010-01-13	NULL	2	2009-08-11	2009-08-29	0.0	0.0
1155393	Sandy Cycler	957	2	937	2013-01-20	2013-01-20	2015-01-17	16	2014-08-02	2014-12-24	0.7407	0.7668
522978	asdf1234	29	0	29	2014-08-15	2014-08-15	NULL	1	2014-08-14	2014-08-14	0.0002	0.0002
51722	Chris Parker	1	0	0	2013-02-13	NULL	NULL	1	2013-02-13	2013-02-13	0.0	0.0
135650	diac	35	0	0	2009-06-15	NULL	NULL	1	2009-06-15	2009-06-15	1.0	NULL
2141175	lalagirl	1	0	1	2014-06-23	2014-06-23	NULL	1	2014-06-22	2014-06-22	NULL	1.0
356178	dan3831	34	0	5	2010-11-30	2010-11-30	NULL	1	2010-11-30	2010-11-30	0.0644	0.0694
85218	Aleks-Berlin	10	0	6	2010-06-05	2010-06-05	NULL	2	2013-03-19	2010-12-26	0.0003	0.0007
1699115	Wyseguy79	1	0	0	2013-07-31	NULL	NULL	1	2013-07-31	2013-07-31	1.0	NULL
38209	Lelio_it	2	0	2	2011-08-01	2011-08-01	NULL	2	2011-08-01	2011-08-01	0.0	0.0001
169004	oldtopos	781	0	159	2012-07-10	2012-07-10	NULL	15	2012-12-02	2012-11-29	0.0004	0.0001
2729711	Deaf007	4	0	1	2015-03-11	2015-03-11	NULL	1	2015-03-10	2015-03-10	0.0005	0.0002
583870	becw	2	0	2	2012-09-27	2012-09-27	NULL	1	2012-09-26	2012-09-26	0.0005	0.0012
26818	David & Christine Schmitt	2	0	0	2013-01-07	NULL	NULL	1	2013-01-07	2013-01-07	0.0	0.0
2555308	Jack J Jia	3	0	2	2015-01-12	2015-01-12	NULL	1	2015-01-12	2015-01-12	0.0248	0.0235
100736	Jason2	11	0	0	2009-05-22	NULL	NULL	1	2009-05-22	2009-05-22	1.0	NULL
53848	anttiklemm	11	0	4	2014-01-04	2014-01-10	NULL	5	2014-01-16	2014-01-16	0.0004	0.0002
49738	JaimeReyes	31	0	0	2008-12-05	NULL	NULL	2	2008-12-06	2008-12-05	0.0923	0.0
2043636	Las Vegas Guy	327	0	289	2014-04-22	2014-04-22	NULL	1	2014-04-22	2014-04-22	0.7348	1.0
338022	mark29	498	0	494	2012-04-05	2012-04-05	NULL	1	2012-04-05	2012-04-05	0.004	0.0069
55774	nmixter	60	1	60	2010-01-05	2010-01-05	2010-01-05	3	2010-07-17	2010-02-13	0.0	0.0
593787	chrisbeale	120	0	120	2015-08-26	2015-08-26	NULL	1	2015-08-26	2015-08-26	0.5128	0.5381
39851	ferex	1	0	1	2009-08-08	2009-08-08	NULL	1	2009-08-08	2009-08-08	0.0001	0.0002
409545	eggwhites	4	0	4	2012-02-06	2012-02-06	NULL	1	2012-02-06	2012-02-06	0.0027	0.003
2859402	Sarr_Cat	3	0	2	2015-07-13	2015-07-13	NULL	1	2015-07-13	2015-07-13	0.0	0.0
48879	niten	1	0	0	2013-02-03	NULL	NULL	1	2013-02-02	2013-02-02	0.0002	0.0
29055	derden	58	6	57	2012-05-12	2012-05-12	2012-05-12	1	2012-05-12	2012-05-12	0.0001	0.0002
105454	hopfavogl	5	0	0	2014-08-07	NULL	NULL	1	2014-08-07	2014-08-07	0.0	0.0
26299	uboot	60	0	33	2009-02-20	2012-12-05	NULL	4	2012-04-18	2013-02-12	0.0	0.0004
355242	Bryce C Nesbitt	16	0	8	2013-06-18	2013-06-18	NULL	3	2015-03-03	2015-05-21	0.0001	0.0006
461005	cronoser	168	0	161	2015-08-04	2015-08-04	NULL	2	2015-08-06	2015-08-07	0.0002	0.0002
171863	clara	1	0	0	2012-11-04	NULL	NULL	1	2012-11-04	2012-11-04	0.0	0.0
1868909	pnilan	31	0	24	2014-01-05	2014-01-05	NULL	1	2014-01-05	2014-01-05	0.5741	1.0
605680	Littlejth	16	0	16	2015-07-05	2015-07-05	NULL	1	2015-07-04	2015-07-04	0.0026	0.0032
11547	michalg0x5a	10	0	3	2014-09-29	2014-09-29	NULL	1	2014-09-29	2014-09-29	0.0	0.0
555592	Scottku	231	0	231	2013-06-14	2013-06-14	NULL	1	2013-06-14	2013-06-14	0.0048	0.0061
2823295	ramyaragupathy	66	0	65	2015-06-19	2015-06-19	NULL	2	2015-07-23	2015-07-12	0.0003	0.0004
3263143	John Keezer	1	0	1	2015-09-24	2015-09-24	NULL	1	2015-09-24	2015-09-24	1.0	1.0
1647828	Fortune Hotel & Suites	1	0	1	2013-07-16	2013-07-16	NULL	1	2013-07-15	2013-07-15	1.0	1.0
595221	matthieun	76	0	61	2013-09-05	2013-09-05	NULL	1	2013-09-05	2013-09-05	0.0003	0.0003
2851555	LivingFood	906	0	867	2015-04-22	2015-04-22	NULL	3	2015-04-26	2015-04-27	0.7525	0.9954
2334461	ridler77	21	0	19	2014-09-14	2014-09-14	NULL	1	2014-09-14	2014-09-14	0.9545	1.0
1888697	slatestate	6	0	6	2014-01-16	2014-01-16	NULL	1	2014-01-16	2014-01-16	1.0	1.0
317156	eyt	37	0	36	2010-07-11	2010-07-11	NULL	1	2010-07-11	2010-07-11	1.0	1.0
460313	JohnIreland	8	0	0	2011-05-25	NULL	NULL	1	2011-05-25	2011-05-25	0.0678	0.0
135163	MikeN	177	0	120	2015-02-22	2015-02-22	NULL	1	2015-02-22	2015-02-22	0.0003	0.0004
613013	Dylan Simpson	16	0	16	2012-03-01	2012-03-01	NULL	1	2012-02-29	2012-02-29	0.8889	1.0
414318	Munchabunch	19	0	19	2015-04-28	2015-04-28	NULL	1	2015-04-28	2015-04-28	0.0	0.0001
605155	mojave_rattler	6	0	2	2012-02-15	2012-05-03	NULL	2	2012-03-25	2012-03-11	0.0011	0.0005
1376118	ChrisZontine	7	0	1	2014-02-14	2015-01-30	NULL	3	2014-06-24	2014-04-22	0.0001	0.0
1486839	ypid	1	0	0	2014-02-07	NULL	NULL	1	2014-02-07	2014-02-07	0.0002	0.0
101109	studioatonale	3	0	1	2009-10-07	2009-10-07	NULL	2	2009-10-09	2009-10-08	0.375	0.5
23351	JasonWoof	14	0	8	2012-12-17	2012-12-17	NULL	2	2012-12-17	2012-12-16	0.0	0.0001
13832	Peter14	4	0	0	2012-11-04	NULL	NULL	1	2012-11-04	2012-11-04	0.0	0.0
1733583	Be Located Online	1	0	1	2013-09-03	2013-09-03	NULL	1	2013-09-03	2013-09-03	NULL	1.0
2100025	xczoom	6	0	2	2014-05-30	2014-05-30	NULL	3	2014-06-15	2014-06-07	1.0	1.0
51337	ManAboutCouch	728	0	603	2012-09-19	2012-09-19	NULL	3	2012-10-17	2012-10-29	0.0014	0.0014
9176	Maarten Deen	54	0	20	2014-08-24	2014-08-24	NULL	2	2014-08-25	2014-08-24	0.0001	0.0001
2129127	Joschi518	68	0	68	2014-11-14	2014-11-14	NULL	1	2014-11-14	2014-11-14	0.0398	0.0513
37392	25or6to4	583	1	526	2010-02-17	2010-02-17	2015-10-19	2	2012-12-18	2015-08-29	0.0002	0.0005
1323363	kriscarle	8	0	6	2015-01-02	2015-01-02	NULL	1	2015-01-01	2015-01-01	0.0	0.0
145231	woodpeck_repair	1559	0	0	2011-03-04	NULL	NULL	7	2013-11-19	2013-12-30	0.0002	0.0
1240849	ediyes	1739	0	1346	2014-07-22	2014-07-22	NULL	31	2015-04-19	2015-04-15	0.0005	0.0006
2366145	Leontello	1	0	1	2014-09-29	2014-09-29	NULL	1	2014-09-29	2014-09-29	1.0	1.0
205523	skorasaurus	84	0	84	2014-01-22	2014-01-22	NULL	1	2014-01-22	2014-01-22	0.0002	0.0004
42123	Ropino	19	0	14	2012-12-01	2012-12-01	NULL	2	2012-12-02	2012-12-01	0.0	0.0
2046746	Frank Van Dyke	1	0	1	2014-04-25	2014-04-25	NULL	1	2014-04-24	2014-04-24	NULL	1.0
1329572	michael colvin	43	0	12	2013-12-08	2014-01-13	NULL	6	2014-01-08	2014-01-04	0.0009	0.0004
142205	skobbler	2	0	0	2012-10-16	NULL	NULL	1	2012-10-16	2012-10-16	0.0019	0.0
82317	AM909	203	0	108	2011-11-04	2011-11-04	NULL	3	2011-12-10	2011-11-11	0.0002	0.0002
1260280	jacobbraeutigam	837	0	825	2015-06-19	2015-06-19	NULL	2	2015-06-23	2015-06-23	0.0005	0.0007
147286	Wayfarer1	2	0	0	2009-07-19	NULL	NULL	1	2009-07-19	2009-07-19	0.0909	NULL
108775	jpx_	28	0	22	2014-04-11	2014-04-11	NULL	1	2014-04-11	2014-04-11	0.0013	0.002
131059	h4ck3rm1k3	333	1	307	2009-12-10	2009-12-10	2009-12-11	2	2009-12-11	2009-12-11	0.0005	0.0007
40397	Zartbitter	159	0	110	2010-11-01	2010-11-01	NULL	3	2011-03-24	2011-03-13	0.0001	0.0001
5177	Waldir	19	0	2	2012-11-08	2012-11-08	NULL	1	2012-11-07	2012-11-07	0.0016	0.0003
118134	scai	20	0	11	2012-11-17	2012-11-17	NULL	1	2012-11-17	2012-11-17	0.0001	0.0001
1420318	4b696d	3	0	2	2015-11-18	2015-11-18	NULL	1	2015-11-17	2015-11-17	0.0	0.0
3069191	Nathan Clayton	93	0	86	2015-07-16	2015-07-16	NULL	1	2015-07-16	2015-07-16	1.0	1.0
757237	emorye	383	0	370	2012-08-17	2012-08-17	NULL	1	2012-08-16	2012-08-16	0.0239	0.0291
361348	arekushi	7	0	7	2010-12-10	2010-12-10	NULL	1	2010-12-09	2010-12-09	0.0057	0.0143
1836471	Blobo123	16	0	12	2015-01-27	2015-01-27	NULL	1	2015-01-26	2015-01-26	0.011	0.0177
39504	malenki	6	0	3	2011-03-02	2011-03-02	NULL	3	2011-03-04	2011-03-04	0.0	0.0
2302988	MojaveCactusMonkey	16	0	2	2014-09-01	2014-09-01	NULL	1	2014-08-31	2014-08-31	1.0	1.0
2349071	dsk1	1	0	1	2014-10-28	2014-10-28	NULL	1	2014-10-28	2014-10-28	0.0006	0.0008
1820104	Dafmaster	2	0	0	2013-11-29	NULL	NULL	2	2013-11-30	2013-11-30	0.0182	0.0
4951	PeterEastern	99	0	0	2008-05-02	NULL	NULL	2	2011-01-02	2008-05-22	0.0001	0.0
2475974	Dilys	7	2	7	2015-12-24	2015-12-24	2015-12-24	1	2015-12-24	2015-12-24	0.0	0.0
1888798	jchadwell	24	0	24	2014-01-16	2014-01-16	NULL	1	2014-01-16	2014-01-16	0.9231	1.0
344561	FahRadler	41	0	39	2012-04-22	2012-04-22	NULL	1	2012-04-22	2012-04-22	0.0001	0.0001
447903	Glassman	3	0	3	2012-11-25	2012-11-25	NULL	1	2012-11-24	2012-11-24	0.0	0.0
2748691	superfly15000	35	0	25	2015-03-24	2015-03-24	NULL	1	2015-03-23	2015-03-23	0.0304	0.0307
113624	mojodna	22	0	19	2013-08-26	2013-08-26	NULL	1	2013-08-26	2013-08-26	0.0009	0.001
93788	coleman	1	0	0	2012-11-09	NULL	NULL	1	2012-11-08	2012-11-08	0.0	0.0
250487	jharpster	3	0	0	2012-10-29	NULL	NULL	1	2012-10-29	2012-10-29	0.0009	0.0
3582	davidearl	25	0	0	2008-12-06	NULL	NULL	1	2008-12-06	2008-12-06	0.0001	0.0
96974	mattmaxon	1	0	1	2015-11-16	2015-11-16	NULL	1	2015-11-15	2015-11-15	0.0	0.0
153669	dchiles	102	0	70	2012-09-22	2012-09-22	NULL	6	2013-07-23	2013-10-03	0.0	0.0
36097	Jon Hanson	32	0	32	2011-08-14	2011-08-14	NULL	5	2012-08-02	2011-11-22	0.0086	0.0111
2046555	Lesli3	105	0	96	2014-04-25	2014-04-25	NULL	3	2014-04-28	2014-04-28	0.8974	1.0
290680	wheelmap_visitor	18	0	0	2010-12-29	NULL	NULL	7	2011-11-08	2011-09-13	0.0	0.0
188805	korky99_04	177	0	167	2014-11-20	2014-11-20	NULL	1	2014-11-20	2014-11-20	0.0043	0.0047
565330	exadeci	32	0	0	2014-05-20	NULL	NULL	1	2014-05-20	2014-05-20	0.1019	0.0
167781	yoltia	8	0	0	2012-11-17	NULL	NULL	1	2012-11-17	2012-11-17	0.0007	0.0
838709	AMY-jin	138	0	94	2012-12-25	2012-12-25	NULL	2	2012-12-25	2012-12-24	0.0091	0.0922
1981931	vega33vazquez	24	0	2	2014-03-13	2014-03-13	NULL	1	2014-03-12	2014-03-12	1.0	1.0
330718	dfellow	2	0	1	2014-08-17	2014-08-17	NULL	1	2014-08-16	2014-08-16	0.0007	0.0007
2012449	Dami_Tn	231	0	79	2014-04-29	2014-04-29	NULL	10	2014-10-16	2014-12-30	0.0023	0.0011
938203	socialapp4u	95	0	60	2012-10-01	2012-10-01	NULL	1	2012-10-01	2012-10-01	0.9314	1.0
54759	Carl Simonson	3	0	0	2012-11-03	NULL	NULL	2	2012-11-03	2012-11-03	0.0001	0.0
692614	seattlefyi	2	0	2	2014-06-15	2014-06-15	NULL	1	2014-06-15	2014-06-15	0.0	0.0
232126	RetiredInNH	16	0	12	2012-10-31	2012-10-31	NULL	4	2013-02-16	2012-11-27	0.0002	0.0002
1140407	Edwardous	3	0	3	2013-05-27	2013-05-27	NULL	1	2013-05-27	2013-05-27	0.0102	0.0234
8703	rolandg	1044	0	859	2012-11-27	2012-11-27	NULL	9	2013-01-17	2013-02-24	0.0011	0.0016
1633223	Gessler	10	0	10	2013-07-11	2013-07-11	NULL	4	2013-08-01	2013-07-19	0.9091	1.0
2306749	shvrm	67	0	67	2015-06-19	2015-06-19	NULL	1	2015-06-19	2015-06-19	0.002	0.0023
25867	adamos	36	0	12	2014-09-01	2014-09-01	NULL	3	2014-09-05	2014-09-02	0.0001	0.0001
2644101	Chetan_Gowda	71	0	67	2015-06-04	2015-06-04	NULL	4	2015-07-04	2015-07-05	0.0002	0.0003
1403907	VMukhtarov	1377	0	108	2014-03-29	2014-03-29	NULL	1	2014-03-29	2014-03-29	0.0189	0.0228
86504	Thomas8122	299	0	90	2012-09-21	2012-09-21	NULL	7	2012-11-20	2012-11-13	0.0006	0.0004
28145	amillar	430	3	333	2009-03-27	2009-03-27	2009-04-03	12	2010-06-13	2010-01-10	0.0009	0.0017
316694	Luiyo	4	0	2	2012-11-08	2012-11-08	NULL	1	2012-11-08	2012-11-08	0.0	0.0
547320	Waldseemüller	31	0	29	2015-09-13	2015-09-13	NULL	1	2015-09-13	2015-09-13	0.0001	0.0001
2039462	MichaelDiener	2	0	2	2014-04-20	2014-04-20	NULL	1	2014-04-19	2014-04-19	1.0	1.0
1860615	Eveofwar	7	0	4	2013-12-30	2013-12-30	NULL	1	2013-12-29	2013-12-29	1.0	1.0
289334	Soldier Boy	181	0	129	2013-09-01	2013-09-01	NULL	2	2013-09-02	2013-09-01	0.0007	0.0013
2158177	chris6212	2	0	1	2014-07-09	2014-07-09	NULL	1	2014-07-09	2014-07-09	0.0054	0.0079
1787059	corpAlerta2	200	0	160	2013-12-03	2013-12-03	NULL	1	2013-12-03	2013-12-03	0.0086	0.012
520239	Gutsycat	7	0	0	2015-10-21	NULL	NULL	2	2015-10-22	2015-10-21	0.0008	0.0
85314	Samusz	3	0	3	2012-11-25	2012-11-25	NULL	1	2012-11-25	2012-11-25	0.0	0.0
2128981	wha55	6	0	5	2014-06-25	2014-06-25	NULL	1	2014-06-24	2014-06-24	0.1538	0.3846
633750	samuelestabrook	173	0	90	2015-11-02	2015-11-02	NULL	1	2015-11-01	2015-11-01	0.0085	0.0084
1952662	Blargh2015	32	0	26	2014-02-24	2014-02-24	NULL	1	2014-02-24	2014-02-24	0.8421	1.0
1462211	Fishermr	2	0	2	2013-05-18	2013-05-18	NULL	1	2013-05-18	2013-05-18	0.2	0.2
155795	Kyle	397	0	397	2010-02-27	2010-02-27	NULL	2	2010-08-07	2010-05-15	0.0089	0.0115
2834560	Benmachine	6	0	6	2015-04-16	2015-04-16	NULL	1	2015-04-16	2015-04-16	0.75	1.0
7203	ToffeHoff	5	0	0	2011-10-23	NULL	NULL	1	2011-10-23	2011-10-23	0.0	0.0
2650044	rmcryan	151	0	151	2015-02-23	2015-02-23	NULL	2	2015-02-23	2015-02-22	0.0078	0.0079
28559	Stemby	2	0	0	2013-09-02	NULL	NULL	2	2013-10-12	2013-10-12	0.0001	0.0
2323327	Sidizen	40	0	36	2015-02-09	2015-02-09	NULL	2	2015-02-26	2015-03-02	0.1047	0.1006
408202	BFX	2	0	2	2012-10-17	2012-10-17	NULL	1	2012-10-17	2012-10-17	0.0	0.0
475877	RoadGeek_MD99	319	0	236	2012-01-05	2012-01-05	NULL	7	2013-08-13	2014-01-02	0.0004	0.0005
655995	Cyborean	4	0	1	2012-04-11	2012-04-11	NULL	1	2012-04-10	2012-04-10	1.0	1.0
1827284	Sprayable Energy	1	0	1	2013-12-03	2013-12-03	NULL	1	2013-12-02	2013-12-02	1.0	1.0
2175872	ggraysonlv	4	0	0	2014-07-09	NULL	NULL	2	2014-07-10	2014-07-10	1.0	NULL
701297	erjiang	8	0	6	2015-08-14	2015-08-14	NULL	4	2015-10-30	2015-11-18	0.0001	0.0002
1802220	jonesydesign	185	0	169	2014-03-04	2014-04-18	NULL	6	2014-09-07	2014-12-15	0.0003	0.0004
1713159	DrPancholi	1	0	1	2013-08-13	2013-08-13	NULL	1	2013-08-13	2013-08-13	1.0	1.0
2582121	jpklv	16	0	15	2015-01-17	2015-01-17	NULL	1	2015-01-16	2015-01-16	0.4706	1.0
1110270	afdreher	96	0	86	2012-12-17	2012-12-17	NULL	1	2012-12-17	2012-12-17	0.0002	0.0002
4553	Autarch	25	0	25	2012-03-05	2012-03-05	NULL	1	2012-03-04	2012-03-04	0.0002	0.0002
1541785	brunnerre	1	0	1	2013-06-12	2013-06-12	NULL	1	2013-06-12	2013-06-12	NULL	1.0
1694880	sandhill	168	0	126	2013-08-28	2013-08-28	NULL	2	2014-05-05	2014-04-02	0.0006	0.0016
28775	StellanL	131	0	7	2013-03-04	2013-03-05	NULL	1	2013-03-04	2013-03-04	0.0001	0.0
17427	dysteleologist	463	0	181	2010-02-14	2010-02-14	NULL	4	2010-02-20	2010-02-20	0.0009	0.0006
662576	shanderson	90	0	24	2012-04-18	2012-04-18	NULL	1	2012-04-18	2012-04-18	0.8257	1.0
1087647	Phil Scherer	247	0	12	2012-12-02	2012-12-02	NULL	3	2013-04-06	2012-12-03	0.008	0.0015
4697	hobbesvsboyle	6	0	1	2012-11-12	2012-11-12	NULL	2	2013-08-08	2013-05-10	0.0	0.0
2115749	srividya_c	420	0	380	2015-02-02	2015-02-02	NULL	18	2015-05-24	2015-07-06	0.0012	0.0015
1964404	John Van Zandt	6	0	6	2014-03-06	2014-03-06	NULL	1	2014-03-05	2014-03-05	0.037	0.1
212111	okilimu	1	0	0	2014-09-11	NULL	NULL	1	2014-09-11	2014-09-11	0.0	0.0
2386949	RoseCoco	23	0	22	2014-10-09	2014-10-09	NULL	1	2014-10-08	2014-10-08	0.0102	0.0101
97369	fcrump	42	0	1	2009-02-09	2009-02-09	NULL	2	2009-02-15	2009-02-21	0.0002	0.0
47892	richlv	12	0	0	2012-11-22	NULL	NULL	1	2012-11-22	2012-11-22	0.0	0.0
1692143	the3mantiger	3	0	3	2013-07-29	2013-07-29	NULL	1	2013-07-29	2013-07-29	1.0	1.0
2554698	ruthmaben	94	0	89	2015-03-17	2015-04-09	NULL	9	2015-05-12	2015-07-03	0.0003	0.0005
8909	mvexel	963	0	884	2011-10-25	2011-10-25	NULL	11	2013-05-13	2012-02-10	0.0051	0.0074
111529	ReinerMeyer	178	0	118	2014-05-29	2014-05-29	NULL	2	2014-05-29	2014-05-29	0.0001	0.0001
1220849	Rick69	94	0	24	2014-06-21	2014-08-22	NULL	3	2014-08-25	2014-10-27	0.0046	0.0021
243490	T99	86	0	84	2012-03-13	2012-03-13	NULL	2	2012-03-14	2012-03-13	0.0003	0.0004
635896	bigwebguy	629	0	323	2012-11-25	2012-11-25	NULL	1	2012-11-24	2012-11-24	0.0069	0.0054
296457	Sandy Armstrong	13	0	13	2010-06-01	2010-06-01	NULL	1	2010-06-01	2010-06-01	1.0	1.0
143599	Mark Granger	16	0	9	2014-04-19	2014-04-19	NULL	1	2014-04-19	2014-04-19	0.0017	0.0018
687159	hazmat696969	3	0	3	2012-09-10	2012-09-10	NULL	1	2012-09-10	2012-09-10	0.0059	0.0073
1313225	ntslv	196	0	195	2015-05-22	2015-05-22	NULL	1	2015-05-22	2015-05-22	1.0	1.0
2559158	picou mana	167	0	157	2015-01-07	2015-01-07	NULL	2	2015-01-08	2015-01-08	0.311	0.3291
125318	Jens Remus	4	0	2	2014-06-01	2014-06-01	NULL	1	2014-06-01	2014-06-01	0.0035	0.0022
2053369	NayanataraM	9	0	6	2014-05-09	2014-05-09	NULL	2	2014-05-16	2014-05-14	0.0004	0.0006
26601	kweejee	17	0	17	2010-10-31	2010-10-31	NULL	1	2010-10-31	2010-10-31	0.0002	0.0004
73822	ATB	22	0	22	2013-01-14	2013-01-14	NULL	1	2013-01-13	2013-01-13	0.0563	0.4314
2007056	Xkeeper	4	0	4	2014-03-28	2014-03-28	NULL	1	2014-03-28	2014-03-28	1.0	1.0
8764	egore911	5	0	1	2014-07-04	2014-07-04	NULL	1	2014-07-04	2014-07-04	0.0	0.0
583709	BattleBorn	102	0	102	2012-01-10	2012-01-10	NULL	1	2012-01-10	2012-01-10	1.0	1.0
160138	DanHomerick	31	0	4	2014-08-24	2014-09-11	NULL	2	2014-09-02	2014-09-06	0.0001	0.0
663431	Xovan	4	0	3	2012-04-19	2012-04-19	NULL	1	2012-04-19	2012-04-19	0.8	1.0
2835928	nikhilprabhakar	213	0	213	2015-09-07	2015-09-07	NULL	1	2015-09-07	2015-09-07	0.0008	0.001
249634	mapsinE3	2	0	0	2012-12-15	NULL	NULL	1	2012-12-15	2012-12-15	0.0002	0.0
1881466	Carl J Pankowski	2	0	0	2014-01-13	NULL	NULL	1	2014-01-13	2014-01-13	1.0	NULL
60273	apo-gps	21	0	0	2009-01-28	NULL	NULL	1	2009-01-28	2009-01-28	0.0002	0.0
2905914	pratikyadav	141	0	134	2015-07-03	2015-07-03	NULL	7	2015-08-08	2015-08-08	0.0005	0.0009
1828630	kbomby	3	0	3	2013-12-05	2013-12-05	NULL	3	2014-02-22	2014-02-22	0.0083	0.0095
1729265	nauzadt	39	0	37	2013-08-30	2013-08-30	NULL	2	2013-08-30	2013-08-30	0.6094	0.7255
132444	gpsradler	2	0	0	2012-12-23	NULL	NULL	1	2012-12-23	2012-12-23	0.0002	0.0
413047	rkachelriess	514	0	143	2014-08-13	2015-03-30	NULL	3	2015-01-13	2015-03-30	0.0154	0.01
1273708	heaemployment	1	0	1	2013-03-15	2013-03-15	NULL	1	2013-03-15	2013-03-15	1.0	1.0
451067	Evanator	6	0	5	2014-06-30	2014-06-30	NULL	1	2014-06-30	2014-06-30	0.0	0.0
2087539	pmakevin	1	0	1	2014-11-25	2014-11-25	NULL	1	2014-11-25	2014-11-25	0.0175	0.0196
160949	eric22	1	0	1	2013-12-30	2013-12-30	NULL	1	2013-12-30	2013-12-30	0.0	0.0
55916	maxolasersquad	45	0	39	2012-12-02	2012-12-02	NULL	1	2012-12-02	2012-12-02	0.0001	0.0001
1468382	zuehli	104	0	54	2013-08-19	2013-08-19	NULL	4	2014-12-28	2014-11-06	0.013	0.014
2431882	melba2015	1	0	1	2014-10-29	2014-10-29	NULL	1	2014-10-29	2014-10-29	1.0	1.0
165869	chdr	301	0	301	2011-05-14	2011-05-14	NULL	3	2011-09-03	2011-06-15	0.0006	0.0006
130472	fx99	3	0	1	2013-02-08	2013-02-08	NULL	1	2013-02-08	2013-02-08	0.0	0.0
3350876	Jose Manuel Sainz	2	0	0	2015-10-31	NULL	NULL	1	2015-10-31	2015-10-31	1.0	NULL
196163	akmofo	521	0	496	2009-11-12	2009-11-12	NULL	2	2009-11-12	2009-11-12	0.9849	1.0
1005916	Charles Murray	41	0	41	2014-04-25	2014-04-25	NULL	1	2014-04-25	2014-04-25	0.005	0.0057
1430450	Margori123	2	0	0	2014-07-12	NULL	NULL	1	2014-07-12	2014-07-12	0.0003	0.0
31075	wieland	1	0	0	2011-03-17	NULL	NULL	1	2011-03-17	2011-03-17	0.0	0.0
2376066	MaggieBrown	353	0	311	2014-10-03	2014-10-03	NULL	1	2014-10-03	2014-10-03	0.9888	1.0
37137	Derick Rethans	5	0	5	2012-10-29	2012-10-29	NULL	2	2012-11-02	2012-11-04	0.0	0.0
2144064	tommarlo	17	0	16	2014-08-22	2014-08-22	NULL	1	2014-08-22	2014-08-22	0.04	0.0489
644625	LVAmish	107	0	93	2012-03-31	2012-03-31	NULL	3	2012-04-03	2012-03-31	0.1723	0.6739
2944689	mihaii_telenav	62	0	59	2015-12-18	2015-12-18	NULL	1	2015-12-18	2015-12-18	0.0045	0.0052
395974	Isolde	2	0	2	2011-01-16	2011-01-16	NULL	1	2011-01-16	2011-01-16	0.6667	0.6667
14293	KindredCoda	1036	0	168	2008-02-14	2008-02-14	NULL	5	2010-11-20	2008-09-09	0.0005	0.0003
445755	PR4LFE	9	0	8	2011-04-27	2011-04-27	NULL	1	2011-04-27	2011-04-27	0.9	1.0
32952	DennisL	39	0	20	2012-09-16	2012-09-16	NULL	5	2013-03-27	2014-03-24	0.0005	0.0009
1707676	scotlande	210	0	206	2014-01-06	2014-01-06	NULL	1	2014-01-06	2014-01-06	0.0722	0.0755
558778	JB82	22	0	18	2013-03-17	2013-03-17	NULL	2	2013-10-16	2014-03-01	0.0009	0.0009
1755565	arisphinx	1	0	1	2015-10-20	2015-10-20	NULL	1	2015-10-19	2015-10-19	0.0007	0.0007
125455	RyanK	60	0	0	2010-07-14	NULL	NULL	1	2010-07-13	2010-07-13	0.2048	NULL
365279	bigboss	53	0	51	2012-10-23	2012-10-23	NULL	1	2012-10-23	2012-10-23	0.0007	0.0009
1762475	hdwifitech	1	0	1	2013-10-01	2013-10-01	NULL	1	2013-10-01	2013-10-01	1.0	1.0
2441939	thevirginian	29	0	0	2015-01-21	NULL	NULL	1	2015-01-21	2015-01-21	0.0002	0.0
1799965	neoncomputers	1	0	1	2013-11-09	2013-11-09	NULL	1	2013-11-08	2013-11-08	NULL	1.0
104962	techlady	6	0	1	2012-09-15	2012-09-15	NULL	1	2012-09-15	2012-09-15	0.0	0.0
2847988	jinalfoflia	6	0	4	2015-07-09	2015-07-09	NULL	3	2015-08-23	2015-07-31	0.0001	0.0001
693345	anjini	107	0	92	2012-05-31	2012-05-31	NULL	1	2012-05-31	2012-05-31	0.9817	1.0
1306	PlaneMad	213	0	196	2015-05-25	2015-05-25	NULL	4	2015-07-25	2015-07-10	0.0001	0.0001
118021	maggot27	3	0	0	2015-07-15	NULL	NULL	3	2015-08-17	2015-08-17	0.0	0.0
67862	HolgerJeromin	76	0	40	2011-08-25	2011-08-25	NULL	4	2012-07-20	2011-09-29	0.0004	0.0004
2460991	Young Cloud	1	0	0	2014-11-13	NULL	NULL	1	2014-11-12	2014-11-12	1.0	NULL
3083046	CletusC	6	0	4	2015-07-22	2015-07-22	NULL	2	2015-07-22	2015-07-22	0.8571	1.0
2049113	bondah	6	0	0	2014-08-09	NULL	NULL	1	2014-08-09	2014-08-09	0.0005	0.0
41927	Werner L	42	0	42	2010-08-21	2010-08-21	NULL	1	2010-08-21	2010-08-21	0.0008	0.0009
160148	Charles_Smothers	49	0	20	2015-04-13	2015-04-13	NULL	1	2015-04-13	2015-04-13	0.0012	0.0007
53073	Aaron Lidman	532	0	472	2013-06-20	2013-06-20	NULL	2	2013-07-05	2013-06-19	0.0016	0.0021
1740968	Alicehrh	1	0	1	2013-09-10	2013-09-10	NULL	1	2013-09-10	2013-09-10	1.0	1.0
2942235	RTA Maps	4	0	4	2015-05-26	2015-05-26	NULL	1	2015-05-26	2015-05-26	1.0	1.0
46220	Ethan O'Connor	8	1	8	2011-12-12	2011-12-12	2011-12-12	1	2011-12-12	2011-12-12	0.0002	0.0003
36038	DialH	139	0	63	2009-01-04	2009-01-04	NULL	3	2009-01-18	2009-01-13	0.0051	0.0069
741163	JaLooNz	307	0	202	2012-09-09	2012-09-09	NULL	1	2012-09-09	2012-09-09	0.0007	0.0007
914766	summerlin	143	0	17	2012-09-24	2012-09-24	NULL	1	2012-09-24	2012-09-24	0.9931	1.0
2078753	vorpalblade77	3	0	2	2016-01-17	2016-01-17	NULL	1	2016-01-17	2016-01-17	0.0001	0.0001
1867714	LisaA2Z	20	0	16	2014-01-05	2014-01-05	NULL	1	2014-01-04	2014-01-04	0.8333	1.0
450150	Megan Hatala	138	0	64	2011-05-05	2011-05-05	NULL	4	2012-02-16	2012-06-01	0.8166	1.0
1833008	Andrew Webb	8	0	8	2013-12-06	2013-12-06	NULL	1	2013-12-06	2013-12-06	0.6154	0.6154
2926162	synup	2	0	2	2015-05-26	2015-05-26	NULL	1	2015-05-25	2015-05-25	0.0145	0.0155
329833	pankdm	6	0	4	2014-01-18	2014-01-18	NULL	1	2014-01-18	2014-01-18	0.0	0.0
1208453	chewey	259	0	184	2014-01-30	2014-01-30	NULL	1	2014-01-29	2014-01-29	0.003	0.0039
70	Matt	15	0	4	2009-08-21	2009-08-21	NULL	1	2009-08-21	2009-08-21	0.0003	0.0001
37645	Sendhil	18	0	14	2010-03-27	2010-03-27	NULL	2	2011-05-01	2010-12-18	1.0	1.0
92150	dirkmunson	252	0	145	2009-03-23	2009-03-23	NULL	4	2009-03-26	2009-03-26	0.0588	0.068
1814317	LIVEPUREdotCOM	2	0	2	2013-11-21	2013-11-21	NULL	1	2013-11-21	2013-11-21	1.0	1.0
302009	aaront	708	0	664	2013-04-22	2013-04-22	NULL	15	2014-03-31	2014-03-15	0.0313	0.0445
200922	hfyu	40	0	16	2012-08-24	2012-08-24	NULL	3	2013-07-15	2013-03-12	0.0046	0.0081
121264	mhenson	80	0	56	2014-11-03	2014-11-03	NULL	3	2015-02-05	2014-11-28	0.0006	0.0005
2678730	BrockW	2	0	2	2015-02-18	2015-02-18	NULL	1	2015-02-17	2015-02-17	1.0	1.0
46166	CalliBrown	10	0	1	2012-11-01	2012-11-01	NULL	1	2012-11-01	2012-11-01	0.0003	0.0
2748195	karitotp	635	0	499	2015-05-20	2015-05-20	NULL	23	2015-06-29	2015-06-17	0.0005	0.0008
28852	Mark Gray	6	0	0	2013-01-09	NULL	NULL	1	2013-01-09	2013-01-09	0.0001	0.0
36121	Chris Lawrence	11	0	2	2012-09-08	2012-09-08	NULL	1	2012-09-07	2012-09-07	0.0	0.0
227924	SamatJain	5	0	5	2011-07-16	2011-07-16	NULL	2	2011-07-16	2011-07-15	0.0	0.0001
42619	kerosin	77	0	77	2012-11-23	2012-11-23	NULL	1	2012-11-23	2012-11-23	0.0005	0.0006
26726	lonvia	97	0	91	2010-12-29	2010-12-29	NULL	1	2010-12-29	2010-12-29	0.0005	0.0008
587790	JaggedMind	3	0	0	2012-07-30	NULL	NULL	1	2012-07-29	2012-07-29	0.0	0.0
179976	nadgerz	62	0	61	2009-10-18	2009-10-18	NULL	1	2009-10-18	2009-10-18	0.8267	0.8592
207581	Hjart	17	0	2	2014-03-22	2014-03-22	NULL	1	2014-03-22	2014-03-22	0.0	0.0
2152895	spietsnaz	33	0	33	2015-01-17	2015-01-17	NULL	1	2015-01-17	2015-01-17	0.0006	0.0007
256900	probiscus	12	0	9	2014-07-31	2014-07-31	NULL	1	2014-07-31	2014-07-31	0.0003	0.0012
209486	desertlabrat	4	0	0	2009-12-16	NULL	NULL	1	2009-12-16	2009-12-16	1.0	NULL
673242	saskiaalexandra	6	0	6	2012-07-22	2012-07-22	NULL	2	2012-08-01	2012-07-25	0.0006	0.0007
27736	Brenden	1658	0	204	2008-02-20	2014-04-29	NULL	6	2011-04-30	2009-03-24	0.977	1.0
534149	lurlrlrl	868	0	868	2014-04-08	2014-04-08	NULL	1	2014-04-08	2014-04-08	0.0004	0.0005
140924	tsae72	4	0	4	2015-10-06	2015-10-06	NULL	1	2015-10-06	2015-10-06	0.0833	0.2222
138839	cwarnold	132	0	117	2013-11-19	2013-11-19	NULL	1	2013-11-19	2013-11-19	0.9925	1.0
305985	ingalls	11	0	1	2012-11-05	2012-11-05	NULL	1	2012-11-04	2012-11-04	0.0	0.0
53273	Fluxify	46	0	0	2008-07-21	NULL	NULL	1	2008-07-20	2008-07-20	0.9583	NULL
1221212	Ryan Closner	4	0	4	2013-02-05	2013-02-05	NULL	1	2013-02-04	2013-02-04	1.0	1.0
111707	Carmen Sandiego	25	0	24	2009-03-29	2009-03-29	NULL	1	2009-03-28	2009-03-28	1.0	1.0
3329609	TomOA	1	0	1	2015-10-22	2015-10-22	NULL	1	2015-10-22	2015-10-22	NULL	1.0
173918	njaard	5	0	2	2013-02-19	2013-02-19	NULL	1	2013-02-18	2013-02-18	0.0009	0.0007
771165	LXT	187	0	31	2014-05-01	2014-05-02	NULL	5	2014-06-17	2014-05-20	0.0132	0.0098
348852	nazgul5	2	0	0	2012-11-29	NULL	NULL	1	2012-11-29	2012-11-29	0.0	0.0
1429539	rhansen81	10	0	5	2013-05-08	2013-05-08	NULL	1	2013-05-08	2013-05-08	0.0112	0.0087
4115	Andy Allan	887	0	271	2009-01-05	2009-01-05	NULL	2	2009-02-17	2009-01-21	0.0081	0.0074
3445153	TortugaSurfer	120	0	120	2015-12-09	2015-12-09	NULL	2	2015-12-10	2015-12-10	1.0	1.0
236361	NoelB	130	0	111	2014-11-03	2014-11-03	NULL	2	2014-11-04	2014-11-03	0.0001	0.0001
2426892	rchampine	4	0	4	2015-09-11	2015-09-11	NULL	1	2015-09-11	2015-09-11	0.0513	0.0519
2226712	dannykath	782	0	524	2014-10-22	2014-10-22	NULL	24	2015-06-01	2015-06-12	0.0006	0.0007
198933	LauRay	7	0	3	2009-11-18	2009-11-18	NULL	1	2009-11-18	2009-11-18	1.0	1.0
2298660	Swiq	1	0	1	2014-09-15	2014-09-15	NULL	1	2014-09-15	2014-09-15	0.0027	0.0032
1065954	AwkwardMoment	39	0	37	2012-11-19	2012-11-19	NULL	1	2012-11-19	2012-11-19	1.0	1.0
2114696	UltimateIslandEscapes	1	0	1	2014-06-09	2014-06-09	NULL	1	2014-06-09	2014-06-09	NULL	1.0
253266	Sanderd17	8	0	0	2014-08-13	NULL	NULL	1	2014-08-13	2014-08-13	0.0	0.0
99365	SteveMills	45	0	36	2010-07-10	2010-07-10	NULL	1	2010-07-10	2010-07-10	0.0012	0.0013
3158	Eric Fischer	213	0	199	2013-08-23	2013-08-23	NULL	3	2014-10-10	2014-05-26	0.0028	0.0048
602634	matx17	452	0	380	2012-04-21	2012-04-21	NULL	2	2012-04-22	2012-04-21	0.0045	0.0058
443258	arm	53	0	31	2011-04-24	2011-04-24	NULL	1	2011-04-23	2011-04-23	0.9636	1.0
128017	wmann	1	0	0	2013-12-03	NULL	NULL	1	2013-12-03	2013-12-03	0.0001	0.0
1778684	Tuxavant	7	0	2	2013-10-18	2013-10-18	NULL	2	2014-04-09	2014-05-04	1.0	1.0
3271986	meowbrarian	6	0	5	2015-09-29	2015-09-29	NULL	1	2015-09-28	2015-09-28	1.0	1.0
1715009	RenSylvain	2	0	2	2013-08-31	2013-08-31	NULL	1	2013-08-31	2013-08-31	0.0097	0.0131
115918	Timothy Smith	1060	0	741	2014-11-16	2014-11-16	NULL	9	2015-06-08	2015-10-01	0.0038	0.0053
512767	kenny150r	11	0	11	2011-08-27	2011-08-27	NULL	1	2011-08-27	2011-08-27	1.0	1.0
315015	WernerP	27	0	27	2012-11-02	2012-11-02	NULL	1	2012-11-02	2012-11-02	0.0	0.0
1778799	SomeoneElse_Revert	1	0	0	2015-03-16	NULL	NULL	1	2015-03-16	2015-03-16	0.0	0.0
2535887	mmsscooters	5	0	3	2014-12-24	2014-12-24	NULL	1	2014-12-23	2014-12-23	1.0	1.0
2318	Latze	25	0	25	2013-03-20	2013-03-20	NULL	1	2013-03-19	2013-03-19	0.0	0.0
2089736	Rick Rodriguez	1	0	0	2014-05-23	NULL	NULL	1	2014-05-23	2014-05-23	1.0	NULL
1954248	slappyjack	2	0	2	2014-02-25	2014-02-25	NULL	1	2014-02-25	2014-02-25	1.0	1.0
44217	kjon	5	0	1	2012-10-18	2012-11-01	NULL	2	2012-10-25	2012-10-24	0.0	0.0
308	MichaelCollinson	5	0	0	2008-11-05	NULL	NULL	1	2008-11-05	2008-11-05	0.0	0.0
305115	Dusty	421	1	322	2010-06-16	2010-06-16	2010-06-17	2	2010-06-17	2010-06-17	0.9546	1.0
527535	Constable	122	0	105	2014-01-17	2014-01-17	NULL	5	2014-03-03	2014-04-03	0.001	0.001
2201109	Ricardo_M	8	0	4	2014-07-25	2014-07-25	NULL	1	2014-07-25	2014-07-25	0.0062	0.0075
161951	DLichti	500	0	498	2012-12-03	2012-12-03	NULL	3	2013-06-01	2012-12-05	0.0041	0.0052
8886	andrewjstringer	45	0	40	2012-01-25	2012-01-25	NULL	2	2012-01-26	2012-01-25	0.0078	0.0095
209805	Notofsoundmind	215	0	123	2009-12-17	2009-12-17	NULL	3	2010-05-27	2010-02-16	0.7026	1.0
608439	azlen	2	0	2	2013-04-06	2013-04-06	NULL	1	2013-04-05	2013-04-05	0.0189	0.025
564222	golfgeek	4	0	4	2011-12-21	2011-12-21	NULL	1	2011-12-20	2011-12-20	0.0004	0.0007
552483	Kara Stokes	2	0	2	2011-11-10	2011-11-10	NULL	1	2011-11-10	2011-11-10	1.0	1.0
170106	sanchi	1	0	1	2015-08-20	2015-08-20	NULL	1	2015-08-20	2015-08-20	0.0	0.0
111209	cov	123	0	123	2014-08-10	2014-08-10	NULL	2	2014-08-10	2014-08-10	0.0407	0.0534
345833	sbook	5	0	3	2012-09-04	2012-09-04	NULL	1	2012-09-03	2012-09-03	0.0002	0.0002
599436	zeromap	13	0	0	2015-10-22	NULL	NULL	1	2015-10-22	2015-10-22	0.0001	0.0
703517	Iowa Kid	177	0	98	2014-04-18	2014-04-18	NULL	6	2015-02-06	2015-10-23	0.0015	0.0013
2100747	POiNTx	7	0	3	2014-05-31	2014-05-31	NULL	1	2014-05-31	2014-05-31	0.0707	0.0385
1687166	U20	2	0	2	2013-11-04	2013-11-04	NULL	1	2013-11-03	2013-11-03	0.0	0.0
1852458	LameSaint	104	0	101	2013-12-22	2013-12-22	NULL	1	2013-12-22	2013-12-22	1.0	1.0
484355	calebleemcd	18	0	15	2013-12-24	2013-12-24	NULL	1	2013-12-23	2013-12-23	0.0198	0.0195
403282	GisManiac	15	0	15	2013-09-19	2013-09-19	NULL	1	2013-09-19	2013-09-19	0.0006	0.0007
292665	Dr Kludge	11	0	7	2012-11-10	2012-11-10	NULL	3	2014-01-08	2015-04-16	0.0	0.0
362107	MapWes	5	0	4	2013-03-04	2013-03-04	NULL	1	2013-03-04	2013-03-04	0.0081	0.0189
618377	Maskulinum	24	0	5	2014-03-16	2014-03-16	NULL	2	2014-04-09	2014-03-24	0.0001	0.0001
13303	sissou	1	0	1	2011-06-25	2011-06-25	NULL	1	2011-06-24	2011-06-24	0.0	0.0
2905139	AndyGSE	74	0	74	2015-12-05	2015-12-05	NULL	1	2015-12-05	2015-12-05	0.0393	0.0459
1836368	SatoshiCabLV	11	0	3	2013-12-09	2013-12-09	NULL	1	2013-12-09	2013-12-09	1.0	1.0
175655	jaellis	40	0	36	2011-12-09	2011-12-09	NULL	2	2012-10-04	2012-01-23	0.1149	0.4045
1959254	maphnsj	1053	0	1021	2015-08-27	2015-08-27	NULL	2	2015-09-11	2015-08-27	0.0092	0.0126
346456	Brainik	2	0	2	2014-09-14	2014-09-14	NULL	2	2014-09-25	2014-09-25	0.0004	0.0005
1898970	DannyHamilton	31	0	4	2014-01-23	2014-01-23	NULL	1	2014-01-22	2014-01-22	0.8857	1.0
2186842	Mindseer	3	0	1	2014-07-16	2014-07-16	NULL	1	2014-07-15	2014-07-15	0.0789	0.0526
1399	Gagravarr	1	1	1	2007-03-18	2007-03-18	2007-03-18	1	2007-03-18	2007-03-18	0.0	0.0
661445	jsilver0	27	0	24	2012-04-17	2012-04-17	NULL	2	2012-04-17	2012-04-17	1.0	1.0
18483	toralf	189	0	174	2012-01-06	2012-01-06	NULL	1	2012-01-06	2012-01-06	0.0023	0.0029
1829683	Luis36995	2118	0	1965	2014-07-22	2014-08-14	NULL	23	2015-04-09	2015-05-27	0.0009	0.0012
352368	zehpunktbarron	10	0	0	2012-10-30	NULL	NULL	1	2012-10-30	2012-10-30	0.0001	0.0
696953	atakuzier	5	0	5	2014-11-14	2014-11-14	NULL	1	2014-11-14	2014-11-14	0.5	1.0
575547	Eric Godwin	26	0	6	2014-07-01	2014-07-01	NULL	8	2014-07-21	2014-08-08	0.0009	0.0009
13203	bahnpirat	769	0	235	2008-11-23	2008-11-23	NULL	1	2008-11-23	2008-11-23	0.0007	0.0004
1352904	street0501	363	0	360	2013-04-12	2013-04-12	NULL	1	2013-04-12	2013-04-12	0.0004	0.0004
2511706	calfarome	340	0	306	2015-03-03	2015-03-03	NULL	26	2015-06-03	2015-06-09	0.0003	0.0004
2218698	Matt Carus	26	0	26	2014-08-29	2014-08-29	NULL	2	2014-09-26	2014-09-26	0.0078	0.0086
2429558	luxuryrealtyllc	1	0	0	2014-10-28	NULL	NULL	1	2014-10-27	2014-10-27	NULL	NULL
2406578	colindt	7	0	0	2014-10-25	NULL	NULL	1	2014-10-25	2014-10-25	0.0002	0.0
644252	Henry702	8	0	8	2012-03-31	2012-03-31	NULL	1	2012-03-31	2012-03-31	1.0	1.0
165061	mapper999	46	0	37	2012-10-18	2012-10-29	NULL	2	2012-10-24	2012-10-28	0.0	0.0001
875781	domod	5	0	3	2015-06-22	2015-06-23	NULL	2	2015-06-23	2015-06-23	0.0205	0.0333
204045	Toliman	24	1	23	2013-11-12	2013-11-12	2015-11-12	2	2014-11-12	2014-11-12	0.0001	0.0001
521541	domob	39	0	33	2012-09-06	2012-09-06	NULL	1	2012-09-06	2012-09-06	0.0011	0.0013
2440748	Hair By Jacki	10	0	4	2014-11-04	2014-11-04	NULL	1	2014-11-03	2014-11-03	0.9091	1.0
54626	mapserver	17	0	17	2010-02-27	2010-02-27	NULL	1	2010-02-27	2010-02-27	0.0001	0.0002
1611	Harry Wood	124	1	113	2008-11-23	2008-11-23	2008-11-23	2	2010-03-13	2011-01-28	0.0004	0.0005
1219875	Theodin	11	0	1	2013-03-05	2014-03-13	NULL	4	2014-03-13	2013-08-22	0.0001	0.0
105839	jotzt	10	0	4	2014-07-21	2014-07-21	NULL	1	2014-07-21	2014-07-21	0.0001	0.0001
64433	green525	1	0	0	2012-11-06	NULL	NULL	1	2012-11-06	2012-11-06	0.0	0.0
1680091	Heyheyitshay	265	0	265	2013-08-24	2013-08-24	NULL	3	2014-02-02	2014-05-09	0.0092	0.0105
907465	modelbears	1	0	0	2013-04-16	NULL	NULL	1	2013-04-15	2013-04-15	0.0	0.0
183737	tkmedia	183	0	183	2012-12-17	2012-12-17	NULL	1	2012-12-17	2012-12-17	0.0073	0.0083
1679807	Cato_d_Ae	21	0	10	2014-03-28	2014-03-28	NULL	6	2014-05-11	2014-05-14	0.0001	0.0001
52797	hofoen	57	0	0	2014-10-08	NULL	NULL	1	2014-10-07	2014-10-07	0.0001	0.0
52898	achims311	1	0	0	2012-11-26	NULL	NULL	1	2012-11-26	2012-11-26	0.0	0.0
35243	chasu	1	0	0	2014-01-13	NULL	NULL	1	2014-01-13	2014-01-13	0.0	0.0
472067	pringle	1043	0	661	2013-03-25	2013-03-25	NULL	3	2013-03-30	2013-03-30	0.0125	0.0118
2497300	har777	27	0	22	2015-04-13	2015-04-13	NULL	1	2015-04-13	2015-04-13	0.0032	0.0035
1249205	Rudolf Mayer	165	0	162	2014-03-04	2014-03-04	NULL	4	2014-03-07	2014-03-05	0.0015	0.0017
28803	Jorge SMM	4	0	0	2012-04-18	NULL	NULL	1	2012-04-18	2012-04-18	0.0001	0.0
84054	fredjunod	727	0	158	2012-11-05	2013-02-15	NULL	5	2013-04-30	2013-02-17	0.0032	0.0015
3151341	very_modern_me	1	0	1	2015-08-15	2015-08-15	NULL	1	2015-08-15	2015-08-15	1.0	1.0
1752635	Mustardeous	1	0	1	2013-09-22	2013-09-22	NULL	1	2013-09-21	2013-09-21	1.0	1.0
3501556	haloniko	3	0	3	2016-01-04	2016-01-04	NULL	1	2016-01-04	2016-01-04	1.0	1.0
1716916	Milhouse841	2	0	1	2013-08-17	2013-08-17	NULL	1	2013-08-17	2013-08-17	1.0	1.0
143129	petersfreeman	113	0	113	2011-02-19	2011-02-19	NULL	3	2011-02-19	2011-02-19	0.0006	0.0008
662101	jungholee90	52	0	37	2012-04-17	2012-04-17	NULL	1	2012-04-17	2012-04-17	0.8667	1.0
2712188	fabius68	1	0	1	2015-02-27	2015-02-27	NULL	1	2015-02-27	2015-02-27	0.25	0.2
50743	dima	16	0	10	2014-08-11	2014-08-11	NULL	1	2014-08-11	2014-08-11	0.0002	0.0001
2737536	cacodaemonia	94	0	94	2015-03-06	2015-03-06	NULL	1	2015-03-06	2015-03-06	0.9691	1.0
1393741	pollardld	35	1	35	2014-02-24	2014-02-24	2014-02-24	1	2014-02-24	2014-02-24	0.1341	0.1577
105255	Sven L	188	0	146	2010-06-05	2010-06-05	NULL	1	2010-06-05	2010-06-05	0.0003	0.0004
2005182	frankthetankk	5	0	2	2014-08-07	2014-08-07	NULL	1	2014-08-07	2014-08-07	0.0001	0.0
3390447	SILVERTON CASINO HOTEL	1	0	1	2015-11-16	2015-11-16	NULL	1	2015-11-16	2015-11-16	1.0	1.0
416860	Filip Kłębczyk	2	0	1	2011-04-21	2011-04-21	NULL	2	2011-06-07	2011-06-07	0.0058	0.0033
645569	amyb	61	0	42	2012-09-06	2012-09-06	NULL	1	2012-09-06	2012-09-06	0.0236	0.031
1601933	sloowdown	2	0	2	2013-08-08	2013-08-08	NULL	1	2013-08-08	2013-08-08	1.0	1.0
7213	alimamo	251689	9	229003	2009-03-14	2009-06-22	2011-10-14	170	2012-09-20	2012-08-20	0.1675	0.2491
1883376	krimin_killr21	1	0	0	2014-01-16	NULL	NULL	1	2014-01-15	2014-01-15	0.0002	0.0
2401780	iamsputnik	1	0	0	2014-11-24	NULL	NULL	1	2014-11-24	2014-11-24	0.0007	0.0
837425	Jonathan ZHAO	36	0	0	2014-04-19	NULL	NULL	2	2014-04-22	2014-04-24	0.0024	0.0
1007528	TorhamZed	140	0	134	2013-05-04	2013-05-04	NULL	5	2013-11-01	2013-12-04	0.0039	0.0039
656864	Jean Bully	5	0	2	2013-03-14	2013-03-14	NULL	1	2013-03-14	2013-03-14	0.0001	0.0001
31231	Andre68	289	0	67	2015-03-29	2015-03-29	NULL	2	2015-03-30	2015-03-30	0.0002	0.0004
101857	gam3	158	0	34	2009-03-21	2009-03-21	NULL	1	2009-03-21	2009-03-21	0.0037	0.0038
278150	GeoTomDe	40	0	40	2010-07-12	2010-07-12	NULL	1	2010-07-11	2010-07-11	0.0005	0.0006
317481	JimBinLV	119	7	114	2010-07-11	2010-07-11	2010-07-11	2	2010-07-12	2010-07-12	1.0	1.0
2755647	HHilton	1	0	0	2015-03-13	NULL	NULL	1	2015-03-13	2015-03-13	0.011	0.0
213831	Josef73	1	0	0	2014-01-07	NULL	NULL	1	2014-01-07	2014-01-07	0.0001	0.0
2482765	krotovshamil	1	0	0	2014-11-24	NULL	NULL	1	2014-11-24	2014-11-24	0.0026	NULL
10927	Skywave	14	0	6	2008-01-26	2009-03-09	NULL	2	2008-08-17	2009-02-08	0.0	0.0
119881	Clorox	32	0	23	2012-08-27	2012-08-27	NULL	1	2012-08-26	2012-08-26	0.0001	0.0002
318233	b1bart	6	0	5	2010-07-13	2010-07-13	NULL	1	2010-07-12	2010-07-12	1.0	1.0
240041	kugelfiesch	1	0	0	2012-11-28	NULL	NULL	1	2012-11-28	2012-11-28	0.0	0.0
85673	Bored	137	0	103	2014-04-26	2014-04-27	NULL	3	2014-05-01	2014-05-05	0.0019	0.0027
2530185	Brandon Reavis	25	0	23	2016-01-17	2016-01-17	NULL	1	2016-01-17	2016-01-17	0.0003	0.0005
2557974	Syntaxial	305	0	273	2015-12-02	2015-12-02	NULL	1	2015-12-01	2015-12-01	0.0095	0.01
74617	JohnSmith	15	0	0	2010-06-29	NULL	NULL	1	2010-06-29	2010-06-29	0.0001	NULL
816084	Trackmaster81	1673	2	1671	2012-10-18	2012-10-18	2013-02-11	6	2012-11-16	2012-11-29	0.9994	1.0
44659	Phil Shipley	223	0	77	2009-06-10	2009-06-10	NULL	2	2009-06-11	2009-06-11	0.0001	0.0002
288333	RM87	2	0	2	2012-09-04	2012-09-04	NULL	1	2012-09-04	2012-09-04	0.0	0.0
2277040	Islanit2	1	0	0	2014-08-20	NULL	NULL	1	2014-08-20	2014-08-20	0.0054	0.0
19492	rw__	307	0	301	2011-09-02	2011-09-02	NULL	2	2011-09-18	2011-09-10	0.0002	0.0003
1884337	brindekat	1	0	0	2014-01-15	NULL	NULL	1	2014-01-14	2014-01-14	1.0	NULL
38487	jumbanho	848	0	659	2012-11-08	2012-11-08	NULL	8	2015-02-04	2015-07-18	0.0	0.0
729	rjmunro	131	0	5	2008-10-28	2008-10-28	NULL	1	2008-10-28	2008-10-28	0.002	0.0002
2328469	jimmytm	5	0	5	2014-09-12	2014-09-12	NULL	1	2014-09-11	2014-09-11	1.0	1.0
121241	zephyr	2028	6	1960	2011-02-24	2011-03-30	2012-06-08	7	2012-03-06	2012-06-25	0.002	0.0026
103253	gormur	360	0	216	2009-11-06	2009-11-06	NULL	6	2012-05-03	2010-12-01	0.0003	0.0003
2287200	Buraddo	2	0	0	2014-08-28	NULL	NULL	1	2014-08-28	2014-08-28	0.0002	0.0
5748	pschonmann	52	0	9	2012-11-24	2012-11-24	NULL	2	2012-12-02	2012-12-06	0.0	0.0
492980	woodence	5	0	5	2011-07-31	2011-07-31	NULL	1	2011-07-31	2011-07-31	0.0038	0.0042
869104	gremillard	2	0	2	2012-11-29	2012-11-29	NULL	1	2012-11-29	2012-11-29	0.0001	0.0001
196098	xsintrik	894	0	873	2010-08-10	2010-08-10	NULL	4	2010-11-11	2010-12-08	0.0048	0.0057
25152	brutimus	492	0	0	2008-08-18	NULL	NULL	2	2008-10-21	2008-08-19	0.9572	NULL
682	SteveC	179	0	76	2009-01-05	2009-01-05	NULL	2	2009-05-17	2009-01-21	0.0018	0.002
282329	compdude	104	0	46	2010-12-18	2010-12-18	NULL	2	2011-01-24	2010-12-23	0.0005	0.0003
44938	ianlopez1115	68	0	0	2008-12-15	NULL	NULL	1	2008-12-14	2008-12-14	0.0001	0.0
1827457	tonyghita	5	0	1	2013-12-03	2013-12-03	NULL	1	2013-12-02	2013-12-02	0.3846	1.0
76002	salix01	3	0	0	2012-11-05	NULL	NULL	2	2013-07-11	2013-10-01	0.0	0.0
1219839	Jgre	32	0	21	2013-02-03	2013-02-03	NULL	1	2013-02-03	2013-02-03	1.0	1.0
110263	werner2101	75	0	61	2013-11-10	2013-11-10	NULL	1	2013-11-10	2013-11-10	0.0001	0.0001
32890	jfuredy	714	0	15	2008-05-12	2008-05-12	NULL	1	2008-05-12	2008-05-12	0.0021	0.0002
3377236	Embassy Suites by Hilton Convention Center Las Vegas	1	0	0	2015-12-01	NULL	NULL	1	2015-12-01	2015-12-01	1.0	NULL
580469	Hundehalter	17	0	0	2012-11-25	NULL	NULL	1	2012-11-25	2012-11-25	0.0001	0.0
941449	lyzidiamond	1	0	0	2015-03-03	NULL	NULL	1	2015-03-03	2015-03-03	0.0	0.0
2010783	potterbaum	8	0	8	2014-03-31	2014-03-31	NULL	1	2014-03-31	2014-03-31	1.0	1.0
166129	BugBuster	29	0	0	2009-09-30	NULL	NULL	1	2009-09-29	2009-09-29	0.0001	0.0
1650228	iusoccer13	15	0	10	2013-07-20	2013-07-20	NULL	1	2013-07-20	2013-07-20	0.0022	0.0015
2060085	Affordable RV	12	0	7	2014-05-05	2014-05-05	NULL	1	2014-05-05	2014-05-05	1.0	1.0
74622	brandonpdx	21	0	0	2008-12-13	NULL	NULL	1	2008-12-13	2008-12-13	0.002	NULL
502418	wichtel2007	1	0	1	2011-08-07	2011-08-07	NULL	1	2011-08-07	2011-08-07	0.3333	0.25
1696699	kn2m	6	0	1	2014-08-10	2014-08-10	NULL	1	2014-08-09	2014-08-09	0.0011	0.0002
372345	Scott07	5	0	2	2012-12-02	2012-12-02	NULL	1	2012-12-02	2012-12-02	0.0034	0.0017
287738	LVBuckeye	6	0	5	2010-05-14	2010-05-14	NULL	1	2010-05-14	2010-05-14	1.0	1.0
711265	irasesu	4	0	4	2014-02-22	2014-02-22	NULL	1	2014-02-22	2014-02-22	0.0	0.0
130065	leuty	20	0	0	2013-02-25	NULL	NULL	1	2013-02-25	2013-02-25	0.0001	0.0
330773	Roadrunner21	8	0	4	2012-11-12	2012-11-12	NULL	1	2012-11-12	2012-11-12	0.0	0.0
2893288	Art Cowles	1	0	0	2015-05-05	NULL	NULL	1	2015-05-05	2015-05-05	1.0	NULL
2981637	Matt Ostgard	3	0	3	2015-06-12	2015-06-12	NULL	1	2015-06-11	2015-06-11	1.0	1.0
374193	bal_agates	808	0	605	2012-12-08	2012-12-08	NULL	3	2012-12-11	2012-12-12	0.0013	0.0018
594285	Steven Horner	3	0	3	2015-08-15	2015-08-15	NULL	1	2015-08-15	2015-08-15	0.0007	0.0008
92274	adjuva	3	0	0	2011-08-13	NULL	NULL	3	2013-07-18	2013-07-18	0.0	0.0
103574	Unusual User Name	6	0	0	2014-05-07	NULL	NULL	2	2014-06-27	2014-08-01	0.0	0.0
109925	WanMil	7	0	0	2012-10-29	NULL	NULL	1	2012-10-29	2012-10-29	0.0	0.0
1959967	skydive74	3	0	1	2014-03-01	2014-03-01	NULL	2	2015-01-12	2015-04-28	1.0	1.0
950776	the Sandinator	30	0	14	2013-01-20	2013-01-20	NULL	2	2013-02-06	2013-02-14	0.0003	0.0003
1132286	Cam4rd98	28	0	28	2013-04-01	2013-04-01	NULL	1	2013-04-01	2013-04-01	0.0001	0.0003
596047	Rps333	36	0	36	2014-03-18	2014-03-18	NULL	1	2014-03-18	2014-03-18	0.0001	0.0001
11154	beej71	26	0	26	2007-12-05	2007-12-05	NULL	1	2007-12-04	2007-12-04	0.0	0.0
172061	CloCkWeRX	4	0	3	2014-05-19	2014-05-19	NULL	1	2014-05-19	2014-05-19	0.0	0.0
118242	Mirko	823	0	713	2009-05-02	2009-05-02	NULL	3	2009-05-03	2009-05-03	0.0204	0.0404
2820500	a6y	7	0	7	2015-09-15	2015-09-15	NULL	1	2015-09-15	2015-09-15	0.0007	0.0009
161619	FvGordon	185	0	57	2012-10-18	2012-10-18	NULL	3	2014-05-13	2014-05-24	0.0002	0.0003
20783	Sam  Richards	65	0	2	2008-02-05	2008-02-05	NULL	3	2008-03-06	2008-02-08	0.0007	0.0001
379381	mgoe	38	0	1	2012-10-30	2012-10-30	NULL	4	2012-11-03	2012-11-04	0.0001	0.0
521684	SP!KE	12	0	11	2014-07-17	2014-07-17	NULL	1	2014-07-17	2014-07-17	0.0002	0.0002
479400	erwin6330	2177	0	2108	2012-03-23	2012-03-23	NULL	4	2012-10-26	2012-08-20	0.0007	0.0008
1968361	carob	7	0	7	2015-04-06	2015-04-06	NULL	2	2015-05-28	2015-04-20	0.0179	0.0303
262151	ToeBee	279	1	145	2012-08-04	2012-08-04	2014-02-17	2	2013-05-11	2012-08-05	0.0002	0.0003
505965	SUKHJIT SINGH SEHRA	1	0	1	2014-04-08	2014-04-08	NULL	1	2014-04-08	2014-04-08	0.0005	0.0008
1651798	oldenburg69	16	0	14	2013-11-19	2013-11-19	NULL	4	2014-01-03	2013-12-19	0.0135	0.0137
39404	patelbhavesh	4	0	4	2009-09-07	2009-09-07	NULL	1	2009-09-07	2009-09-07	0.0069	0.0078
372851	ringostarr	1	0	1	2016-01-14	2016-01-14	NULL	1	2016-01-14	2016-01-14	0.0357	0.04
236412	dcs	47	0	35	2010-11-15	2010-11-15	NULL	4	2012-02-25	2011-04-18	0.0002	0.0003
462898	alexanderW	65	0	3	2013-12-07	2013-12-07	NULL	1	2013-12-07	2013-12-07	0.0021	0.0002
321328	Lenka	3	0	1	2010-11-03	2010-11-03	NULL	1	2010-11-03	2010-11-03	0.0031	0.0022
194231	Chris Bell in California	1181	18	893	2010-09-29	2010-09-29	2010-09-29	4	2010-10-21	2010-10-16	0.003	0.0058
6993	YaZug	151	69	151	2007-07-10	2007-07-10	2007-07-10	1	2007-07-09	2007-07-09	0.0011	0.0013
500034	BoT	1	0	1	2011-12-21	2011-12-21	NULL	1	2011-12-21	2011-12-21	0.0667	0.0714
91499	paulmach	479	0	333	2013-09-15	2013-09-15	NULL	10	2014-06-29	2014-11-27	0.0023	0.0032
550560	Seandebasti	10974	0	10318	2014-05-30	2014-05-30	NULL	3	2014-05-31	2014-05-30	0.0108	0.0126
1073818	curdio	965	3	957	2012-11-23	2012-11-23	2012-11-23	3	2012-11-24	2012-11-23	0.9908	1.0
35299	cnilson	88	0	36	2009-03-29	2009-03-29	NULL	1	2009-03-29	2009-03-29	0.3929	0.2727
2377377	abel801	1706	0	1390	2015-01-26	2015-01-26	NULL	35	2015-05-25	2015-06-03	0.0012	0.0021
164989	airlifter	45	0	36	2015-07-10	2015-07-10	NULL	1	2015-07-10	2015-07-10	0.0008	0.0011
2059566	jenniffer1	2	0	2	2014-05-04	2014-05-04	NULL	2	2014-05-04	2014-05-04	1.0	1.0
39457	Markus59	2	0	0	2013-12-25	NULL	NULL	1	2013-12-24	2013-12-24	0.0	0.0
8609	ewedistrict	5	0	1	2014-08-03	2014-08-18	NULL	2	2014-08-11	2014-08-09	0.0	0.0
158204	RichardCorbin	33	0	26	2012-09-26	2012-09-26	NULL	1	2012-09-26	2012-09-26	0.0001	0.0001
1998007	Manzanita	4	0	3	2014-03-25	2014-03-25	NULL	2	2014-03-29	2014-03-26	1.0	1.0
2253841	GISNV	1	0	1	2014-08-11	2014-08-11	NULL	1	2014-08-11	2014-08-11	0.002	0.002
2924921	jtran	11	0	11	2015-05-18	2015-05-18	NULL	3	2015-08-08	2015-08-14	0.3235	0.3929
46231	slipshft	486	0	0	2008-06-17	NULL	NULL	1	2008-06-17	2008-06-17	0.7915	NULL
3374793	LawrenceO	134	0	134	2015-11-10	2015-11-10	NULL	1	2015-11-09	2015-11-09	0.6204	0.6204
2252860	jgruca	4	0	0	2014-08-29	NULL	NULL	2	2014-09-15	2014-09-15	0.0001	0.0
2527838	reunify_aarti	61	0	57	2014-12-22	2014-12-22	NULL	2	2015-01-02	2014-12-23	0.0117	0.0143
5359	user_5359	15	0	0	2012-11-11	NULL	NULL	2	2012-11-27	2012-11-25	0.0001	0.0
14390	BeKri	3	0	0	2014-04-21	NULL	NULL	1	2014-04-21	2014-04-21	0.0	0.0
1651059	USAMAP85	867	0	704	2013-08-09	2013-08-09	NULL	18	2013-10-12	2013-09-07	0.0016	0.0968
2391395	PJO-Insurance-Brokerage	3	0	1	2015-04-02	2015-04-02	NULL	2	2015-06-27	2015-05-29	0.6	0.3333
1873012	hirokarate	11	0	0	2014-01-08	NULL	NULL	1	2014-01-07	2014-01-07	0.8462	0.0
1916392	kmo87	63	0	60	2014-02-03	2014-02-03	NULL	1	2014-02-03	2014-02-03	0.9844	1.0
1346236	knutella	68	0	68	2015-07-14	2015-07-14	NULL	2	2015-07-17	2015-07-20	0.0595	0.0603
202283	Andy9FromSpace	1	0	1	2015-01-20	2015-01-20	NULL	1	2015-01-19	2015-01-19	0.0	0.0
3221593	remaxlasvegas	2	0	1	2015-09-07	2015-09-07	NULL	1	2015-09-07	2015-09-07	1.0	1.0
161798	maximeguillaud	4	0	1	2012-11-06	2012-11-06	NULL	1	2012-11-06	2012-11-06	0.0	0.0
39688	Math1985	1	0	0	2012-11-03	NULL	NULL	1	2012-11-03	2012-11-03	0.0	0.0
134600	klusark	80	0	39	2014-08-10	2014-08-10	NULL	4	2014-08-27	2014-09-03	0.0008	0.0008
2703224	Geo_MA	2906	0	2805	2015-02-26	2015-02-26	NULL	4	2015-03-02	2015-03-04	0.9528	0.9534
1841996	SLussier	1097	0	1092	2015-08-10	2015-08-10	NULL	1	2015-08-09	2015-08-09	0.1376	0.1495
92286	Paul Johnson	2354	0	2070	2011-12-22	2011-12-22	NULL	8	2012-06-02	2012-01-24	0.0022	0.0066
2512300	samely	2679	0	1184	2015-01-20	2015-01-20	NULL	25	2015-06-06	2015-05-04	0.0011	0.0011
1494110	KristenK	3254	0	1931	2013-09-30	2013-09-30	NULL	12	2014-03-03	2013-12-04	0.0142	0.0141
1330847	TheDutchMan13	1068	0	510	2014-01-23	2014-01-26	NULL	12	2014-07-12	2015-01-02	0.0022	0.002
1679	andrewpmk	3617	1	722	2007-12-27	2007-12-27	2007-12-27	20	2013-11-24	2008-06-19	0.0003	0.0001
402624	bdiscoe	1070	0	986	2014-12-14	2014-12-14	NULL	1	2014-12-13	2014-12-13	0.0	0.0003
2034065	lokejul	571	0	356	2015-05-14	2015-05-14	NULL	8	2015-06-13	2015-07-15	0.0057	0.0062
2104340	fsequence	5	0	1	2014-06-03	2014-06-03	NULL	1	2014-06-02	2014-06-02	1.0	1.0
50629	reimarh	1	0	1	2009-03-08	2009-03-08	NULL	1	2009-03-08	2009-03-08	0.0	0.0
3962	RussNelson	21	0	14	2009-03-26	2009-03-26	NULL	2	2012-08-01	2012-02-08	0.0	0.0
1983121	DrStile	7	0	7	2014-03-13	2014-03-13	NULL	1	2014-03-13	2014-03-13	1.0	1.0
63936	MojaveNC	41185	153	30882	2008-08-31	2008-08-31	2008-09-03	144	2011-03-23	2010-05-12	0.125	0.1603
2045450	steven12321	309	0	304	2014-04-24	2014-04-24	NULL	2	2014-04-28	2014-04-30	0.9142	1.0
251543	ChrissW-R1	2	0	0	2015-12-18	NULL	NULL	1	2015-12-18	2015-12-18	0.0001	0.0
2412184	youngbasedallah	44	0	40	2014-12-12	2014-12-12	NULL	2	2014-12-17	2014-12-12	0.0007	0.0007
510836	Rub21	2762	0	2659	2012-09-26	2012-09-26	NULL	11	2013-01-05	2013-03-08	0.0007	0.0009
574654	Tom_Holland	1714	0	1364	2013-05-27	2013-05-27	NULL	4	2014-01-14	2014-01-27	0.0014	0.0029
239998	Sundance	2322	0	1808	2010-06-03	2010-06-03	NULL	5	2012-02-15	2012-08-25	0.0008	0.0008
546213	Gerlingen94	2864	0	2680	2011-10-30	2011-10-30	NULL	10	2012-07-05	2012-06-14	0.8629	0.9232
2079050	es715	3349	0	2147	2014-05-27	2014-05-27	NULL	44	2015-01-16	2015-04-29	0.788	0.9991
4732	iandees	1119	11	1118	2009-03-08	2009-03-08	2009-03-08	2	2012-06-02	2009-03-10	0.0002	0.0002
1214881	ryandrake	4541	0	2296	2013-02-08	2013-02-08	NULL	9	2013-03-15	2013-03-27	0.0972	0.1895
28923	California Bear	3547	2	2697	2009-03-16	2009-03-16	2009-03-16	9	2013-09-28	2014-09-09	0.0093	0.0143
1850423	andzan75	1125	0	1101	2014-03-01	2014-03-01	NULL	3	2014-03-29	2014-03-25	0.0232	0.0247
590362	mitmas	5087	0	3229	2013-01-07	2013-01-07	NULL	2	2013-01-30	2013-01-12	0.0049	0.0055
94578	andygol	2605	0	2134	2015-03-17	2015-04-03	NULL	12	2015-05-26	2015-05-04	0.0012	0.0014
16620	earthtirol	2357	0	2219	2012-11-21	2012-11-21	NULL	1	2012-11-21	2012-11-21	0.0156	0.0192
3392	SimMoonXP	4977	12	3936	2011-04-12	2011-04-12	2011-04-12	70	2013-06-27	2012-10-08	0.0016	0.153
1282393	Reno Editor	1087	0	484	2013-04-18	2013-04-18	NULL	20	2014-09-11	2014-08-06	0.1074	0.0954
752011	Matthew Runo	3161	1	3120	2012-07-22	2012-07-22	2012-07-22	3	2012-07-24	2012-07-22	0.6672	0.7164
661704	PikeCharro	3662	1	2503	2012-04-18	2012-04-18	2012-05-15	14	2012-05-22	2012-05-13	0.6339	0.9182
236172	saikofish	4443	0	3512	2012-05-02	2012-05-02	NULL	24	2013-03-12	2013-04-12	0.1451	0.1713
447277	Gerlingen	3219	0	2967	2011-05-01	2011-05-01	NULL	2	2011-05-02	2011-05-01	0.7705	0.8926
178186	mdk	207	0	205	2013-09-15	2014-02-16	NULL	2	2013-12-01	2014-02-15	0.0001	0.0001
324047	J_W	8	0	0	2010-08-20	NULL	NULL	2	2010-08-21	2010-08-21	0.016	0.0
30554	ChadH	5	0	0	2012-11-06	NULL	NULL	1	2012-11-06	2012-11-06	0.0001	0.0
88164	Med	2	0	0	2015-05-10	NULL	NULL	1	2015-05-09	2015-05-09	0.0	0.0
339917	Hedaja	1	0	0	2012-11-04	NULL	NULL	1	2012-11-04	2012-11-04	0.0	0.0
889347	Keypunch	1	0	0	2012-10-15	NULL	NULL	1	2012-10-15	2012-10-15	0.0	0.0
2677308	DarthDuke	1	0	1	2015-02-17	2015-02-17	NULL	1	2015-02-17	2015-02-17	1.0	1.0
3204473	issacJ	1	0	1	2015-09-01	2015-09-01	NULL	1	2015-09-01	2015-09-01	1.0	1.0
1968074	pzawarus	1	0	1	2014-03-04	2014-03-04	NULL	1	2014-03-04	2014-03-04	1.0	1.0
1889546	Alexander HealthCare Center	1	0	1	2014-01-17	2014-01-17	NULL	1	2014-01-16	2014-01-16	1.0	1.0
2027116	atlantisv	1	0	1	2014-04-10	2014-04-10	NULL	1	2014-04-10	2014-04-10	NULL	1.0
791438	OpenBrian	1	0	1	2012-11-03	2012-11-03	NULL	1	2012-11-02	2012-11-02	0.0001	0.0001
3120309	cracak	1	0	1	2015-08-13	2015-08-13	NULL	1	2015-08-12	2015-08-12	1.0	1.0
425042	rmdobbins	1	0	0	2011-03-21	NULL	NULL	1	2011-03-21	2011-03-21	NULL	NULL
1915075	228bail	1	0	1	2014-02-02	2014-02-02	NULL	1	2014-02-02	2014-02-02	1.0	1.0
78656	Walter Schlögl	1	0	0	2012-11-25	NULL	NULL	1	2012-11-25	2012-11-25	0.0	0.0
667073	Neldo	1	0	1	2015-06-04	2015-06-04	NULL	1	2015-06-04	2015-06-04	0.0003	0.0006
318696	n76	1	0	0	2014-02-09	NULL	NULL	1	2014-02-09	2014-02-09	0.0	0.0
311318	luiswoo	1	0	0	2013-05-02	NULL	NULL	1	2013-05-02	2013-05-02	0.0	0.0
1007206	katherinex	1	0	0	2012-10-26	NULL	NULL	1	2012-10-26	2012-10-26	NULL	NULL
590608	robertstack	1	0	1	2014-10-15	2014-10-15	NULL	1	2014-10-14	2014-10-14	0.0001	0.0002
357126	thinkdesign	1	0	0	2010-11-01	NULL	NULL	1	2010-11-01	2010-11-01	1.0	NULL
1874594	Infinite Wholesale	1	0	1	2014-01-09	2014-01-09	NULL	1	2014-01-08	2014-01-08	1.0	1.0
996997	TomHynes	1	0	0	2014-01-03	NULL	NULL	1	2014-01-02	2014-01-02	0.0	0.0
337806	huldsfred	1	0	1	2011-11-22	2011-11-22	NULL	1	2011-11-22	2011-11-22	0.0001	0.0001
604646	JDaniels	1	0	1	2012-02-14	2012-02-14	NULL	1	2012-02-13	2012-02-13	1.0	1.0
3152286	Hubii	1	0	0	2015-08-20	NULL	NULL	1	2015-08-20	2015-08-20	0.1667	0.0
436365	escada	1	0	0	2014-07-23	NULL	NULL	1	2014-07-23	2014-07-23	0.0	0.0
260554	Korberos	1	0	0	2010-04-07	NULL	NULL	1	2010-04-07	2010-04-07	NULL	NULL
274857	Supaplex	1	0	0	2014-10-17	NULL	NULL	1	2014-10-16	2014-10-16	0.0	0.0
775666	gcjunge	1	0	0	2013-03-04	NULL	NULL	1	2013-03-03	2013-03-03	0.0	0.0
371182	sh4ring4n	1	0	1	2012-11-04	2012-11-04	NULL	1	2012-11-04	2012-11-04	0.0006	0.0013
77804	holgerd	1	0	1	2014-05-27	2014-05-27	NULL	1	2014-05-27	2014-05-27	0.0019	0.0073
6975	ulfl	1	0	0	2008-10-23	NULL	NULL	1	2008-10-23	2008-10-23	0.0	0.0
1857286	mary1638	1	0	0	2013-12-27	NULL	NULL	1	2013-12-26	2013-12-26	NULL	NULL
377667	UlPe	1	0	1	2015-06-18	2015-06-18	NULL	1	2015-06-18	2015-06-18	0.0034	0.0044
301095	Daniel Neel	1	0	0	2012-11-28	NULL	NULL	1	2012-11-28	2012-11-28	0.0001	0.0
625272	dmannstuff	1	0	1	2012-03-12	2012-03-12	NULL	1	2012-03-11	2012-03-11	1.0	1.0
2699400	Marvelless Mark	1	0	0	2015-02-24	NULL	NULL	1	2015-02-24	2015-02-24	1.0	NULL
14203	weissi	1	0	1	2012-11-23	2012-11-23	NULL	1	2012-11-23	2012-11-23	0.0014	0.0019
224440	Syl	1	0	0	2014-12-23	NULL	NULL	1	2014-12-23	2014-12-23	0.0	0.0
1964210	bjtree	1	0	1	2014-03-03	2014-03-03	NULL	1	2014-03-02	2014-03-02	1.0	1.0
830543	Elder Woodard	1	0	1	2012-08-24	2012-08-24	NULL	1	2012-08-24	2012-08-24	1.0	1.0
687237	rbuch703	1	0	0	2015-03-15	NULL	NULL	1	2015-03-15	2015-03-15	0.0	0.0
59223	Briquollo	1	0	1	2010-11-19	2010-11-19	NULL	1	2010-11-19	2010-11-19	0.0	0.0001
1195282	Dinsin	1	0	1	2013-01-10	2013-01-10	NULL	1	2013-01-10	2013-01-10	1.0	1.0
822356	RTC BIke Guy	1	0	1	2013-10-15	2013-10-15	NULL	1	2013-10-15	2013-10-15	0.3333	0.3333
340390	sutteralfons	1	0	0	2010-08-31	NULL	NULL	1	2010-08-31	2010-08-31	0.0909	0.0
2611332	annieatthefirm	1	0	1	2015-01-28	2015-01-28	NULL	1	2015-01-28	2015-01-28	1.0	1.0
399973	danaM	1	0	0	2011-01-26	NULL	NULL	1	2011-01-26	2011-01-26	0.0093	0.0
