uid	username	year	nodes	nodes_created	cur nodes	ways	ways_created	cur ways	relations	relations_created	cur rels	total edits	current objects	persistence
1751908	Blues Brothers	2013-11-01	3299	2997	2925	273	166	139	8	2	1	3580	3065	0.8561452513966481
1751908	Blues Brothers	2013-12-01	0	0	0	0	0	0	0	0	0	0	0	0
1751908	Blues Brothers	2014-01-01	255	214	221	79	39	35	27	12	4	361	260	0.7202216066481995
1751908	Blues Brothers	2014-03-01	0	0	0	0	0	0	3	0	0	3	0	0
1751908	Blues Brothers	2014-05-01	1347	971	1151	148	60	80	6	0	0	1501	1231	0.8201199200532978
1751908	Blues Brothers	2014-06-01	8738	7638	8255	647	372	438	9	3	2	9394	8695	0.925590802639983
1751908	Blues Brothers	2014-07-01	3322	3227	3275	121	72	84	46	38	45	3489	3404	0.9756377185439954
1751908	Blues Brothers	2014-08-01	639	599	618	39	31	33	1	1	1	679	652	0.9602356406480118
1751908	Blues Brothers	2014-09-01	0	0	0	0	0	0	1	0	0	1	0	0
1751908	Blues Brothers	2014-10-01	0	0	0	0	0	0	5	0	0	5	0	0
1751908	Blues Brothers	2014-11-01	0	0	0	0	0	0	5	0	0	5	0	0
1751908	Blues Brothers	2014-12-01	1155	948	876	102	32	41	7	0	0	1264	917	0.7254746835443038
1751908	Blues Brothers	2015-01-01	0	0	0	0	0	0	3	0	0	3	0	0
1751908	Blues Brothers	2015-03-01	117	9	116	5	0	2	0	0	0	122	118	0.9672131147540983
1751908	Blues Brothers	2015-04-01	0	0	0	0	0	0	4	0	0	4	0	0
1751908	Blues Brothers	2015-06-01	1047	908	1030	268	136	199	16	1	0	1331	1229	0.9233658903080391
1751908	Blues Brothers	2015-07-01	1348	1093	1333	118	77	101	8	1	6	1474	1440	0.9769335142469471
1751908	Blues Brothers	2015-09-01	325	154	293	155	50	116	11	0	2	491	411	0.8370672097759674
1751908	Blues Brothers	2015-11-01	149	130	148	68	30	54	0	0	0	217	202	0.9308755760368663
1751908	Blues Brothers	2015-12-01	12	6	11	26	2	24	0	0	0	38	35	0.9210526315789473
539656	kragon77	2012-07-01	7539	5643	6654	827	561	379	1	0	1	8367	7034	0.8406836381020677
539656	kragon77	2012-08-01	1197	890	1151	130	102	80	0	0	0	1327	1231	0.9276563677467973
539656	kragon77	2012-10-01	4986	3917	4757	580	379	390	0	0	0	5566	5147	0.9247215235357528
539656	kragon77	2012-11-01	120	100	117	24	20	16	0	0	0	144	133	0.9236111111111112
539656	kragon77	2013-06-01	0	0	0	0	0	0	3	0	0	3	0	0
539656	kragon77	2013-07-01	4496	4123	4385	451	336	310	9	0	0	4956	4695	0.9473365617433414
539656	kragon77	2013-10-01	43	29	42	7	3	5	0	0	0	50	47	0.94
539656	kragon77	2014-10-01	284	247	283	74	46	64	0	0	0	358	347	0.9692737430167597
149824	LucaPescatore	2009-07-01	24	17	15	6	3	2	0	0	0	30	17	0.5666666666666667
149824	LucaPescatore	2009-09-01	6226	6161	3843	336	276	79	0	0	0	6562	3922	0.5976836330387078
149824	LucaPescatore	2009-11-01	3123	2633	1524	363	289	130	0	0	0	3486	1654	0.474469305794607
149824	LucaPescatore	2009-12-01	3231	3191	2250	526	398	309	0	0	0	3757	2559	0.6811285600212936
149824	LucaPescatore	2010-01-01	1408	1405	1014	288	233	147	0	0	0	1696	1161	0.6845518867924528
149824	LucaPescatore	2010-04-01	533	506	386	141	124	110	0	0	0	674	496	0.7359050445103857
149824	LucaPescatore	2010-05-01	79	80	9	3	1	0	0	0	0	82	9	0.10975609756097561
149824	LucaPescatore	2010-07-01	58	0	1	0	0	0	0	0	0	58	1	0.017241379310344827
149824	LucaPescatore	2011-03-01	2	2	1	1	1	0	0	0	0	3	1	0.3333333333333333
750240	pragmatik	2012-07-01	1316	875	927	236	106	40	0	0	0	1552	967	0.6230670103092784
750240	pragmatik	2012-08-01	4695	3175	3268	981	495	298	7	7	5	5683	3571	0.6283653000175964
750240	pragmatik	2012-09-01	226	209	218	32	18	21	0	0	0	258	239	0.9263565891472868
750240	pragmatik	2012-12-01	106	104	95	42	20	20	0	0	0	148	115	0.777027027027027
750240	pragmatik	2013-01-01	86	66	65	56	10	17	0	0	0	142	82	0.5774647887323944
750240	pragmatik	2013-02-01	0	0	0	2	0	0	0	0	0	2	0	0
750240	pragmatik	2013-03-01	0	0	0	0	0	0	0	0	0	0	0	0
750240	pragmatik	2013-04-01	0	0	0	5	0	0	0	0	0	5	0	0
750240	pragmatik	2013-06-01	28	0	26	4	0	0	0	0	0	32	26	0.8125
750240	pragmatik	2013-07-01	7	7	4	5	2	1	0	0	0	12	5	0.4166666666666667
71486	humboldtmap	2008-10-01	5854	1458	772	262	40	14	0	0	0	6116	786	0.12851536952256376
39504	malenki	2011-08-01	305	269	232	48	17	14	1	0	0	354	246	0.6949152542372882
39504	malenki	2011-10-01	50	28	18	27	9	3	0	0	0	77	21	0.2727272727272727
39504	malenki	2012-10-01	0	0	0	0	0	0	0	0	0	0	0	0
39504	malenki	2013-06-01	336	203	326	105	34	72	3	0	1	444	399	0.8986486486486487
39504	malenki	2013-07-01	34	22	26	10	4	7	0	0	0	44	33	0.75
39504	malenki	2013-08-01	6	0	5	0	0	0	0	0	0	6	5	0.8333333333333334
39504	malenki	2013-09-01	950	507	942	67	20	48	0	0	0	1017	990	0.9734513274336283
39504	malenki	2014-01-01	1629	1116	1529	540	137	332	6	0	0	2175	1861	0.855632183908046
39504	malenki	2014-02-01	7	0	0	4	0	2	0	0	0	11	2	0.18181818181818182
39504	malenki	2014-04-01	1	1	0	0	0	0	0	0	0	1	0	0
39504	malenki	2014-05-01	69	63	67	20	13	17	0	0	0	89	84	0.9438202247191011
39504	malenki	2014-09-01	77	38	75	21	9	19	0	0	0	98	94	0.9591836734693877
39504	malenki	2014-12-01	1	0	0	0	0	0	0	0	0	1	0	0
39504	malenki	2015-02-01	115	34	112	59	10	44	0	0	0	174	156	0.896551724137931
39504	malenki	2015-03-01	110	68	109	24	8	21	0	0	0	134	130	0.9701492537313433
39504	malenki	2015-04-01	8	6	7	4	0	3	4	0	0	16	10	0.625
39504	malenki	2015-07-01	1	2	0	2	0	2	0	0	0	3	2	0.6666666666666666
39504	malenki	2015-08-01	822	730	809	22	16	19	0	0	0	844	828	0.981042654028436
39504	malenki	2015-09-01	2	0	0	2	1	2	0	0	0	4	2	0.5
39504	malenki	2015-10-01	0	0	0	0	0	0	0	0	0	0	0	0
39504	malenki	2015-12-01	76	26	75	6	1	6	0	0	0	82	81	0.9878048780487805
235925	Massimiliano Rossi	2010-04-01	5402	5402	5340	25	25	4	0	0	0	5427	5344	0.9847060991339598
1980916	guidoaltendorf	2014-03-01	3281	2955	2957	571	349	341	12	0	0	3864	3298	0.8535196687370601
1980916	guidoaltendorf	2014-04-01	693	531	637	98	64	76	0	0	0	791	713	0.9013906447534766
1980916	guidoaltendorf	2014-05-01	78	69	59	12	8	7	0	0	0	90	66	0.7333333333333333
1980916	guidoaltendorf	2014-06-01	3	4	0	1	1	0	0	0	0	4	0	0
1980916	guidoaltendorf	2014-08-01	19	18	18	2	2	0	0	0	0	21	18	0.8571428571428571
1980916	guidoaltendorf	2015-03-01	21	21	21	7	3	1	0	0	0	28	22	0.7857142857142857
1980916	guidoaltendorf	2015-07-01	6	6	5	4	2	4	0	0	0	10	9	0.9
1980916	guidoaltendorf	2015-10-01	27	19	26	12	7	10	1	0	0	40	36	0.9
1980916	guidoaltendorf	2015-11-01	4	1	3	2	0	2	0	0	0	6	5	0.8333333333333334
19080	guenter	2008-10-01	605	106	30	25	7	3	0	0	0	630	33	0.05238095238095238
19080	guenter	2008-11-01	1241	793	653	24	9	3	0	0	0	1265	656	0.5185770750988142
19080	guenter	2009-02-01	1152	498	219	35	22	4	0	0	0	1187	223	0.18786857624262848
2330248	CourtneyMClark	2015-03-01	2317	2316	1666	593	568	582	0	0	0	2910	2248	0.7725085910652921
2330248	CourtneyMClark	2015-04-01	0	0	0	1	0	0	0	0	0	1	0	0
493173	KristiG	2011-07-01	1692	1551	1524	301	129	111	1	1	0	1994	1635	0.8199598796389167
318127	kaprik	2010-07-01	260	231	190	26	15	4	1	1	1	287	195	0.6794425087108014
318127	kaprik	2010-09-01	87	47	30	34	9	2	0	0	0	121	32	0.2644628099173554
318127	kaprik	2010-10-01	0	0	0	2	0	0	0	0	0	2	0	0
318127	kaprik	2011-04-01	705	494	547	197	85	47	2	0	2	904	596	0.6592920353982301
318127	kaprik	2011-05-01	37	34	36	2	1	0	0	0	0	39	36	0.9230769230769231
318127	kaprik	2011-06-01	419	408	288	73	40	46	0	0	0	492	334	0.6788617886178862
318127	kaprik	2011-07-01	26	20	23	14	3	4	3	0	1	43	28	0.6511627906976745
318127	kaprik	2011-11-01	0	0	0	11	0	1	0	0	0	11	1	0.09090909090909091
318127	kaprik	2011-12-01	0	0	0	3	2	0	0	0	0	3	0	0
318127	kaprik	2012-01-01	0	0	0	0	0	0	0	0	0	0	0	0
318127	kaprik	2012-05-01	0	0	0	4	1	1	0	0	0	4	1	0.25
318127	kaprik	2012-06-01	2	1	1	0	0	0	0	0	0	2	1	0.5
521572	James Michael DuPont	2011-09-01	26	26	13	5	3	0	0	0	0	31	13	0.41935483870967744
521572	James Michael DuPont	2012-08-01	31	31	16	6	4	0	0	0	0	37	16	0.43243243243243246
521572	James Michael DuPont	2013-11-01	7	7	6	3	1	2	0	0	0	10	8	0.8
521572	James Michael DuPont	2015-05-01	1357	1305	1309	333	327	316	0	0	0	1690	1625	0.9615384615384616
1701410	caci99	2013-08-01	519	451	429	167	40	31	5	0	0	691	460	0.6657018813314037
1701410	caci99	2013-09-01	422	280	405	164	45	32	0	0	0	586	437	0.7457337883959044
1701410	caci99	2013-10-01	38	27	19	13	5	7	0	0	0	51	26	0.5098039215686274
1701410	caci99	2013-12-01	0	0	0	1	0	1	0	0	0	1	1	1
1701410	caci99	2014-03-01	34	34	32	21	9	9	0	0	0	55	41	0.7454545454545455
1701410	caci99	2014-05-01	14	13	10	11	3	3	0	0	0	25	13	0.52
1701410	caci99	2015-02-01	112	55	97	22	12	7	0	0	0	134	104	0.7761194029850746
1701410	caci99	2015-03-01	0	0	0	1	0	0	0	0	0	1	0	0
1701410	caci99	2015-11-01	157	140	149	53	30	33	0	0	0	210	182	0.8666666666666667
712336	DenisJu	2014-11-01	0	0	0	0	0	0	1	0	0	1	0	0
712336	DenisJu	2014-12-01	1119	1048	1107	263	261	260	2	0	0	1384	1367	0.9877167630057804
712336	DenisJu	2015-03-01	28	0	23	6	0	4	14	0	0	48	27	0.5625
712336	DenisJu	2015-04-01	0	0	0	0	0	0	0	0	0	0	0	0
712336	DenisJu	2015-08-01	14	0	12	15	0	14	0	0	0	29	26	0.896551724137931
712336	DenisJu	2015-09-01	6	0	3	2	0	2	26	0	0	34	5	0.14705882352941177
712336	DenisJu	2015-10-01	0	0	0	0	0	0	5	0	0	5	0	0
712336	DenisJu	2015-11-01	0	0	0	0	0	0	1	0	0	1	0	0
712336	DenisJu	2015-12-01	0	0	0	0	0	0	2	0	1	2	1	0.5
288333	RM87	2011-08-01	1263	0	839	233	0	105	0	0	0	1496	944	0.6310160427807486
350549	f00bar	2013-02-01	1245	800	1063	177	80	102	6	0	0	1428	1165	0.8158263305322129
88174	robertogroppi	2009-02-01	1018	0	40	1	0	0	0	0	0	1019	40	0.03925417075564279
88174	robertogroppi	2009-05-01	5	0	0	0	0	0	0	0	0	5	0	0
3095	Alan	2006-09-01	238	238	184	263	263	214	0	0	0	501	398	0.7944111776447106
3095	Alan	2006-12-01	206	207	73	56	56	15	0	0	0	262	88	0.33587786259541985
3095	Alan	2007-07-01	172	172	88	5	5	3	2	2	2	179	93	0.5195530726256983
3095	Alan	2007-08-01	3	4	0	1	1	0	0	0	0	4	0	0
3095	Alan	2008-04-01	13	8	6	2	1	0	0	0	0	15	6	0.4
555103	korabi	2012-01-01	0	0	0	6	0	0	0	0	0	6	0	0
555103	korabi	2012-02-01	129	129	128	15	12	12	10	1	1	154	141	0.9155844155844156
555103	korabi	2012-04-01	4	0	1	8	0	3	0	0	0	12	4	0.3333333333333333
555103	korabi	2012-05-01	12	12	11	2	1	1	0	0	0	14	12	0.8571428571428571
555103	korabi	2012-07-01	677	473	449	95	66	42	1	0	0	773	491	0.6351875808538163
1217097	Choquette33	2015-04-01	896	16	891	12	4	12	0	0	0	908	903	0.9944933920704846
101334	staeublec	2011-12-01	0	0	0	0	0	0	0	0	0	0	0	0
101334	staeublec	2012-03-01	12	0	0	0	0	0	0	0	0	12	0	0
101334	staeublec	2012-12-01	659	557	327	76	66	42	0	0	0	735	369	0.5020408163265306
2736723	PierV	2015-03-01	597	597	561	119	119	114	0	0	0	716	675	0.9427374301675978
9176	Maarten Deen	2010-10-01	212	1	116	106	46	39	24	24	15	342	170	0.49707602339181284
9176	Maarten Deen	2012-09-01	93	8	65	269	64	181	0	0	0	362	246	0.6795580110497238
96382	malta-dinger	2015-03-01	496	475	494	106	91	101	0	0	0	602	595	0.9883720930232558
408450	BáthoryPéter	2013-07-01	36	19	4	43	4	8	0	0	0	79	12	0.1518987341772152
408450	BáthoryPéter	2013-08-01	394	248	351	107	46	49	3	0	0	504	400	0.7936507936507936
21323	AE35	2012-08-01	530	519	489	25	22	7	0	0	0	555	496	0.8936936936936937
1279692	gjergjde	2013-09-01	98	41	93	5	0	1	0	0	0	103	94	0.912621359223301
1279692	gjergjde	2013-10-01	297	112	177	4	1	1	0	0	0	301	178	0.5913621262458472
1279692	gjergjde	2013-11-01	127	67	125	2	0	0	0	0	0	129	125	0.9689922480620154
242896	Whitelion808	2010-11-01	0	0	0	0	0	0	0	0	0	0	0	0
242896	Whitelion808	2012-03-01	0	0	0	0	0	0	0	0	0	0	0	0
242896	Whitelion808	2012-05-01	429	426	358	24	12	8	0	0	0	453	366	0.8079470198675497
242896	Whitelion808	2012-06-01	2	2	1	3	0	1	0	0	0	5	2	0.4
242896	Whitelion808	2013-08-01	32	30	29	5	1	1	0	0	0	37	30	0.8108108108108109
242896	Whitelion808	2013-12-01	1	1	0	22	1	10	0	0	0	23	10	0.43478260869565216
242896	Whitelion808	2014-01-01	0	0	0	4	0	0	0	0	0	4	0	0
2052948	Maturi0n	2014-09-01	431	420	426	90	51	72	0	0	0	521	498	0.9558541266794626
131561	filot	2012-08-01	0	0	0	0	0	0	0	0	0	0	0	0
131561	filot	2014-10-01	3	1	2	3	2	2	0	0	0	6	4	0.6666666666666666
131561	filot	2015-03-01	289	280	288	62	61	62	1	0	0	352	350	0.9943181818181818
131561	filot	2015-04-01	113	113	112	28	28	28	0	0	0	141	140	0.9929078014184397
675543	filu	2012-06-01	463	23	342	18	2	1	1	0	0	482	343	0.7116182572614108
675543	filu	2012-08-01	0	0	0	1	0	0	2	0	0	3	0	0
675543	filu	2013-05-01	0	0	0	0	0	0	0	0	0	0	0	0
675543	filu	2013-08-01	8	6	0	1	0	0	0	0	0	9	0	0
675543	filu	2015-05-01	0	1	0	0	0	0	0	0	0	0	0	0
2733243	BritNeu92	2015-03-01	394	394	393	88	86	86	0	0	0	482	479	0.9937759336099585
2734389	Kyle Moye	2015-03-01	371	372	242	100	91	94	0	0	0	471	336	0.7133757961783439
3374239	desaretiuss	2015-11-01	271	236	253	153	46	121	0	0	0	424	374	0.8820754716981132
3374239	desaretiuss	2015-12-01	20	18	18	11	2	9	0	0	0	31	27	0.8709677419354839
3374239	desaretiuss	2016-01-01	7	7	6	4	1	4	0	0	0	11	10	0.9090909090909091
2242362	e8aga9f	2015-09-01	361	242	359	98	75	96	6	6	5	465	460	0.989247311827957
121180	ivank	2009-07-01	277	109	68	167	40	19	0	0	0	444	87	0.19594594594594594
121180	ivank	2009-11-01	1	0	1	6	4	4	0	0	0	7	5	0.7142857142857143
722137	OSMF Redaction Account	2012-07-01	200	0	72	229	0	104	21	0	0	450	176	0.39111111111111113
2728909	Alexandra Schwier	2015-03-01	354	354	353	80	79	80	0	0	0	434	433	0.9976958525345622
566051	nethysa	2013-02-01	75	34	41	103	17	14	0	0	0	178	55	0.3089887640449438
566051	nethysa	2014-12-01	54	46	53	31	17	25	0	0	0	85	78	0.9176470588235294
566051	nethysa	2015-04-01	0	0	0	1	0	1	0	0	0	1	1	1
566051	nethysa	2015-10-01	76	65	72	80	28	53	0	0	0	156	125	0.8012820512820513
2726621	jwilli11	2015-03-01	304	300	198	56	50	39	0	0	0	360	237	0.6583333333333333
2902926	Xhendris	2015-05-01	277	264	253	61	32	49	0	0	0	338	302	0.893491124260355
2902926	Xhendris	2015-12-01	10	5	9	4	1	4	0	0	0	14	13	0.9285714285714286
1639504	fjorent	2014-08-01	264	140	211	55	16	27	2	0	0	321	238	0.7414330218068536
1639504	fjorent	2014-12-01	17	0	14	0	0	0	0	0	0	17	14	0.8235294117647058
574540	bgodole	2011-12-01	136	72	75	39	23	13	0	0	0	175	88	0.5028571428571429
574540	bgodole	2015-06-01	85	20	70	60	5	40	0	0	0	145	110	0.7586206896551724
574540	bgodole	2015-10-01	4	1	1	5	0	4	0	0	0	9	5	0.5555555555555556
481116	bigalxyz123	2014-03-01	284	259	283	38	31	31	0	0	0	322	314	0.9751552795031055
291454	JoMF	2010-05-01	302	302	301	2	2	0	0	0	0	304	301	0.9901315789473685
679137	mapperalb	2012-05-01	232	182	82	46	31	8	0	0	0	278	90	0.3237410071942446
1730904	donovaly	2013-09-01	191	170	160	65	30	18	0	0	0	256	178	0.6953125
855862	rskikuli	2012-09-01	8	1	4	0	0	0	0	0	0	8	4	0.5
855862	rskikuli	2013-07-01	0	1	0	0	0	0	0	0	0	0	0	0
855862	rskikuli	2014-02-01	0	0	0	0	0	0	0	0	0	0	0	0
855862	rskikuli	2014-09-01	1	0	0	0	0	0	0	0	0	1	0	0
855862	rskikuli	2014-12-01	0	0	0	0	0	0	0	0	0	0	0	0
855862	rskikuli	2015-04-01	0	1	0	0	0	0	0	0	0	0	0	0
855862	rskikuli	2015-05-01	0	0	0	0	0	0	0	0	0	0	0	0
855862	rskikuli	2015-11-01	127	117	109	23	21	20	0	0	0	150	129	0.86
855862	rskikuli	2015-12-01	47	44	45	13	10	12	0	0	0	60	57	0.95
2921739	fdisp	2015-05-01	159	110	119	55	25	27	0	0	0	214	146	0.6822429906542056
2921739	fdisp	2015-07-01	8	0	7	0	0	0	0	0	0	8	7	0.875
170106	sanchi	2012-08-01	90	40	53	115	28	44	1	0	0	206	97	0.470873786407767
170106	sanchi	2013-05-01	0	0	0	6	4	4	0	0	0	6	4	0.6666666666666666
9839	Ronald	2010-08-01	154	155	108	36	32	21	0	0	0	190	129	0.6789473684210526
9839	Ronald	2010-12-01	8	8	7	2	2	2	0	0	0	10	9	0.9
3442811	klajdi fishta	2015-12-01	133	99	104	59	24	42	0	0	0	192	146	0.7604166666666666
42429	42429	2009-11-01	67	30	8	9	1	0	0	0	0	76	8	0.10526315789473684
42429	42429	2010-01-01	1	0	0	0	0	0	0	0	0	1	0	0
42429	42429	2015-06-01	29	23	26	65	5	52	0	0	0	94	78	0.8297872340425532
13203	bahnpirat	2010-03-01	148	134	108	13	11	4	0	0	0	161	112	0.6956521739130435
3064393	Eltkor	2015-07-01	122	41	104	5	4	3	0	0	0	127	107	0.84251968503937
3064393	Eltkor	2015-11-01	24	22	23	9	7	9	0	0	0	33	32	0.9696969696969697
204045	Toliman	2015-03-01	127	116	124	14	4	4	0	0	0	141	128	0.9078014184397163
204045	Toliman	2015-04-01	6	6	5	6	1	2	0	0	0	12	7	0.5833333333333334
1832470	Megaphone	2013-12-01	8	2	6	31	0	19	0	0	0	39	25	0.6410256410256411
1832470	Megaphone	2014-01-01	98	73	62	8	0	4	0	0	0	106	66	0.6226415094339622
1832470	Megaphone	2014-12-01	1	0	1	0	0	0	0	0	0	1	1	1
1832470	Megaphone	2015-05-01	1	0	1	0	0	0	0	0	0	1	1	1
152028	ervin	2011-10-01	135	88	22	11	5	0	1	1	0	147	22	0.14965986394557823
2076591	endri giomo 2	2014-05-01	73	49	71	53	32	39	0	0	0	126	110	0.873015873015873
1638195	elioqoshi	2013-07-01	24	21	22	8	4	1	0	0	0	32	23	0.71875
1638195	elioqoshi	2013-11-01	31	11	10	6	2	2	0	0	0	37	12	0.32432432432432434
1638195	elioqoshi	2014-05-01	20	19	17	7	5	2	1	1	1	28	20	0.7142857142857143
1638195	elioqoshi	2014-12-01	1	1	0	0	0	0	0	0	0	1	0	0
1638195	elioqoshi	2015-01-01	5	4	4	1	1	1	0	0	0	6	5	0.8333333333333334
1638195	elioqoshi	2015-06-01	10	10	9	4	2	3	0	0	0	14	12	0.8571428571428571
1638195	elioqoshi	2015-10-01	0	1	0	0	0	0	0	0	0	0	0	0
338611	marek kleciak	2013-07-01	109	15	38	9	2	1	0	0	0	118	39	0.3305084745762712
2658633	Rixhin	2015-02-01	85	78	77	22	12	11	6	1	2	113	90	0.7964601769911505
48310	DFae	2008-06-01	104	105	18	5	2	0	0	0	0	109	18	0.1651376146788991
2164923	JolaHysko	2014-07-01	0	1	0	0	0	0	0	0	0	0	0	0
2164923	JolaHysko	2014-11-01	36	17	34	2	1	2	0	0	0	38	36	0.9473684210526315
2164923	JolaHysko	2015-05-01	16	16	15	8	4	4	0	0	0	24	19	0.7916666666666666
2164923	JolaHysko	2015-11-01	30	30	28	5	4	5	0	0	0	35	33	0.9428571428571428
2164923	JolaHysko	2015-12-01	9	9	8	1	1	1	0	0	0	10	9	0.9
70696	xybot	2008-10-01	0	0	0	27	0	14	0	0	0	27	14	0.5185185185185185
70696	xybot	2009-09-01	0	0	0	0	0	0	0	0	0	0	0	0
70696	xybot	2009-12-01	0	0	0	2	0	0	0	0	0	2	0	0
70696	xybot	2010-05-01	6	0	0	0	0	0	0	0	0	6	0	0
70696	xybot	2010-12-01	1	0	0	0	0	0	0	0	0	1	0	0
70696	xybot	2011-03-01	3	0	1	1	0	1	0	0	0	4	2	0.5
70696	xybot	2011-04-01	3	0	1	0	0	0	0	0	0	3	1	0.3333333333333333
70696	xybot	2011-05-01	0	0	0	1	0	0	0	0	0	1	0	0
70696	xybot	2011-07-01	2	0	0	1	0	1	0	0	0	3	1	0.3333333333333333
70696	xybot	2011-12-01	3	0	0	0	0	0	0	0	0	3	0	0
70696	xybot	2012-03-01	50	0	40	0	0	0	0	0	0	50	40	0.8
1238662	Krawujewatz	2013-05-01	0	0	0	0	0	0	2	0	0	2	0	0
1238662	Krawujewatz	2013-08-01	58	3	50	39	0	13	1	0	0	98	63	0.6428571428571429
610556	atelhaj	2012-03-01	1	1	0	1	0	0	0	0	0	2	0	0
610556	atelhaj	2012-04-01	0	0	0	7	0	0	0	0	0	7	0	0
610556	atelhaj	2012-05-01	77	24	15	11	3	2	0	0	0	88	17	0.19318181818181818
560090	jeffthimm	2012-01-01	1	1	0	0	0	0	0	0	0	1	0	0
560090	jeffthimm	2013-04-01	66	48	55	29	14	5	0	0	0	95	60	0.631578947368421
560090	jeffthimm	2013-05-01	1	0	0	0	0	0	0	0	0	1	0	0
467392	hillscott	2011-06-01	19	20	13	12	5	3	0	0	0	31	16	0.5161290322580645
467392	hillscott	2011-07-01	41	41	30	9	7	5	0	0	0	50	35	0.7
467392	hillscott	2011-08-01	10	11	10	3	2	0	0	0	0	13	10	0.7692307692307693
1743062	Bledi81	2013-09-01	71	16	52	19	8	3	0	0	0	90	55	0.6111111111111112
3442632	Eneo	2015-12-01	70	69	69	20	15	18	0	0	0	90	87	0.9666666666666667
393545	Endri	2011-01-01	3	1	3	1	0	0	0	0	0	4	3	0.75
393545	Endri	2011-03-01	61	60	41	5	5	2	0	0	0	66	43	0.6515151515151515
393545	Endri	2011-04-01	16	16	9	1	1	0	0	0	0	17	9	0.5294117647058824
44514	MarsmanRom	2014-06-01	74	68	73	14	9	12	0	0	0	88	85	0.9659090909090909
203136	dispiste	2015-12-01	77	71	76	5	3	5	0	0	0	82	81	0.9878048780487805
310589	hno2	2015-04-01	73	73	72	2	1	2	0	0	0	75	74	0.9866666666666667
310589	hno2	2015-05-01	1	1	0	1	0	1	0	0	0	2	1	0.5
220664	Zoti Raki	2010-03-01	34	29	10	5	5	1	0	0	0	39	11	0.28205128205128205
220664	Zoti Raki	2010-04-01	17	15	8	2	1	0	0	0	0	19	8	0.42105263157894735
220664	Zoti Raki	2010-12-01	1	1	0	0	0	0	0	0	0	1	0	0
220664	Zoti Raki	2011-08-01	14	15	3	3	1	0	0	0	0	17	3	0.17647058823529413
1868065	Arjela-Megaphone	2014-01-01	72	65	30	4	0	0	0	0	0	76	30	0.39473684210526316
2660201	emilioqose	2015-02-01	71	71	70	5	5	4	1	0	0	77	74	0.961038961038961
2145268	TR111	2015-07-01	0	0	0	2	0	2	0	0	0	2	2	1
2145268	TR111	2015-10-01	69	69	68	5	1	1	0	0	0	74	69	0.9324324324324325
504708	HillWithSmallFields	2015-12-01	64	56	63	13	13	13	0	0	0	77	76	0.987012987012987
18069	Claudius Henrichs	2009-06-01	61	58	49	8	5	2	0	0	0	69	51	0.7391304347826086
18069	Claudius Henrichs	2010-07-01	1	0	0	0	0	0	0	0	0	1	0	0
239035	j_cook	2015-10-01	61	30	60	7	2	7	0	0	0	68	67	0.9852941176470589
72235	Basstoelpel	2012-12-01	60	57	13	5	3	2	0	0	0	65	15	0.23076923076923078
77322	Enif	2012-09-01	45	44	33	19	9	6	0	0	0	64	39	0.609375
33589	zenfunk	2009-06-01	42	21	8	14	5	1	0	0	0	56	9	0.16071428571428573
12295	mapper_07	2007-11-01	23	22	0	2	1	1	0	0	0	25	1	0.04
12295	mapper_07	2014-01-01	0	0	0	0	0	0	0	0	0	0	0	0
12295	mapper_07	2014-02-01	2	1	1	8	0	2	0	0	0	10	3	0.3
12295	mapper_07	2014-03-01	5	2	4	13	0	9	0	0	0	18	13	0.7222222222222222
393863	Radioxoma	2015-07-01	39	31	38	15	7	14	0	0	0	54	52	0.9629629629629629
3440874	JonidaMukaj	2015-12-01	35	35	34	17	6	15	0	0	0	52	49	0.9423076923076923
12448	Hartmut Holzgraefe	2010-04-01	0	0	0	51	0	12	0	0	0	51	12	0.23529411764705882
34558	kledi	2008-04-01	7	0	0	43	0	15	0	0	0	50	15	0.3
2726544	ghidalgo	2015-03-01	43	43	42	7	6	7	0	0	0	50	49	0.98
2716323	Lojtari	2015-03-01	37	30	27	13	8	4	0	0	0	50	31	0.62
2726745	Mohammad Ashique	2015-03-01	41	30	30	6	4	4	0	0	0	47	34	0.723404255319149
2903070	Meri Statha	2015-05-01	37	32	32	8	2	7	0	0	0	45	39	0.8666666666666667
2736248	Mike Winans	2015-03-01	37	37	36	8	8	8	0	0	0	45	44	0.9777777777777777
474183	ratrun	2015-01-01	1	0	0	1	0	0	0	0	0	2	0	0
474183	ratrun	2015-02-01	0	0	0	3	0	1	0	0	0	3	1	0.3333333333333333
474183	ratrun	2015-03-01	1	0	0	1	0	1	0	0	0	2	1	0.5
474183	ratrun	2015-04-01	12	1	11	5	0	5	0	0	0	17	16	0.9411764705882353
474183	ratrun	2015-08-01	4	2	3	2	0	2	0	0	0	6	5	0.8333333333333334
474183	ratrun	2015-09-01	1	0	0	1	0	1	0	0	0	2	1	0.5
474183	ratrun	2015-10-01	0	0	0	2	0	1	0	0	0	2	1	0.5
474183	ratrun	2015-11-01	3	0	2	2	0	2	0	0	0	5	4	0.8
474183	ratrun	2015-12-01	2	0	1	2	0	2	0	0	0	4	3	0.75
474183	ratrun	2016-01-01	1	0	0	0	0	0	0	0	0	1	0	0
1306	PlaneMad	2015-04-01	31	31	30	13	5	13	0	0	0	44	43	0.9772727272727273
1069176	landfahrer	2015-01-01	28	7	22	1	0	0	1	0	1	30	23	0.7666666666666667
1069176	landfahrer	2015-04-01	9	1	3	4	0	4	0	0	0	13	7	0.5384615384615384
335871	zenonp	2010-08-01	41	2	5	1	1	0	0	0	0	42	5	0.11904761904761904
244754	Janjko	2012-09-01	0	0	0	0	0	0	0	0	0	0	0	0
244754	Janjko	2014-01-01	0	0	0	41	0	12	0	0	0	41	12	0.2926829268292683
275821	Ramzes	2010-09-01	20	0	7	13	4	1	0	0	0	33	8	0.24242424242424243
275821	Ramzes	2011-09-01	1	0	0	7	0	0	0	0	0	8	0	0
2700471	JayCBR	2015-02-01	0	0	0	0	0	0	0	0	0	0	0	0
2700471	JayCBR	2015-03-01	0	0	0	0	0	0	7	0	0	7	0	0
2700471	JayCBR	2015-04-01	0	0	0	0	0	0	3	0	0	3	0	0
2700471	JayCBR	2015-05-01	0	0	0	0	0	0	6	0	0	6	0	0
2700471	JayCBR	2015-07-01	0	0	0	0	0	0	2	0	0	2	0	0
2700471	JayCBR	2015-09-01	0	0	0	0	0	0	0	0	0	0	0	0
2700471	JayCBR	2015-10-01	0	0	0	0	0	0	3	0	0	3	0	0
2700471	JayCBR	2015-11-01	0	0	0	0	0	0	6	0	0	6	0	0
2700471	JayCBR	2015-12-01	0	0	0	0	0	0	1	0	0	1	0	0
2700471	JayCBR	2016-01-01	0	0	0	0	0	0	2	0	1	2	1	0.5
37809	Fede_Reghe	2009-05-01	36	37	0	1	1	0	0	0	0	37	0	0
430175	Elke Haas	2011-03-01	1	2	0	0	0	0	0	0	0	1	0	0
430175	Elke Haas	2011-07-01	29	23	24	2	0	0	0	0	0	31	24	0.7741935483870968
430175	Elke Haas	2011-10-01	1	1	0	3	0	1	0	0	0	4	1	0.25
2056708	Endri Giomo	2014-05-01	11	7	6	26	6	6	0	0	0	37	12	0.32432432432432434
2870353	Genti29	2015-04-01	35	35	34	2	1	1	0	0	0	37	35	0.9459459459459459
3435650	Alban Nurkollari	2015-12-01	35	35	22	1	1	0	0	0	0	36	22	0.6111111111111112
171169	bledar	2009-09-01	17	7	10	4	3	1	0	0	0	21	11	0.5238095238095238
171169	bledar	2011-07-01	12	8	10	1	0	0	0	0	0	13	10	0.7692307692307693
1383408	shyrsio	2013-04-01	31	12	29	2	1	2	0	0	0	33	31	0.9393939393939394
707823	Maxetech	2013-04-01	14	1	8	18	0	8	0	0	0	32	16	0.5
88515	Lorenc Çala	2009-01-01	18	10	10	6	3	3	0	0	0	24	13	0.5416666666666666
88515	Lorenc Çala	2009-08-01	6	5	4	0	0	0	0	0	0	6	4	0.6666666666666666
68842	noperante	2012-02-01	9	6	3	19	3	4	0	0	0	28	7	0.25
68842	noperante	2012-03-01	1	1	1	0	0	0	0	0	0	1	1	1
3435653	Kapitania	2015-12-01	26	19	25	5	2	4	0	0	0	31	29	0.9354838709677419
230942	dkiselev	2013-03-01	3	0	2	8	3	1	1	1	0	12	3	0.25
230942	dkiselev	2013-11-01	0	0	0	17	5	1	1	0	0	18	1	0.05555555555555555
51290	Elton Manoku	2008-07-01	28	29	0	2	2	0	0	0	0	30	0	0
2735711	fj_gavaller	2015-03-01	21	21	20	9	5	2	0	0	0	30	22	0.7333333333333333
659968	sebastiano_bikedistrict	2016-01-01	25	25	24	2	1	2	0	0	0	27	26	0.9629629629629629
1016290	Amaroussi	2014-11-01	0	0	0	0	0	0	0	0	0	0	0	0
1016290	Amaroussi	2015-02-01	0	0	0	0	0	0	2	0	0	2	0	0
1016290	Amaroussi	2015-03-01	0	0	0	0	0	0	9	0	0	9	0	0
1016290	Amaroussi	2015-04-01	0	0	0	0	0	0	6	0	0	6	0	0
1016290	Amaroussi	2015-09-01	0	0	0	0	0	0	2	0	0	2	0	0
1016290	Amaroussi	2015-11-01	0	0	0	0	0	0	2	0	0	2	0	0
121415	edvac	2011-10-01	22	4	18	3	0	0	0	0	0	25	18	0.72
2457333	Gabeli	2014-11-01	0	0	0	25	0	8	0	0	0	25	8	0.32
2457333	Gabeli	2015-01-01	0	0	0	0	0	0	0	0	0	0	0	0
523837	ValdrinGashi	2015-03-01	1	0	0	0	0	0	0	0	0	1	0	0
523837	ValdrinGashi	2015-04-01	0	0	0	2	0	2	0	0	0	2	2	1
523837	ValdrinGashi	2015-06-01	12	12	11	4	3	3	2	0	0	18	14	0.7777777777777778
523837	ValdrinGashi	2015-08-01	0	0	0	0	0	0	1	0	0	1	0	0
523837	ValdrinGashi	2015-09-01	0	0	0	2	0	1	0	0	0	2	1	0.5
2461388	vittorio1990	2014-11-01	23	17	22	2	1	1	0	0	0	25	23	0.92
57645	KartoGrapHiti	2013-02-01	19	19	17	6	5	4	0	0	0	25	21	0.84
2742599	Grace Beah	2015-03-01	20	20	19	5	5	5	0	0	0	25	24	0.96
1240849	ediyes	2015-07-01	1	0	0	5	0	4	0	0	0	6	4	0.6666666666666666
1240849	ediyes	2015-08-01	18	13	17	1	0	1	0	0	0	19	18	0.9473684210526315
338843	TorCguy	2014-10-01	20	3	19	3	1	3	1	1	1	24	23	0.9583333333333334
227502	ajk	2013-10-01	20	20	14	4	4	3	0	0	0	24	17	0.7083333333333334
3473575	Ancient Illyrians	2015-12-01	17	12	16	6	2	3	0	0	0	23	19	0.8260869565217391
33223	k127	2016-01-01	18	14	16	4	2	3	1	1	1	23	20	0.8695652173913043
113646	voland	2009-10-01	0	0	0	0	0	0	0	0	0	0	0	0
113646	voland	2011-06-01	0	0	0	3	2	0	11	4	0	14	0	0
113646	voland	2011-07-01	0	0	0	0	0	0	7	0	0	7	0	0
74983	Wolfram Sobotta	2012-08-01	21	5	15	1	1	0	0	0	0	22	15	0.6818181818181818
64578	Serpens	2014-04-01	2	0	0	2	0	1	0	0	0	4	1	0.25
64578	Serpens	2015-01-01	13	0	9	2	0	2	0	0	0	15	11	0.7333333333333333
64578	Serpens	2015-06-01	1	0	0	0	0	0	0	0	0	1	0	0
3435652	ComPirateKing	2015-12-01	19	16	17	2	1	2	0	0	0	21	19	0.9047619047619048
125071	Tim_BA	2015-06-01	17	14	15	4	2	3	0	0	0	21	18	0.8571428571428571
47565	osmfd	2015-12-01	13	7	12	8	0	7	0	0	0	21	19	0.9047619047619048
2699221	liraluga	2015-03-01	19	16	1	1	0	1	0	0	0	20	2	0.1
86504	Thomas8122	2009-04-01	10	0	2	1	0	0	0	0	0	11	2	0.18181818181818182
86504	Thomas8122	2009-06-01	7	8	1	0	0	0	0	0	0	7	1	0.14285714285714285
150368	Cicerone	2009-08-01	16	11	6	2	2	0	0	0	0	18	6	0.3333333333333333
1976357	hotel idea	2014-03-01	1	2	1	2	1	0	0	0	0	3	1	0.3333333333333333
1976357	hotel idea	2014-10-01	8	6	7	7	1	3	0	0	0	15	10	0.6666666666666666
2524191	ViolaCivici	2015-01-01	1	0	0	0	0	0	0	0	0	1	0	0
2524191	ViolaCivici	2015-07-01	13	13	11	2	2	2	0	0	0	15	13	0.8666666666666667
2524191	ViolaCivici	2015-12-01	2	2	2	0	0	0	0	0	0	2	2	1
361348	arekushi	2011-05-01	13	6	7	4	3	0	0	0	0	17	7	0.4117647058823529
290680	wheelmap_visitor	2013-09-01	3	0	1	3	0	2	0	0	0	6	3	0.5
290680	wheelmap_visitor	2014-01-01	11	0	7	0	0	0	0	0	0	11	7	0.6363636363636364
290680	wheelmap_visitor	2015-07-01	0	0	0	1	0	0	0	0	0	1	0	0
2329279	gjmart	2014-09-01	16	1	14	1	0	0	0	0	0	17	14	0.8235294117647058
2808936	Ekphrasis Studio	2015-04-01	7	5	3	1	0	1	0	0	0	8	4	0.5
2808936	Ekphrasis Studio	2015-09-01	4	0	1	3	1	2	0	0	0	7	3	0.42857142857142855
355102	BesfortGuri	2014-05-01	6	6	3	1	1	1	0	0	0	7	4	0.5714285714285714
355102	BesfortGuri	2015-12-01	8	8	7	1	1	1	0	0	0	9	8	0.8888888888888888
3442558	kostandinangjellari	2015-12-01	14	14	13	2	2	2	0	0	0	16	15	0.9375
384322	erion123	2010-12-01	14	14	13	1	1	1	0	0	0	15	14	0.9333333333333333
2904012	Ervin Kurti	2015-05-01	14	13	8	1	0	0	0	0	0	15	8	0.5333333333333333
653592	Advertalis Shpk	2012-04-01	13	6	7	1	1	1	0	0	0	14	8	0.5714285714285714
2513544	tomikallanxh	2014-12-01	10	8	8	1	1	1	0	0	0	11	9	0.8181818181818182
2513544	tomikallanxh	2016-01-01	2	1	1	0	0	0	0	0	0	2	1	0.5
78090	Roman Fischer	2010-08-01	5	4	4	8	3	3	0	0	0	13	7	0.5384615384615384
14235	AiNikolas	2014-03-01	0	0	0	0	0	0	4	0	0	4	0	0
14235	AiNikolas	2014-04-01	0	0	0	0	0	0	7	0	0	7	0	0
651220	Hotel Boutique Kotoni	2012-04-01	10	4	4	1	1	1	1	1	1	12	6	0.5
2769813	GMerrick	2015-03-01	11	11	10	2	2	2	0	0	0	13	12	0.9230769230769231
2031785	Ministria e Kultures	2014-04-01	7	5	1	1	0	0	0	0	0	8	1	0.125
2031785	Ministria e Kultures	2014-05-01	0	1	0	0	0	0	0	0	0	0	0	0
2031785	Ministria e Kultures	2014-07-01	1	1	0	0	0	0	0	0	0	1	0	0
2031785	Ministria e Kultures	2014-09-01	2	2	0	0	0	0	0	0	0	2	0	0
34555	Max--	2011-09-01	11	4	6	1	0	0	0	0	0	12	6	0.5
1995928	klodi79	2014-03-01	9	8	8	3	2	3	0	0	0	12	11	0.9166666666666666
2500350	SelcomTr	2014-12-01	6	6	5	6	1	3	0	0	0	12	8	0.6666666666666666
395156	GxE	2014-02-01	3	4	2	7	2	4	0	0	0	10	6	0.6
278195	FiFa	2012-07-01	8	5	3	2	0	0	0	0	0	10	3	0.3
3012871	EUROCAR Rentals Albania HQ	2015-09-01	9	2	4	2	1	1	0	0	0	11	5	0.45454545454545453
408226	andershl	2015-05-01	10	9	7	1	1	1	0	0	0	11	8	0.7272727272727273
131059	h4ck3rm1k3	2010-03-01	10	0	5	0	0	0	0	0	0	10	5	0.5
45671	Mogi	2008-09-01	8	3	4	1	0	0	0	0	0	9	4	0.4444444444444444
1479660	raedor	2013-05-01	0	0	0	8	2	1	0	0	0	8	1	0.125
510836	Rub21	2014-07-01	7	4	4	1	1	0	0	0	0	8	4	0.5
559500	johanemilsson	2012-08-01	7	7	6	2	1	1	0	0	0	9	7	0.7777777777777778
2891678	iglimanaj	2015-05-01	7	5	5	2	1	0	0	0	0	9	5	0.5555555555555556
359416	Evald	2010-10-01	6	7	6	2	1	0	0	0	0	8	6	0.75
189212	Kosta Bidoshi	2009-10-01	1	2	1	1	1	0	0	0	0	2	1	0.5
189212	Kosta Bidoshi	2009-11-01	3	4	0	1	1	0	0	0	0	4	0	0
2780768	Gertin	2015-03-01	7	5	5	1	1	0	0	0	0	8	5	0.625
16465	tmtm	2009-12-01	8	5	3	0	0	0	0	0	0	8	3	0.375
51913	OF-1	2015-03-01	0	0	0	0	0	0	5	0	0	5	0	0
51913	OF-1	2015-05-01	0	0	0	0	0	0	1	0	0	1	0	0
76002	salix01	2014-03-01	0	0	0	7	0	2	0	0	0	7	2	0.2857142857142857
3452413	elesk01s	2015-12-01	0	0	0	7	2	6	0	0	0	7	6	0.8571428571428571
43996	motophil	2009-01-01	6	0	3	1	0	0	0	0	0	7	3	0.42857142857142855
88164	Med	2014-09-01	0	0	0	6	0	3	0	0	0	6	3	0.5
88164	Med	2015-07-01	1	0	0	0	0	0	0	0	0	1	0	0
196617	venerdi	2015-11-01	0	0	0	7	1	6	0	0	0	7	6	0.8571428571428571
2099796	fraWilly	2014-07-01	6	6	5	1	1	1	0	0	0	7	6	0.8571428571428571
239998	Sundance	2015-10-01	7	0	3	0	0	0	0	0	0	7	3	0.42857142857142855
47978	Christoph Lotz	2015-10-01	4	0	3	3	0	3	0	0	0	7	6	0.8571428571428571
596930	starykov	2013-11-01	2	2	2	4	2	0	0	0	0	6	2	0.3333333333333333
2988884	Almuderas	2015-06-01	6	5	0	0	0	0	0	0	0	6	0	0
1737004	RIVERLIM	2015-10-01	0	0	0	0	0	0	4	0	0	4	0	0
1737004	RIVERLIM	2016-01-01	0	0	0	0	0	0	1	0	0	1	0	0
3373124	Bledar Jonuzaj	2015-11-01	3	2	1	3	1	2	0	0	0	6	3	0.5
3435661	DrenOSM	2015-12-01	5	5	4	1	1	1	0	0	0	6	5	0.8333333333333334
1793609	golyanitskiy	2015-07-01	0	0	0	0	0	0	2	0	1	2	1	0.5
1793609	golyanitskiy	2015-08-01	1	0	0	0	0	0	0	0	0	1	0	0
1793609	golyanitskiy	2015-10-01	0	0	0	0	0	0	3	0	2	3	2	0.6666666666666666
90142	andy mackey	2011-11-01	0	0	0	5	0	1	0	0	0	5	1	0.2
4985	Vclaw	2011-11-01	0	1	0	5	2	0	0	0	0	5	0	0
92274	adjuva	2014-03-01	1	0	0	0	0	0	0	0	0	1	0	0
92274	adjuva	2014-04-01	1	0	1	0	0	0	0	0	0	1	1	1
92274	adjuva	2014-08-01	1	0	0	0	0	0	0	0	0	1	0	0
92274	adjuva	2014-10-01	0	0	0	0	0	0	0	0	0	0	0	0
92274	adjuva	2015-03-01	0	0	0	0	0	0	0	0	0	0	0	0
7630	LivingWithDragons	2012-07-01	2	3	0	2	1	0	0	0	0	4	0	0
533465	GerdP	2015-11-01	1	0	0	4	0	4	0	0	0	5	4	0.8
572666	Wurzle	2011-12-01	3	3	2	2	2	0	0	0	0	5	2	0.4
2167392	GretaDoci	2014-07-01	2	1	2	2	0	1	0	0	0	4	3	0.75
439587	armandozina	2011-04-01	4	3	3	1	1	1	0	0	0	5	4	0.8
17682	Bedee	2007-10-01	5	0	1	0	0	0	0	0	0	5	1	0.2
651869	Aurimas Fišeras	2014-06-01	1	0	0	4	0	4	0	0	0	5	4	0.8
278800	tbicr	2015-05-01	0	0	0	0	0	0	3	0	0	3	0	0
3391774	iraali	2015-11-01	3	0	2	1	0	1	0	0	0	4	3	0.75
2227942	Department of Eagles	2014-08-01	3	3	2	0	0	0	0	0	0	3	2	0.6666666666666666
2377377	abel801	2015-07-01	3	0	2	1	0	1	0	0	0	4	3	0.75
300459	didier2020	2015-09-01	0	0	0	0	0	0	3	0	0	3	0	0
2594241	Saimir	2015-01-01	3	2	2	0	0	0	0	0	0	3	2	0.6666666666666666
2675	Eckhart Wörner	2014-12-01	0	0	0	1	0	0	3	1	1	4	1	0.25
2748195	karitotp	2015-08-01	0	0	0	1	0	0	0	0	0	1	0	0
2748195	karitotp	2015-09-01	0	0	0	3	2	2	0	0	0	3	2	0.6666666666666666
612923	lennyaspen	2012-02-01	4	1	3	0	0	0	0	0	0	4	3	0.75
160949	eric22	2013-02-01	0	0	0	0	0	0	2	0	0	2	0	0
160949	eric22	2013-03-01	0	0	0	0	0	0	0	0	0	0	0	0
2749365	Rubin84	2015-03-01	0	0	0	4	0	1	0	0	0	4	1	0.25
38393	realhacker	2013-10-01	2	2	1	2	1	1	0	0	0	4	2	0.5
532378	Rixhini	2011-10-01	0	1	0	0	0	0	0	0	0	0	0	0
532378	Rixhini	2015-10-01	2	2	1	1	1	1	0	0	0	3	2	0.6666666666666666
2027590	MinTurizmi	2014-04-01	3	1	0	0	0	0	0	0	0	3	0	0
152074	beweta	2014-06-01	0	0	0	4	0	3	0	0	0	4	3	0.75
670285	Ermir	2012-04-01	4	4	3	0	0	0	0	0	0	4	3	0.75
2219338	RichRico	2014-10-01	2	0	0	2	0	2	0	0	0	4	2	0.5
1753325	Saimiri	2013-09-01	3	3	1	0	0	0	0	0	0	3	1	0.3333333333333333
1753325	Saimiri	2013-11-01	1	1	0	0	0	0	0	0	0	1	0	0
384084	Kostik	2013-12-01	0	0	0	0	0	0	0	0	0	0	0	0
384084	Kostik	2014-04-01	0	0	0	1	0	0	0	0	0	1	0	0
384084	Kostik	2014-12-01	0	0	0	0	0	0	0	0	0	0	0	0
78656	Walter Schlögl	2012-01-01	0	0	0	0	0	0	0	0	0	0	0	0
78656	Walter Schlögl	2012-12-01	0	0	0	0	0	0	0	0	0	0	0	0
78656	Walter Schlögl	2014-12-01	0	0	0	0	0	0	0	0	0	0	0	0
78656	Walter Schlögl	2015-11-01	0	0	0	1	0	0	0	0	0	1	0	0
658131	piasoft	2012-04-01	1	1	0	3	0	0	0	0	0	4	0	0
2235302	petrit04	2014-08-01	3	1	2	1	0	0	0	0	0	4	2	0.5
323389	Michael_H	2014-05-01	2	0	1	2	0	1	0	0	0	4	2	0.5
16783	JBogdani	2007-10-01	4	0	1	0	0	0	0	0	0	4	1	0.25
675682	Gjagji	2012-05-01	1	2	0	0	0	0	0	0	0	1	0	0
675682	Gjagji	2012-09-01	1	2	1	0	0	0	0	0	0	1	1	1
2361620	Megi	2014-09-01	1	2	0	1	0	0	0	0	0	2	0	0
3494382	Altin Guberi (Alnex Andews)	2016-01-01	3	3	2	0	0	0	0	0	0	3	2	0.6666666666666666
83557	Esperanza36	2010-09-01	0	1	0	2	0	0	0	0	0	2	0	0
1051550	shravan91	2015-03-01	2	0	1	1	0	1	0	0	0	3	2	0.6666666666666666
653	aitolos	2014-03-01	0	0	0	0	0	0	0	0	0	0	0	0
653	aitolos	2015-03-01	0	0	0	0	0	0	0	0	0	0	0	0
653	aitolos	2015-09-01	0	0	0	0	0	0	0	0	0	0	0	0
152676	pfranz	2010-04-01	2	0	1	1	0	1	0	0	0	3	2	0.6666666666666666
1772211	4rch	2014-03-01	0	0	0	0	0	0	0	0	0	0	0	0
1772211	4rch	2014-11-01	0	0	0	0	0	0	0	0	0	0	0	0
1772211	4rch	2015-02-01	0	0	0	0	0	0	0	0	0	0	0	0
2192902	selamishehu	2015-05-01	0	0	0	0	0	0	0	0	0	0	0	0
2192902	selamishehu	2015-11-01	2	0	1	0	0	0	0	0	0	2	1	0.5
3461099	Alesia21	2015-12-01	2	1	1	1	0	1	0	0	0	3	2	0.6666666666666666
1591284	cdrini	2015-08-01	1	0	0	2	0	2	0	0	0	3	2	0.6666666666666666
2303640	ihoxha	2014-09-01	2	2	2	0	0	0	0	0	0	2	2	1
2995387	forrestfunk81	2015-06-01	2	2	1	1	0	0	0	0	0	3	1	0.3333333333333333
1630768	blackdevilkostas	2014-02-01	0	0	0	0	0	0	0	0	0	0	0	0
1630768	blackdevilkostas	2014-06-01	0	0	0	0	0	0	0	0	0	0	0	0
1630768	blackdevilkostas	2014-08-01	0	0	0	0	0	0	0	0	0	0	0	0
658864	Puccia	2014-06-01	0	0	0	3	0	1	0	0	0	3	1	0.3333333333333333
166129	BugBuster	2009-10-01	0	0	0	3	0	0	0	0	0	3	0	0
1393955	Chakra Jonë	2013-04-01	3	3	2	0	0	0	0	0	0	3	2	0.6666666666666666
10610	RedFox	2009-07-01	0	0	0	0	0	0	0	0	0	0	0	0
10610	RedFox	2009-08-01	0	0	0	0	0	0	0	0	0	0	0	0
10610	RedFox	2013-12-01	0	0	0	0	0	0	0	0	0	0	0	0
530922	lukas fleischli	2013-10-01	2	2	1	0	0	0	0	0	0	2	1	0.5
1715819	avena701	2014-09-01	0	0	0	0	0	0	1	0	0	1	0	0
2500663	egla88	2014-12-01	1	2	0	0	0	0	0	0	0	1	0	0
2979404	NIKOLIN LECI	2015-06-01	0	0	0	0	0	0	1	0	0	1	0	0
1547907	szymo1500	2014-12-01	0	0	0	0	0	0	1	0	0	1	0	0
3435657	ErisHoxha	2015-12-01	0	1	0	1	0	1	0	0	0	1	1	1
1811853	olaf1000	2014-04-01	0	0	0	0	0	0	0	0	0	0	0	0
1811853	olaf1000	2015-01-01	0	0	0	0	0	0	0	0	0	0	0	0
1679	andrewpmk	2014-09-01	0	0	0	2	0	1	0	0	0	2	1	0.5
212207	SunCobalt	2011-11-01	0	0	0	1	0	0	0	0	0	1	0	0
252499	peternik99	2014-07-01	0	0	0	0	0	0	0	0	0	0	0	0
252499	peternik99	2015-04-01	0	0	0	0	0	0	0	0	0	0	0	0
87658	dodobas	2014-09-01	0	0	0	2	0	0	0	0	0	2	0	0
1494110	KristenK	2015-11-01	0	0	0	0	0	0	2	0	1	2	1	0.5
1121441	dar-quonb	2015-04-01	0	0	0	0	0	0	1	0	0	1	0	0
356178	dan3831	2011-05-01	0	0	0	0	0	0	0	0	0	0	0	0
356178	dan3831	2011-07-01	0	0	0	0	0	0	0	0	0	0	0	0
1175325	monviso	2013-02-01	0	0	0	1	0	0	0	0	0	1	0	0
544675	Obelixx	2012-12-01	0	0	0	1	1	0	0	0	0	1	0	0
13832	Peter14	2010-10-01	0	0	0	1	0	0	0	0	0	1	0	0
184713	nobonn	2013-01-01	1	1	0	0	0	0	0	0	0	1	0	0
3289298	Vango Stavro	2015-10-01	1	1	0	0	0	0	0	0	0	1	0	0
1264646	martin-	2015-08-01	2	2	1	0	0	0	0	0	0	2	1	0.5
568110	john_starkin	2012-04-01	0	1	0	1	0	0	0	0	0	1	0	0
3190340	OlSchxyz	2015-08-01	0	1	0	1	0	1	0	0	0	1	1	1
7709	dbranko	2008-08-01	0	0	0	1	0	0	0	0	0	1	0	0
2117145	abdeldjalil	2015-09-01	2	0	1	0	0	0	0	0	0	2	1	0.5
2788333	Faik Skopeci	2015-03-01	1	1	0	0	0	0	0	0	0	1	0	0
352475	fimmy1	2014-09-01	1	0	0	1	0	1	0	0	0	2	1	0.5
1894634	Wikilux	2014-09-01	0	0	0	0	0	0	1	0	0	1	0	0
1758931	Jack Pham	2013-10-01	2	2	1	0	0	0	0	0	0	2	1	0.5
10927	Skywave	2008-01-01	0	0	0	0	0	0	0	0	0	0	0	0
423333	Marcel-NL	2011-08-01	1	1	0	0	0	0	0	0	0	1	0	0
692602	Kanenas	2014-10-01	0	0	0	0	0	0	0	0	0	0	0	0
423330	Larifari77	2014-06-01	0	0	0	0	0	0	0	0	0	0	0	0
345763	Maksi Raco	2010-09-01	1	1	0	0	0	0	0	0	0	1	0	0
245622	bo221	2010-03-01	0	0	0	1	0	0	0	0	0	1	0	0
142205	skobbler	2012-10-01	0	0	0	0	0	0	0	0	0	0	0	0
2175088	Inva Veliu	2014-09-01	1	1	0	0	0	0	0	0	0	1	0	0
1919140	babskast	2015-12-01	0	0	0	0	0	0	0	0	0	0	0	0
24126	dforsi	2012-12-01	0	0	0	1	0	0	0	0	0	1	0	0
103253	gormur	2012-06-01	1	0	0	0	0	0	0	0	0	1	0	0
128186	malcolmh	2015-05-01	0	0	0	1	0	0	0	0	0	1	0	0
665694	aarp65	2014-12-01	1	0	0	0	0	0	0	0	0	1	0	0
3043807	dk_ta	2015-07-01	0	0	0	0	0	0	0	0	0	0	0	0
308	MichaelCollinson	2008-11-01	0	0	0	0	0	0	0	0	0	0	0	0
28145	amillar	2009-06-01	0	0	0	0	0	0	0	0	0	0	0	0
6975	ulfl	2008-07-01	0	0	0	0	0	0	0	0	0	0	0	0
2566	Sven S_	2007-03-01	0	1	0	0	0	0	0	0	0	0	0	0
24965	Ævar Arnfjörð Bjarmason	2009-09-01	0	0	0	0	0	0	0	0	0	0	0	0
167417	osm-sputnik	2015-02-01	0	0	0	0	0	0	0	0	0	0	0	0
997206	NinoB	2012-10-01	0	0	0	0	0	0	0	0	0	0	0	0
1935899	Bledar Bregu	2014-02-01	0	0	0	1	0	0	0	0	0	1	0	0
343084	andreib	2013-04-01	0	0	0	0	0	0	0	0	0	0	0	0
20587	balrog-kun	2009-07-01	0	0	0	0	0	0	0	0	0	0	0	0
3051483	AS Web Design	2015-07-01	1	1	0	0	0	0	0	0	0	1	0	0
604999	White_Rabbit	2012-06-01	1	0	0	0	0	0	0	0	0	1	0	0
2669637	e1296776	2015-02-01	0	0	0	0	0	0	0	0	0	0	0	0
400815	Eno	2011-01-01	1	1	0	0	0	0	0	0	0	1	0	0
736	Steve Chilton	2009-02-01	0	0	0	0	0	0	0	0	0	0	0	0
2132393	robin0van0der0vliet	2015-05-01	0	0	0	0	0	0	0	0	0	0	0	0
98099	evgenykatyshev	2015-06-01	0	0	0	0	0	0	0	0	0	0	0	0
73651	som3rsault	2014-04-01	1	1	0	0	0	0	0	0	0	1	0	0
217070	Davio	2015-11-01	1	0	0	0	0	0	0	0	0	1	0	0
28609	bcrosby	2010-12-01	0	1	0	0	0	0	0	0	0	0	0	0
1823346	عقبة بن نافع	2016-01-01	0	0	0	0	0	0	0	0	0	0	0	0
118262	Wynndale	2010-03-01	1	1	0	0	0	0	0	0	0	1	0	0
1972608	rabon	2015-07-01	1	1	0	0	0	0	0	0	0	1	0	0
85218	Aleks-Berlin	2015-11-01	0	0	0	1	0	0	0	0	0	1	0	0
493902	Christophorus	2014-12-01	0	0	0	0	0	0	0	0	0	0	0	0
53327	GerdTIR	2014-02-01	0	0	0	0	0	0	0	0	0	0	0	0
330613	Oggi	2011-03-01	0	1	0	0	0	0	0	0	0	0	0	0
118021	maggot27	2015-07-01	0	0	0	1	0	0	0	0	0	1	0	0
37109	Baruch	2009-06-01	0	0	0	0	0	0	0	0	0	0	0	0
369905	Patrus	2013-03-01	0	1	0	0	0	0	0	0	0	0	0	0
1632434	Andy Dufresne	2013-07-01	0	0	0	0	0	0	0	0	0	0	0	0
33377	Victor LP	2009-08-01	0	0	0	0	0	0	0	0	0	0	0	0
63107	brogo	2014-10-01	0	0	0	0	0	0	0	0	0	0	0	0
768145	Jotam	2015-06-01	1	0	0	0	0	0	0	0	0	1	0	0
3204286	9100	2015-09-01	0	1	0	0	0	0	0	0	0	0	0	0
2226712	dannykath	2015-08-01	0	0	0	1	0	0	0	0	0	1	0	0
2060536	Arcadium	2014-05-01	0	0	0	0	0	0	0	0	0	0	0	0
307202	alester	2011-12-01	1	0	0	0	0	0	0	0	0	1	0	0
3080185	George23820	2015-07-01	0	0	0	0	0	0	0	0	0	0	0	0
110838	Bernhard W	2012-12-01	0	0	0	0	0	0	0	0	0	0	0	0
180646	flakron	2014-11-01	0	0	0	0	0	0	0	0	0	0	0	0
433087	ergentium	2011-06-01	0	1	0	0	0	0	0	0	0	0	0	0
2224	Kolossos	2012-10-01	0	0	0	0	0	0	0	0	0	0	0	0
145231	woodpeck_repair	2016-01-01	1	0	0	0	0	0	0	0	0	1	0	0
355242	Bryce C Nesbitt	2015-03-01	1	0	0	0	0	0	0	0	0	1	0	0
633114	frabar	2012-03-01	1	1	0	0	0	0	0	0	0	1	0	0
224769	[erika]	2012-10-01	0	0	0	0	0	0	0	0	0	0	0	0
173225	vimagode	2010-05-01	0	0	0	1	0	0	0	0	0	1	0	0
32952	DennisL	2014-05-01	0	0	0	0	0	0	0	0	0	0	0	0
1829683	Luis36995	2014-08-01	0	0	0	0	0	0	0	0	0	0	0	0
5164	woodpeck	2013-08-01	0	0	0	0	0	0	0	0	0	0	0	0
2088853	AleksanderKoko	2014-05-01	1	1	0	0	0	0	0	0	0	1	0	0
201359	wambacher	2015-10-01	0	0	0	0	0	0	0	0	0	0	0	0
252058	dashohoxha	2010-04-01	1	1	0	0	0	0	0	0	0	1	0	0
177221	reki	2011-04-01	0	1	0	0	0	0	0	0	0	0	0	0
3234	Jon Burgess	2008-03-01	0	0	0	0	0	0	0	0	0	0	0	0
616774	mueschel	2015-06-01	0	0	0	1	0	0	0	0	0	1	0	0
965974	Ecovolis	2012-10-01	0	0	0	0	0	0	0	0	0	0	0	0
57032	Sefe	2008-08-01	0	0	0	0	0	0	0	0	0	0	0	0
1782960	emacsen_dwg	2015-01-01	0	0	0	0	0	0	0	0	0	0	0	0
181135	Manu1400	2014-12-01	0	0	0	0	0	0	0	0	0	0	0	0
44791	jan_olieslagers	2015-12-01	0	0	0	1	0	0	0	0	0	1	0	0
3258592	Daniel Leech	2015-11-01	1	1	0	0	0	0	0	0	0	1	0	0
16821	geraki	2015-09-01	0	0	0	0	0	0	0	0	0	0	0	0
3435656	albinfo	2015-12-01	0	0	0	1	0	0	0	0	0	1	0	0
51751	steve007	2013-05-01	0	0	0	0	0	0	0	0	0	0	0	0
834086	vpettenati	2015-05-01	0	0	0	1	0	0	0	0	0	1	0	0
71631	andrewsh	2012-12-01	0	0	0	0	0	0	0	0	0	0	0	0
397367	enco	2012-07-01	0	1	0	0	0	0	0	0	0	0	0	0
140521	Fortress	2013-04-01	0	0	0	0	0	0	0	0	0	0	0	0
562452	RPVN	2013-09-01	0	0	0	0	0	0	0	0	0	0	0	0
212111	okilimu	2014-07-01	0	0	0	1	0	0	0	0	0	1	0	0
621253	b108	2015-11-01	1	0	0	0	0	0	0	0	0	1	0	0
1399	Gagravarr	2007-03-01	0	1	0	0	0	0	0	0	0	0	0	0
2554698	ruthmaben	2015-02-01	0	0	0	1	0	0	0	0	0	1	0	0
0	total	2006-01-01	0	0	0	0	0	0	0	0	0	0	0	0
0	total	2006-02-01	0	0	0	0	0	0	0	0	0	0	0	0
0	total	2006-03-01	0	0	0	0	0	0	0	0	0	0	0	0
0	total	2006-04-01	0	0	0	0	0	0	0	0	0	0	0	0
0	total	2006-05-01	0	0	0	0	0	0	0	0	0	0	0	0
0	total	2006-06-01	0	0	0	0	0	0	0	0	0	0	0	0
0	total	2006-07-01	0	0	0	0	0	0	0	0	0	0	0	0
0	total	2006-08-01	0	0	0	0	0	0	0	0	0	0	0	0
0	total	2006-09-01	238	238	184	263	263	214	0	0	0	501	398	0.7944111776447106
0	total	2006-10-01	0	0	0	0	0	0	0	0	0	0	0	0
0	total	2006-11-01	0	0	0	0	0	0	0	0	0	0	0	0
0	total	2006-12-01	206	207	73	56	56	15	0	0	0	262	88	0.33587786259541985
0	total	2007-01-01	0	0	0	0	0	0	0	0	0	0	0	0
0	total	2007-02-01	0	0	0	0	0	0	0	0	0	0	0	0
0	total	2007-03-01	1	2	0	0	0	0	0	0	0	1	0	0
0	total	2007-04-01	0	0	0	0	0	0	0	0	0	0	0	0
0	total	2007-05-01	0	0	0	0	0	0	0	0	0	0	0	0
0	total	2007-06-01	0	0	0	0	0	0	0	0	0	0	0	0
0	total	2007-07-01	172	172	88	5	5	3	2	2	2	179	93	0.5195530726256983
0	total	2007-08-01	3	4	0	1	1	0	0	0	0	4	0	0
0	total	2007-09-01	0	0	0	0	0	0	0	0	0	0	0	0
0	total	2007-10-01	9	0	3	0	0	0	0	0	0	9	3	0.3333333333333333
0	total	2007-11-01	23	22	0	2	1	1	0	0	0	25	1	0.04
0	total	2007-12-01	0	0	0	0	0	0	0	0	0	0	0	0
0	total	2008-01-01	0	0	0	0	0	0	0	0	0	0	0	0
0	total	2008-02-01	0	0	0	0	0	0	0	0	0	0	0	0
0	total	2008-03-01	0	0	0	0	0	0	0	0	0	0	0	0
0	total	2008-04-01	21	8	6	45	1	15	0	0	0	66	21	0.3181818181818182
0	total	2008-05-01	0	0	0	0	0	0	0	0	0	0	0	0
0	total	2008-06-01	104	105	18	5	2	0	0	0	0	109	18	0.1651376146788991
0	total	2008-07-01	29	29	0	2	2	0	0	0	0	31	0	0
0	total	2008-08-01	0	0	0	2	0	0	0	0	0	2	0	0
0	total	2008-09-01	8	3	4	1	0	0	0	0	0	9	4	0.4444444444444444
0	total	2008-10-01	6460	1564	802	314	47	32	0	0	0	6774	834	0.12311780336581045
0	total	2008-11-01	1242	793	653	24	9	3	0	0	0	1266	656	0.5181674565560821
0	total	2008-12-01	0	0	0	0	0	0	0	0	0	0	0	0
0	total	2009-01-01	25	10	13	7	3	3	0	0	0	32	16	0.5
0	total	2009-02-01	2171	498	260	36	22	4	0	0	0	2207	264	0.11961939284096058
0	total	2009-03-01	0	0	0	0	0	0	0	0	0	0	0	0
0	total	2009-04-01	10	0	2	1	0	0	0	0	0	11	2	0.18181818181818182
0	total	2009-05-01	42	37	0	1	1	0	0	0	0	43	0	0
0	total	2009-06-01	114	87	58	22	10	3	0	0	0	136	61	0.4485294117647059
0	total	2009-07-01	303	126	84	173	43	21	0	0	0	476	105	0.22058823529411764
0	total	2009-08-01	25	16	10	2	2	0	0	0	0	27	10	0.37037037037037035
0	total	2009-09-01	6245	6168	3854	340	279	80	0	0	0	6585	3934	0.5974183750949127
0	total	2009-10-01	1	2	1	5	1	1	0	0	0	6	2	0.3333333333333333
0	total	2009-11-01	3197	2667	1533	379	295	134	0	0	0	3576	1667	0.46616331096196867
0	total	2009-12-01	3239	3196	2254	528	398	310	0	0	0	3767	2564	0.6806477302893549
0	total	2010-01-01	1410	1405	1014	288	233	147	0	0	0	1698	1161	0.6837455830388692
0	total	2010-02-01	0	0	0	0	0	0	0	0	0	0	0	0
0	total	2010-03-01	194	164	125	19	16	6	0	0	0	213	131	0.6150234741784038
0	total	2010-04-01	5955	5924	5739	221	150	127	0	0	0	6176	5866	0.9498056994818653
0	total	2010-05-01	388	382	311	6	3	1	0	0	0	394	312	0.7918781725888325
0	total	2010-06-01	0	0	0	0	0	0	0	0	0	0	0	0
0	total	2010-07-01	320	231	192	26	15	4	1	1	1	347	197	0.5677233429394812
0	total	2010-08-01	202	161	117	45	36	24	0	0	0	247	141	0.5708502024291497
0	total	2010-09-01	110	49	38	49	13	3	0	0	0	159	41	0.2578616352201258
0	total	2010-10-01	220	8	122	112	47	39	24	24	15	356	176	0.4943820224719101
0	total	2010-11-01	0	0	0	0	0	0	0	0	0	0	0	0
0	total	2010-12-01	25	24	23	3	3	3	0	0	0	28	26	0.9285714285714286
0	total	2011-01-01	4	2	4	1	0	0	0	0	0	5	4	0.8
0	total	2011-02-01	0	0	0	0	0	0	0	0	0	0	0	0
0	total	2011-03-01	69	65	45	7	6	3	0	0	0	76	48	0.631578947368421
0	total	2011-04-01	729	514	563	199	87	48	2	0	2	930	613	0.6591397849462366
0	total	2011-05-01	50	40	44	8	4	1	0	0	0	58	45	0.7758620689655172
0	total	2011-06-01	440	429	301	88	47	50	11	4	0	539	351	0.6512059369202227
0	total	2011-07-01	1805	1643	1613	329	139	121	12	1	1	2146	1735	0.8084808946877913
0	total	2011-08-01	1595	296	1086	287	20	119	1	0	0	1883	1205	0.6399362719065321
0	total	2011-09-01	38	30	21	13	3	0	0	0	0	51	21	0.4117647058823529
0	total	2011-10-01	211	122	59	44	14	4	1	1	0	256	63	0.24609375
0	total	2011-11-01	1	1	0	24	2	2	0	0	0	25	2	0.08
0	total	2011-12-01	144	75	79	45	27	13	1	0	0	190	92	0.4842105263157895
0	total	2012-01-01	1	1	0	9	0	0	0	0	0	10	0	0
0	total	2012-02-01	142	136	136	34	15	16	10	1	1	186	153	0.8225806451612904
0	total	2012-03-01	66	3	44	2	0	0	0	0	0	68	44	0.6470588235294118
0	total	2012-04-01	35	16	18	21	2	5	1	1	1	57	24	0.42105263157894735
0	total	2012-05-01	754	646	467	88	48	20	0	0	0	842	487	0.5783847980997625
0	total	2012-06-01	469	26	348	21	2	2	1	0	0	491	350	0.7128309572301426
0	total	2012-07-01	9745	7000	8108	1391	734	565	23	0	1	11159	8674	0.7773097947844789
0	total	2012-08-01	6573	4667	5002	1262	653	431	10	7	5	7845	5438	0.6931803696622052
0	total	2012-09-01	376	264	323	320	91	208	0	0	0	696	531	0.7629310344827587
0	total	2012-10-01	4989	3917	4757	583	379	390	0	0	0	5572	5147	0.9237257717157215
0	total	2012-11-01	120	100	117	24	20	16	0	0	0	144	133	0.9236111111111112
0	total	2012-12-01	828	718	437	126	90	65	0	0	0	954	502	0.5262054507337526
0	total	2013-01-01	88	67	65	56	10	17	0	0	0	144	82	0.5694444444444444
0	total	2013-02-01	1340	853	1122	291	102	120	9	0	0	1640	1242	0.7573170731707317
0	total	2013-03-01	4	1	2	8	3	1	3	1	0	15	3	0.2
0	total	2013-04-01	116	64	96	55	15	15	1	0	0	172	111	0.6453488372093024
0	total	2013-05-01	1	0	0	16	6	6	4	0	0	21	6	0.2857142857142857
0	total	2013-06-01	364	203	353	109	34	72	7	0	1	480	426	0.8875
0	total	2013-07-01	4710	4208	4481	527	352	328	9	0	0	5246	4809	0.9166984369043081
0	total	2013-08-01	1021	738	866	319	87	94	9	0	0	1349	960	0.7116382505559674
0	total	2013-09-01	1739	1017	1660	323	103	104	0	0	0	2062	1764	0.8554801163918526
0	total	2013-10-01	405	194	260	30	14	17	0	0	0	435	277	0.6367816091954023
0	total	2013-11-01	3469	3085	3071	306	176	144	9	2	1	3784	3216	0.8498942917547568
0	total	2013-12-01	9	3	7	55	1	30	3	0	0	67	37	0.5522388059701493
0	total	2014-01-01	2067	1468	1851	679	176	383	33	12	4	2779	2238	0.8053256567110472
0	total	2014-02-01	14	5	4	21	2	9	1	0	0	36	13	0.3611111111111111
0	total	2014-03-01	3616	3260	3290	656	392	395	23	0	0	4295	3685	0.8579743888242142
0	total	2014-04-01	712	539	642	103	64	77	8	0	0	823	719	0.8736330498177399
0	total	2014-05-01	1623	1199	1393	281	128	156	8	1	1	1912	1550	0.8106694560669456
0	total	2014-06-01	8817	7710	8330	673	382	460	11	3	2	9501	8792	0.9253762761814546
0	total	2014-07-01	3341	3240	3288	126	74	87	47	38	45	3514	3420	0.9732498577120091
0	total	2014-08-01	930	761	855	98	49	60	4	1	1	1032	916	0.8875968992248062
0	total	2014-09-01	534	466	523	124	60	99	6	0	0	664	622	0.9367469879518072
0	total	2014-10-01	318	257	314	90	50	74	9	1	1	417	389	0.9328537170263789
0	total	2014-11-01	59	34	57	30	2	12	10	0	0	99	69	0.696969696969697
0	total	2014-12-01	2370	2059	2071	406	312	331	16	1	1	2792	2403	0.8606733524355301
0	total	2015-01-01	53	13	40	6	1	3	7	0	1	66	44	0.6666666666666666
0	total	2015-02-01	384	238	358	113	39	69	13	1	2	510	429	0.8411764705882353
0	total	2015-03-01	5773	5516	4800	1319	1199	1228	40	0	0	7132	6028	0.8452047111609646
0	total	2015-04-01	1192	288	1176	83	40	75	24	0	0	1299	1251	0.9630484988452656
0	total	2015-05-01	1884	1756	1756	473	392	407	13	0	0	2370	2163	0.9126582278481012
0	total	2015-06-01	1211	994	1170	408	153	301	20	1	0	1639	1471	0.8974984746796827
0	total	2015-07-01	1546	1188	1510	157	92	135	14	1	8	1717	1653	0.9627256843331392
0	total	2015-08-01	863	748	848	45	16	41	2	0	0	910	889	0.9769230769230769
0	total	2015-09-01	712	399	667	268	130	225	53	6	7	1033	899	0.8702807357212003
0	total	2015-10-01	254	188	241	115	39	81	20	0	3	389	325	0.8354755784061697
0	total	2015-11-01	777	679	733	332	140	262	14	0	2	1123	997	0.8878005342831701
0	total	2015-12-01	698	558	652	215	90	181	5	0	2	918	835	0.9095860566448801
0	total	2016-01-01	58	50	55	10	4	9	4	1	4	72	68	0.9444444444444444
0	total	2016-02-01	0	0	0	0	0	0	0	0	0	0	0	0
0	total	2016-03-01	0	0	0	0	0	0	0	0	0	0	0	0
0	total	2016-04-01	0	0	0	0	0	0	0	0	0	0	0	0
0	total	2016-05-01	0	0	0	0	0	0	0	0	0	0	0	0
0	total	2016-06-01	0	0	0	0	0	0	0	0	0	0	0	0
0	total	2016-07-01	0	0	0	0	0	0	0	0	0	0	0	0
0	total	2016-08-01	0	0	0	0	0	0	0	0	0	0	0	0
0	total	2016-09-01	0	0	0	0	0	0	0	0	0	0	0	0
0	total	2016-10-01	0	0	0	0	0	0	0	0	0	0	0	0
0	total	2016-11-01	0	0	0	0	0	0	0	0	0	0	0	0
0	total	2016-12-01	0	0	0	0	0	0	0	0	0	0	0	0
